gender,highest_education,imd_band,age_band,num_of_prev_attempts,studied_credits,disability,dropout,date_registration,avg_score,num_assessments_submitted,score_std,total_clicks,num_days_active,num_vle_resources,avg_clicks_per_day,module_presentation_length,region_East Midlands Region,region_Ireland,region_London Region,region_North Region,region_North Western Region,region_Scotland,region_South East Region,region_South Region,region_South West Region,region_Wales,region_West Midlands Region,region_Yorkshire Region
0,1,2.0,0,2,60,0,1,-47.0,67.0,1.0,0.0,53.0,6.0,7.0,2.5238095238095237,240,0,0,0,0,0,0,0,0,0,0,0,0
0,1,2.0,0,0,120,0,0,-73.0,59.0,1.0,0.0,85.0,8.0,12.0,2.8333333333333335,240,0,0,0,0,0,0,0,0,0,0,0,0
1,1,0.0,0,2,120,1,1,-58.0,73.0,1.0,0.0,187.0,9.0,18.0,3.0655737704918034,240,0,0,0,0,0,1,0,0,0,0,0,0
1,1,6.0,0,0,120,0,1,-24.0,60.0,1.0,0.0,212.0,10.0,22.0,2.5238095238095237,240,0,0,0,0,0,0,0,1,0,0,0,0
1,2,3.0,1,0,60,0,0,-60.0,88.0,1.0,0.0,1193.0,39.0,55.0,3.286501377410468,240,0,0,0,1,0,0,0,0,0,0,0,0
0,2,,0,1,60,0,1,-23.0,58.0,1.0,0.0,404.0,19.0,14.0,3.543859649122807,240,0,0,1,0,0,0,0,0,0,0,0,0
0,2,0.0,1,2,120,0,0,-58.0,73.0,1.0,0.0,162.0,11.0,23.0,2.16,240,0,1,0,0,0,0,0,0,0,0,0,0
1,2,7.0,1,0,120,1,1,-16.0,95.0,1.0,0.0,176.0,11.0,19.0,2.983050847457627,240,0,0,0,0,0,1,0,0,0,0,0,0
0,1,,0,1,150,0,1,-43.0,71.0,1.0,0.0,43.0,5.0,11.0,1.7916666666666667,240,1,0,0,0,0,0,0,0,0,0,0,0
0,2,5.0,0,0,60,0,0,-65.0,64.0,1.0,0.0,42.0,2.0,7.0,2.625,240,0,0,1,0,0,0,0,0,0,0,0,0
0,1,3.0,0,0,60,0,1,-53.0,71.0,1.0,0.0,19.0,3.0,5.0,1.7272727272727273,240,0,0,0,0,0,0,0,0,0,0,0,0
0,1,5.0,0,0,120,0,0,-22.0,78.0,1.0,0.0,112.0,6.0,17.0,2.6666666666666665,240,0,0,0,0,0,1,0,0,0,0,0,0
0,1,0.0,0,0,60,1,1,-53.0,61.0,1.0,0.0,46.0,7.0,10.0,1.84,240,0,0,0,0,0,1,0,0,0,0,0,0
0,1,5.0,1,0,60,0,1,-117.0,72.0,1.0,0.0,867.0,14.0,31.0,5.78,240,1,0,0,0,0,0,0,0,0,0,0,0
0,2,4.0,0,2,90,0,1,-58.0,75.0,1.0,0.0,79.0,4.0,18.0,2.323529411764706,240,0,0,0,0,0,0,0,0,0,0,1,0
0,2,2.0,0,0,60,0,1,-45.0,75.0,1.0,0.0,244.0,11.0,14.0,3.536231884057971,240,0,0,0,0,1,0,0,0,0,0,0,0
0,3,7.0,1,0,240,0,0,-17.0,81.0,1.0,0.0,55.0,5.0,10.0,2.75,240,0,0,0,0,0,0,1,0,0,0,0,0
0,2,5.0,0,1,150,0,1,-19.0,0.0,0.0,0.0,60.0,8.0,14.0,1.5,240,0,0,0,0,1,0,0,0,0,0,0,0
0,1,4.0,0,0,90,0,0,-64.0,90.0,1.0,0.0,992.0,28.0,39.0,4.048979591836734,240,0,0,0,1,0,0,0,0,0,0,0,0
0,1,0.0,0,0,180,0,0,2.0,78.0,1.0,0.0,79.0,9.0,14.0,2.135135135135135,240,0,0,0,0,1,0,0,0,0,0,0,0
0,1,6.0,1,0,60,0,0,-24.0,65.0,1.0,0.0,69.0,7.0,19.0,1.6829268292682926,240,0,0,0,0,0,0,0,0,0,0,0,0
0,1,4.0,0,0,60,0,1,-28.0,75.0,1.0,0.0,167.0,13.0,18.0,2.0875,240,0,0,0,0,0,0,0,0,0,0,0,0
0,1,2.0,1,4,120,1,1,-24.0,0.0,0.0,0.0,0.0,0.0,0.0,0.0,240,0,0,1,0,0,0,0,0,0,0,0,0
0,1,2.0,0,0,180,0,0,-19.0,73.0,1.0,0.0,105.0,12.0,14.0,2.3333333333333335,240,0,0,0,0,0,0,0,0,0,1,0,0
0,1,5.0,0,0,60,0,0,-60.0,68.0,1.0,0.0,152.0,8.0,16.0,2.375,240,0,0,0,0,0,0,0,0,0,0,0,0
0,3,,1,0,60,0,0,-51.0,77.0,1.0,0.0,115.0,8.0,18.0,2.1296296296296298,240,0,0,1,0,0,0,0,0,0,0,0,0
1,2,5.0,0,0,120,0,0,-27.0,79.5,2.0,3.5355339059327378,322.0,26.0,37.0,2.4210526315789473,240,0,0,0,0,0,0,0,0,0,1,0,0
0,2,6.0,1,0,60,0,0,-92.0,87.0,1.0,0.0,191.0,14.0,20.0,2.6901408450704225,240,0,0,0,0,1,0,0,0,0,0,0,0
0,3,5.0,1,0,60,0,1,-15.0,0.0,0.0,0.0,68.0,2.0,4.0,5.230769230769231,240,0,0,0,0,0,0,0,0,0,1,0,0
1,2,3.0,1,0,75,0,0,-66.0,81.0,1.0,0.0,321.0,28.0,21.0,2.568,240,1,0,0,0,0,0,0,0,0,0,0,0
0,2,4.0,1,0,60,0,0,-19.0,78.0,1.0,0.0,207.0,9.0,18.0,2.835616438356164,240,0,0,0,0,0,0,0,0,0,0,0,1
0,1,6.0,0,0,60,0,1,-96.0,67.0,1.0,0.0,241.0,11.0,27.0,2.386138613861386,240,0,0,0,0,0,0,0,0,0,0,0,0
0,2,2.0,0,0,60,0,0,-65.0,62.0,1.0,0.0,253.0,20.0,16.0,3.0853658536585367,240,0,0,0,0,0,0,0,0,0,0,0,0
0,3,,1,0,120,0,0,-227.0,70.0,1.0,0.0,304.0,21.0,20.0,3.340659340659341,240,0,0,0,0,0,0,0,0,0,1,0,0
0,1,,0,3,135,0,0,-43.0,63.0,1.0,0.0,235.0,17.0,25.0,2.7325581395348837,240,0,0,0,0,0,0,0,0,0,0,0,0
0,1,8.0,0,1,60,0,1,-22.0,70.0,1.0,0.0,41.0,6.0,13.0,1.4642857142857142,240,0,0,0,0,0,0,0,1,0,0,0,0
0,1,7.0,0,0,60,0,1,-51.0,0.0,0.0,0.0,103.0,4.0,18.0,2.2888888888888888,240,0,0,0,0,0,0,0,1,0,0,0,0
0,2,2.0,0,0,60,0,0,-50.0,85.0,1.0,0.0,175.0,7.0,25.0,2.8688524590163933,240,0,0,0,1,0,0,0,0,0,0,0,0
0,3,3.0,1,0,60,0,0,-22.0,74.0,1.0,0.0,9.0,1.0,3.0,1.8,240,0,0,0,0,0,1,0,0,0,0,0,0
0,1,9.0,1,0,120,0,0,-19.0,87.0,1.0,0.0,580.0,20.0,27.0,4.793388429752066,240,0,0,0,0,0,0,1,0,0,0,0,0
0,1,3.0,1,0,120,1,0,-53.0,87.0,1.0,0.0,1068.0,37.0,21.0,4.395061728395062,240,0,0,0,0,0,0,0,1,0,0,0,0
0,2,7.0,0,0,60,0,0,-108.0,73.0,1.0,0.0,144.0,11.0,13.0,3.272727272727273,240,0,1,0,0,0,0,0,0,0,0,0,0
0,3,6.0,0,0,120,0,0,-44.0,87.0,1.0,0.0,132.0,13.0,17.0,1.9701492537313432,240,0,0,0,0,0,0,0,0,0,1,0,0
0,2,4.0,0,0,60,0,0,-43.0,75.0,1.0,0.0,309.0,17.0,31.0,2.395348837209302,240,0,0,0,0,0,0,0,0,0,0,0,0
0,3,2.0,1,0,60,0,0,-28.0,83.0,1.0,0.0,335.0,23.0,21.0,3.284313725490196,240,0,0,0,0,0,1,0,0,0,0,0,0
1,2,4.0,1,0,60,0,1,-25.0,0.0,0.0,0.0,0.0,0.0,0.0,0.0,240,0,0,1,0,0,0,0,0,0,0,0,0
0,1,3.0,1,0,70,1,1,-19.0,0.0,0.0,0.0,365.0,11.0,45.0,3.411214953271028,240,0,0,1,0,0,0,0,0,0,0,0,0
0,1,2.0,0,2,120,0,1,-68.0,0.0,0.0,0.0,0.0,0.0,0.0,0.0,240,0,0,0,0,0,0,0,0,0,1,0,0
0,2,7.0,1,0,60,1,0,-29.0,60.0,1.0,0.0,382.0,23.0,37.0,2.1340782122905027,240,0,0,0,0,0,0,0,0,0,0,0,0
0,2,,1,1,60,0,0,-106.0,81.66666666666667,3.0,17.55942292142123,78.0,7.0,7.0,3.0,240,0,0,0,0,0,1,0,0,0,0,0,0
0,1,0.0,0,2,60,1,1,-124.0,0.0,0.0,0.0,6.0,6.0,1.0,1.0,240,0,0,0,0,0,0,0,0,0,0,1,0
0,3,5.0,1,0,60,0,0,-55.0,87.0,1.0,0.0,243.0,11.0,12.0,3.9836065573770494,240,0,0,0,0,0,0,0,0,0,0,0,1
0,1,3.0,0,0,60,0,1,-24.0,0.0,0.0,0.0,0.0,0.0,0.0,0.0,240,0,0,0,0,0,0,0,0,0,1,0,0
0,1,0.0,1,0,70,0,1,-61.0,74.0,1.0,0.0,218.0,18.0,25.0,2.8684210526315788,240,0,0,0,0,0,1,0,0,0,0,0,0
0,2,0.0,0,0,120,0,1,-47.0,58.0,1.0,0.0,213.0,15.0,16.0,2.597560975609756,240,1,0,0,0,0,0,0,0,0,0,0,0
0,1,3.0,1,0,60,0,1,-23.0,70.0,1.0,0.0,89.0,6.0,13.0,2.4722222222222223,240,0,0,0,0,0,0,0,0,0,0,0,0
0,2,5.0,0,0,120,1,0,-16.0,74.0,1.0,0.0,234.0,15.0,24.0,3.0,240,0,0,1,0,0,0,0,0,0,0,0,0
1,2,2.0,0,0,60,0,0,-45.0,77.0,1.0,0.0,215.0,18.0,19.0,2.4157303370786516,240,1,0,0,0,0,0,0,0,0,0,0,0
1,2,3.0,0,0,60,0,1,-53.0,84.0,1.0,0.0,94.0,8.0,30.0,1.709090909090909,240,0,0,0,0,0,0,0,0,1,0,0,0
0,2,9.0,0,0,60,1,0,-23.0,86.0,1.0,0.0,100.0,6.0,16.0,2.272727272727273,240,1,0,0,0,0,0,0,0,0,0,0,0
0,1,4.0,0,1,60,0,1,-93.0,67.0,1.0,0.0,191.0,4.0,19.0,4.2444444444444445,240,0,0,0,0,0,0,0,0,0,0,0,0
1,2,2.0,0,0,60,0,0,-8.0,72.0,1.0,0.0,834.0,32.0,31.0,3.376518218623482,240,0,0,0,0,0,0,0,0,0,0,1,0
0,1,,1,0,60,0,0,-104.0,73.0,1.0,0.0,32.0,3.0,3.0,3.5555555555555554,240,0,0,0,0,1,0,0,0,0,0,0,0
0,1,4.0,1,1,120,0,0,-82.0,90.0,1.0,0.0,155.0,15.0,13.0,2.3134328358208953,240,0,0,0,0,0,0,0,0,1,0,0,0
0,1,0.0,0,1,120,0,1,-166.0,83.0,1.0,0.0,147.0,13.0,14.0,2.370967741935484,240,0,0,0,0,0,0,0,0,0,0,1,0
0,1,7.0,0,0,60,0,0,-19.0,76.0,1.0,0.0,67.0,9.0,11.0,1.763157894736842,240,0,0,0,0,0,0,1,0,0,0,0,0
0,2,5.0,0,0,60,0,1,-17.0,79.0,1.0,0.0,36.0,2.0,8.0,2.769230769230769,240,0,0,0,0,0,0,0,0,0,0,0,1
0,3,5.0,0,0,60,0,0,-34.0,83.0,1.0,0.0,205.0,13.0,10.0,3.106060606060606,240,0,0,0,0,1,0,0,0,0,0,0,0
0,2,4.0,1,0,60,0,0,-135.0,80.0,1.0,0.0,243.0,17.0,28.0,2.479591836734694,240,0,0,1,0,0,0,0,0,0,0,0,0
0,1,0.0,0,1,60,0,1,-27.0,40.0,1.0,0.0,80.0,9.0,18.0,2.1052631578947367,240,0,0,0,0,1,0,0,0,0,0,0,0
1,2,5.0,1,0,60,0,0,-25.0,80.0,1.0,0.0,462.0,21.0,33.0,3.9827586206896552,240,0,0,0,0,0,0,0,0,0,1,0,0
0,2,3.0,0,0,60,0,1,-50.0,70.0,1.0,0.0,169.0,11.0,27.0,2.414285714285714,240,0,0,0,0,0,0,0,0,0,0,0,0
0,1,2.0,1,0,120,0,1,-46.0,65.0,1.0,0.0,365.0,22.0,31.0,3.093220338983051,240,0,0,0,0,0,0,0,0,0,0,0,0
0,1,6.0,0,2,120,0,1,-90.0,0.0,0.0,0.0,0.0,0.0,0.0,0.0,240,0,0,0,0,0,0,0,0,0,0,1,0
0,2,,0,0,60,0,1,-99.0,60.0,1.0,0.0,383.0,9.0,27.0,4.3522727272727275,240,0,0,1,0,0,0,0,0,0,0,0,0
0,1,4.0,0,1,60,0,1,-61.0,73.0,1.0,0.0,103.0,8.0,14.0,2.239130434782609,240,0,0,0,0,1,0,0,0,0,0,0,0
0,2,6.0,0,0,60,0,1,-68.0,60.0,1.0,0.0,152.0,8.0,22.0,2.4516129032258065,240,0,0,0,0,0,0,0,0,1,0,0,0
0,1,0.0,1,2,120,0,0,-43.0,71.0,1.0,0.0,79.0,7.0,20.0,1.9268292682926829,240,0,0,0,0,0,0,0,0,0,0,0,0
0,2,8.0,1,1,225,1,1,-104.0,95.0,3.0,8.660254037844387,143.0,6.0,11.0,4.333333333333333,240,0,0,0,0,0,0,0,0,1,0,0,0
0,1,4.0,1,1,120,0,1,-87.0,0.0,0.0,0.0,0.0,0.0,0.0,0.0,240,0,0,0,0,0,0,0,0,0,0,1,0
0,1,3.0,1,2,60,0,0,-54.0,79.0,1.0,0.0,641.0,27.0,24.0,4.108974358974359,240,0,0,0,0,0,1,0,0,0,0,0,0
0,3,4.0,1,1,60,0,1,-11.0,60.0,1.0,0.0,134.0,12.0,15.0,2.576923076923077,240,0,0,0,0,0,0,0,0,0,0,0,1
0,2,,1,2,120,1,1,-117.0,0.0,0.0,0.0,30.0,2.0,10.0,1.875,240,0,0,0,0,1,0,0,0,0,0,0,0
0,1,0.0,0,2,60,0,1,-15.0,53.0,1.0,0.0,132.0,8.0,21.0,2.4444444444444446,240,0,0,0,0,0,0,0,0,0,0,0,1
0,1,,1,1,120,1,1,-127.0,50.0,1.0,0.0,329.0,17.0,15.0,3.8255813953488373,240,0,0,0,0,1,0,0,0,0,0,0,0
1,1,5.0,0,0,120,0,0,-19.0,87.0,1.0,0.0,288.0,25.0,20.0,3.0,240,0,0,0,0,0,0,1,0,0,0,0,0
1,2,7.0,1,0,120,0,0,-74.0,80.0,1.0,0.0,413.0,20.0,30.0,3.3852459016393444,240,0,0,0,0,0,0,0,0,0,1,0,0
0,1,,1,0,60,1,0,-25.0,70.0,1.0,0.0,636.0,23.0,23.0,3.975,240,0,0,0,0,0,0,0,0,0,1,0,0
0,3,3.0,1,0,60,0,0,-24.0,75.0,1.0,0.0,207.0,14.0,23.0,2.4642857142857144,240,0,0,1,0,0,0,0,0,0,0,0,0
1,1,5.0,1,0,60,0,0,-29.0,89.0,1.0,0.0,770.0,24.0,47.0,3.3771929824561404,240,0,0,0,0,0,0,0,0,0,0,0,1
0,3,4.0,0,0,60,0,0,-22.0,75.0,1.0,0.0,281.0,23.0,17.0,2.86734693877551,240,0,0,0,0,0,1,0,0,0,0,0,0
0,3,0.0,0,1,60,0,1,-121.0,66.0,1.0,0.0,554.0,15.0,30.0,3.317365269461078,240,0,0,1,0,0,0,0,0,0,0,0,0
0,2,6.0,0,1,120,0,1,-117.0,85.0,1.0,0.0,77.0,6.0,23.0,1.925,240,0,0,0,0,0,0,0,0,1,0,0,0
0,1,7.0,0,0,60,0,0,-34.0,79.0,1.0,0.0,261.0,15.0,24.0,3.0,240,0,0,0,0,0,0,0,0,0,0,1,0
0,2,2.0,0,0,180,1,1,-22.0,0.0,0.0,0.0,26.0,5.0,9.0,1.3,240,0,0,0,0,0,0,0,0,0,0,0,0
0,2,0.0,0,0,120,0,0,-25.0,78.0,1.0,0.0,197.0,15.0,14.0,3.396551724137931,240,0,0,1,0,0,0,0,0,0,0,0,0
0,1,,1,1,60,0,1,-58.0,0.0,0.0,0.0,0.0,0.0,0.0,0.0,240,0,0,0,0,0,1,0,0,0,0,0,0
1,2,7.0,1,0,60,0,1,-115.0,78.0,1.0,0.0,92.0,11.0,9.0,2.4864864864864864,240,0,0,0,0,0,0,0,0,0,1,0,0
0,2,4.0,0,0,60,0,0,-72.0,81.0,1.0,0.0,277.0,21.0,22.0,2.4732142857142856,240,0,0,0,0,0,0,1,0,0,0,0,0
0,2,9.0,0,0,60,0,0,-34.0,69.0,1.0,0.0,168.0,11.0,25.0,2.3333333333333335,240,0,0,0,0,0,0,0,0,0,0,0,0
0,1,2.0,0,0,60,0,0,-25.0,75.0,1.0,0.0,82.0,10.0,15.0,2.0,240,0,0,0,0,0,0,0,0,0,0,1,0
0,1,8.0,0,0,60,0,0,-108.0,75.0,1.0,0.0,161.0,14.0,18.0,3.22,240,0,0,0,0,0,0,0,0,0,1,0,0
0,1,4.0,0,1,60,1,1,-85.0,61.0,1.0,0.0,372.0,29.0,23.0,2.5135135135135136,240,0,0,0,0,1,0,0,0,0,0,0,0
1,2,0.0,0,0,60,0,1,-17.0,45.0,1.0,0.0,59.0,8.0,11.0,1.84375,240,0,0,0,1,0,0,0,0,0,0,0,0
0,2,2.0,0,1,60,0,1,-12.0,88.0,1.0,0.0,680.0,31.0,23.0,3.675675675675676,240,0,0,0,0,1,0,0,0,0,0,0,0
0,1,0.0,0,0,180,0,1,-89.0,75.0,1.0,0.0,164.0,17.0,18.0,2.7796610169491527,240,0,0,0,0,1,0,0,0,0,0,0,0
0,1,,1,1,60,0,1,-44.0,86.0,1.0,0.0,360.0,15.0,20.0,3.4285714285714284,240,0,0,0,0,1,0,0,0,0,0,0,0
1,1,7.0,0,0,60,0,1,-79.0,85.0,1.0,0.0,228.0,15.0,25.0,2.533333333333333,240,0,0,0,0,0,0,1,0,0,0,0,0
0,2,5.0,0,0,60,0,0,-101.0,77.0,1.0,0.0,194.0,11.0,17.0,3.5272727272727273,240,0,0,0,0,0,0,0,0,0,0,0,1
0,2,2.0,1,0,60,0,0,-162.0,59.0,1.0,0.0,110.0,2.0,16.0,3.793103448275862,240,1,0,0,0,0,0,0,0,0,0,0,0
0,1,,0,0,60,0,0,-93.0,82.0,1.0,0.0,106.0,12.0,12.0,2.0384615384615383,240,0,0,0,0,0,1,0,0,0,0,0,0
0,2,8.0,0,2,120,1,1,-17.0,78.0,1.0,0.0,112.0,10.0,6.0,2.6666666666666665,240,0,0,0,0,0,1,0,0,0,0,0,0
0,2,4.0,0,1,60,0,1,-24.0,0.0,0.0,0.0,1162.0,24.0,28.0,7.0,240,0,0,0,1,0,0,0,0,0,0,0,0
0,1,9.0,0,0,60,0,0,-24.0,80.0,1.0,0.0,328.0,14.0,50.0,2.624,240,0,0,0,0,0,0,0,0,0,0,1,0
0,1,5.0,1,2,60,0,0,-51.0,49.0,1.0,0.0,207.0,10.0,19.0,2.9571428571428573,240,0,0,1,0,0,0,0,0,0,0,0,0
0,1,0.0,0,2,60,1,1,-24.0,30.0,1.0,0.0,578.0,16.0,26.0,4.313432835820896,240,0,0,0,0,1,0,0,0,0,0,0,0
0,2,4.0,0,1,120,1,1,-88.0,70.0,1.0,0.0,80.0,14.0,9.0,2.1621621621621623,240,0,0,0,0,0,0,0,1,0,0,0,0
0,2,4.0,0,0,60,0,0,-59.0,84.0,1.0,0.0,136.0,10.0,32.0,1.9154929577464788,240,0,0,0,1,0,0,0,0,0,0,0,0
0,1,4.0,1,0,325,0,0,-107.0,73.0,1.0,0.0,2189.0,39.0,61.0,4.657446808510638,240,0,1,0,0,0,0,0,0,0,0,0,0
0,1,,0,2,120,0,1,-53.0,80.0,1.0,0.0,254.0,7.0,18.0,4.7924528301886795,240,0,0,0,0,1,0,0,0,0,0,0,0
0,2,0.0,0,1,120,0,0,-131.0,80.0,1.0,0.0,288.0,17.0,24.0,2.4827586206896552,240,0,0,0,0,0,0,0,0,0,0,1,0
0,1,2.0,1,0,120,0,1,-19.0,0.0,0.0,0.0,5.0,2.0,4.0,1.0,240,0,1,0,0,0,0,0,0,0,0,0,0
0,1,2.0,0,1,180,0,1,-23.0,64.0,1.0,0.0,580.0,36.0,22.0,3.4939759036144578,240,0,0,0,0,0,0,0,0,0,0,0,1
0,1,,0,0,60,0,1,-30.0,0.0,0.0,0.0,22.0,4.0,9.0,1.2941176470588236,240,0,0,0,0,0,0,0,0,1,0,0,0
0,2,2.0,0,1,60,0,0,-34.0,85.0,1.0,0.0,109.0,17.0,8.0,2.2244897959183674,240,0,0,0,1,0,0,0,0,0,0,0,0
0,1,8.0,1,3,60,0,0,-9.0,62.0,1.0,0.0,70.0,6.0,7.0,2.1875,240,0,1,0,0,0,0,0,0,0,0,0,0
0,1,3.0,1,0,120,0,0,-19.0,80.0,1.0,0.0,168.0,14.0,15.0,2.5846153846153848,240,0,0,0,0,0,0,0,0,1,0,0,0
0,2,4.0,0,0,60,0,0,-16.0,80.0,1.0,0.0,197.0,15.0,25.0,2.432098765432099,240,0,0,0,0,0,0,1,0,0,0,0,0
1,1,0.0,1,0,60,0,1,-28.0,58.0,1.0,0.0,85.0,6.0,16.0,2.5,240,0,0,1,0,0,0,0,0,0,0,0,0
0,2,6.0,0,0,120,0,0,-256.0,90.0,1.0,0.0,488.0,32.0,17.0,3.8125,240,0,0,0,0,0,0,0,0,0,0,1,0
0,3,3.0,0,1,60,1,0,-89.0,73.0,1.0,0.0,164.0,11.0,15.0,2.1298701298701297,240,0,0,0,0,0,1,0,0,0,0,0,0
0,2,6.0,0,0,60,0,0,-45.0,82.0,1.0,0.0,162.0,13.0,16.0,2.3142857142857145,240,0,0,0,0,0,0,1,0,0,0,0,0
0,2,9.0,0,0,180,0,1,-53.0,0.0,0.0,0.0,67.0,5.0,4.0,3.0454545454545454,240,1,0,0,0,0,0,0,0,0,0,0,0
0,1,,0,0,60,0,0,-16.0,60.0,1.0,0.0,642.0,26.0,15.0,4.36734693877551,240,0,0,0,0,0,0,0,0,0,1,0,0
0,2,7.0,0,0,120,0,0,-28.0,71.0,1.0,0.0,121.0,10.0,19.0,2.42,240,0,0,0,0,0,0,0,1,0,0,0,0
0,3,2.0,0,1,120,1,1,-25.0,61.0,1.0,0.0,126.0,8.0,25.0,2.032258064516129,240,0,0,0,0,0,0,0,0,0,0,1,0
0,3,5.0,1,0,90,0,0,-43.0,83.0,1.0,0.0,163.0,23.0,6.0,2.3285714285714287,240,0,0,0,0,0,0,0,0,0,1,0,0
0,1,5.0,0,3,120,1,1,-82.0,78.0,3.0,23.065125189341593,11.0,2.0,2.0,1.8333333333333333,240,0,0,0,0,0,0,0,0,1,0,0,0
1,3,4.0,1,1,60,0,1,-47.0,51.0,1.0,0.0,45.0,1.0,7.0,3.4615384615384617,240,0,0,0,0,0,0,0,0,0,0,1,0
0,2,8.0,0,0,120,0,0,-43.0,74.0,1.0,0.0,53.0,8.0,12.0,2.12,240,0,1,0,0,0,0,0,0,0,0,0,0
0,1,,1,0,120,0,0,-156.0,61.0,1.0,0.0,194.0,17.0,25.0,2.255813953488372,240,0,0,0,0,0,0,0,0,0,0,1,0
0,1,3.0,0,0,90,0,0,-68.0,71.0,1.0,0.0,131.0,12.0,20.0,2.0793650793650795,240,0,0,0,0,0,0,0,0,0,0,0,0
0,1,8.0,0,0,60,0,1,-50.0,71.0,1.0,0.0,203.0,21.0,18.0,2.506172839506173,240,0,0,0,0,0,0,0,1,0,0,0,0
0,2,,0,2,300,0,0,-233.0,65.0,1.0,0.0,266.0,8.0,34.0,3.022727272727273,240,0,0,1,0,0,0,0,0,0,0,0,0
1,2,9.0,0,0,60,0,1,-65.0,62.0,1.0,0.0,52.0,4.0,9.0,2.1666666666666665,240,0,0,0,0,0,0,0,0,0,1,0,0
0,2,9.0,0,0,120,0,0,-12.0,83.0,1.0,0.0,124.0,6.0,23.0,2.5833333333333335,240,0,0,0,0,0,1,0,0,0,0,0,0
0,2,,0,1,60,0,0,-170.0,88.0,1.0,0.0,429.0,27.0,20.0,3.4047619047619047,240,0,0,0,1,0,0,0,0,0,0,0,0
0,3,3.0,1,1,120,0,0,-100.0,67.0,1.0,0.0,178.0,6.0,80.0,1.816326530612245,240,0,0,0,0,0,0,0,0,0,0,0,0
0,2,7.0,0,2,130,0,0,-21.0,73.0,1.0,0.0,163.0,14.0,25.0,2.3970588235294117,240,0,0,0,1,0,0,0,0,0,0,0,0
0,2,4.0,1,1,60,1,1,-128.0,0.0,0.0,0.0,0.0,0.0,0.0,0.0,240,0,0,0,0,0,0,0,1,0,0,0,0
0,2,6.0,0,0,60,0,1,-53.0,0.0,0.0,0.0,12.0,2.0,4.0,1.7142857142857142,240,0,0,0,0,0,0,0,0,0,0,0,0
0,1,9.0,0,0,150,0,0,-79.0,65.0,1.0,0.0,44.0,6.0,14.0,1.4666666666666666,240,0,0,0,0,0,0,0,1,0,0,0,0
0,1,4.0,0,0,60,0,0,-44.0,60.0,1.0,0.0,76.0,3.0,5.0,5.066666666666666,240,0,0,1,0,0,0,0,0,0,0,0,0
1,1,9.0,1,3,195,0,0,-193.0,65.0,1.0,0.0,164.0,14.0,19.0,3.037037037037037,240,0,0,0,0,0,0,1,0,0,0,0,0
0,1,0.0,0,2,60,0,0,-16.0,71.0,1.0,0.0,205.0,14.0,27.0,2.7333333333333334,240,1,0,0,0,0,0,0,0,0,0,0,0
0,1,2.0,0,3,180,0,1,-16.0,65.0,1.0,0.0,57.0,7.0,3.0,2.590909090909091,240,0,0,0,0,0,0,0,0,0,0,0,0
0,1,2.0,1,1,60,0,1,-61.0,68.0,1.0,0.0,72.0,9.0,9.0,2.4827586206896552,240,0,0,0,0,0,0,0,0,0,0,0,1
0,2,4.0,0,0,60,0,0,-74.0,87.0,1.0,0.0,209.0,20.0,22.0,2.7866666666666666,240,0,0,0,0,0,0,0,1,0,0,0,0
0,2,4.0,1,1,60,0,0,-79.0,80.0,1.0,0.0,115.0,12.0,14.0,2.2549019607843137,240,0,0,0,0,0,0,0,0,1,0,0,0
0,2,3.0,1,0,60,0,0,-18.0,73.0,1.0,0.0,716.0,32.0,24.0,3.1130434782608694,240,0,0,0,0,0,0,1,0,0,0,0,0
0,2,2.0,0,0,150,0,0,-24.0,85.0,1.0,0.0,440.0,20.0,24.0,4.190476190476191,240,0,0,0,0,0,0,0,0,0,1,0,0
0,1,2.0,0,0,60,0,1,-29.0,59.0,1.0,0.0,327.0,15.0,32.0,3.1142857142857143,240,0,0,1,0,0,0,0,0,0,0,0,0
0,4,9.0,1,0,120,0,0,-81.0,82.0,1.0,0.0,262.0,22.0,23.0,1.9407407407407407,240,0,0,0,0,0,0,0,1,0,0,0,0
0,2,9.0,0,0,60,0,1,-85.0,0.0,0.0,0.0,0.0,0.0,0.0,0.0,240,0,0,0,0,0,1,0,0,0,0,0,0
0,1,2.0,0,0,150,0,1,-23.0,87.0,1.0,0.0,277.0,22.0,24.0,2.6132075471698113,240,0,0,0,0,0,0,0,0,0,1,0,0
0,2,,0,0,60,0,1,-136.0,0.0,0.0,0.0,0.0,0.0,0.0,0.0,240,0,0,0,0,0,0,0,0,0,0,1,0
0,1,6.0,1,0,60,0,1,-36.0,75.0,1.0,0.0,1200.0,35.0,21.0,5.333333333333333,240,0,0,0,0,0,0,0,0,0,1,0,0
0,2,7.0,0,0,180,0,0,-166.0,73.0,1.0,0.0,44.0,9.0,5.0,2.2,240,0,0,0,0,0,0,0,0,0,0,0,0
0,1,0.0,0,0,60,0,0,-104.0,65.0,1.0,0.0,202.0,18.0,15.0,2.493827160493827,240,0,0,0,0,0,0,0,0,0,0,0,1
0,2,0.0,0,0,90,0,1,-66.0,64.0,1.0,0.0,90.0,9.0,17.0,2.0930232558139537,240,0,0,1,0,0,0,0,0,0,0,0,0
1,3,2.0,0,0,120,0,0,-64.0,75.0,1.0,0.0,72.0,6.0,12.0,2.769230769230769,240,0,0,0,0,0,1,0,0,0,0,0,0
0,1,8.0,0,2,60,0,1,-89.0,50.0,1.0,0.0,172.0,11.0,17.0,2.7301587301587302,240,0,0,0,0,0,0,0,0,0,0,1,0
1,2,8.0,0,0,60,0,0,-53.0,85.0,1.0,0.0,244.0,21.0,22.0,2.595744680851064,240,0,0,0,0,0,0,0,1,0,0,0,0
0,2,2.0,0,0,60,0,0,-16.0,75.0,1.0,0.0,198.0,13.0,20.0,2.4146341463414633,240,0,0,0,0,1,0,0,0,0,0,0,0
0,2,2.0,1,0,120,0,0,-260.0,80.0,1.0,0.0,327.0,19.0,24.0,3.40625,240,0,0,0,0,0,0,0,0,1,0,0,0
0,1,,0,2,240,0,1,-24.0,50.0,1.0,0.0,311.0,15.0,27.0,3.3085106382978724,240,0,0,0,0,0,0,0,0,0,0,0,0
0,1,8.0,0,0,105,0,1,-137.0,85.0,1.0,0.0,161.0,16.0,11.0,2.7288135593220337,240,0,0,0,0,1,0,0,0,0,0,0,0
0,1,4.0,0,1,90,0,1,-22.0,75.0,1.0,0.0,284.0,13.0,21.0,3.4634146341463414,240,0,0,0,0,0,0,0,0,1,0,0,0
0,1,2.0,0,0,60,0,1,-29.0,53.0,1.0,0.0,114.0,10.0,18.0,2.150943396226415,240,0,0,0,0,0,0,0,0,1,0,0,0
0,2,4.0,0,0,240,0,1,-53.0,51.0,1.0,0.0,31.0,2.0,12.0,2.3846153846153846,240,0,0,0,0,0,0,0,0,1,0,0,0
0,1,5.0,0,3,150,0,1,-102.0,0.0,0.0,0.0,112.0,6.0,17.0,2.24,240,0,0,0,0,0,0,0,0,0,1,0,0
0,2,3.0,0,0,90,0,1,-29.0,65.0,1.0,0.0,126.0,18.0,15.0,2.210526315789474,240,0,0,0,0,0,0,1,0,0,0,0,0
0,1,2.0,0,1,120,0,1,-24.0,35.0,1.0,0.0,200.0,9.0,22.0,3.076923076923077,240,1,0,0,0,0,0,0,0,0,0,0,0
0,1,4.0,0,1,120,0,0,-16.0,67.0,1.0,0.0,29.0,2.0,6.0,2.4166666666666665,240,0,0,0,0,0,1,0,0,0,0,0,0
0,2,,0,0,60,0,1,-22.0,63.0,1.0,0.0,69.0,5.0,16.0,2.3,240,0,0,0,0,0,0,0,0,1,0,0,0
0,2,4.0,0,0,60,0,0,-179.0,85.0,1.0,0.0,122.0,11.0,19.0,2.7111111111111112,240,1,0,0,0,0,0,0,0,0,0,0,0
0,1,2.0,0,0,60,0,1,-94.0,0.0,0.0,0.0,35.0,2.0,8.0,2.6923076923076925,240,0,0,0,0,1,0,0,0,0,0,0,0
0,3,0.0,0,0,60,0,1,-73.0,86.0,1.0,0.0,152.0,11.0,20.0,2.533333333333333,240,0,1,0,0,0,0,0,0,0,0,0,0
1,2,3.0,1,0,60,0,1,-97.0,75.0,1.0,0.0,256.0,20.0,23.0,2.782608695652174,240,0,0,0,0,0,0,0,0,0,0,1,0
1,3,6.0,0,0,60,0,1,-64.0,83.0,1.0,0.0,69.0,8.0,12.0,2.15625,240,0,0,0,0,0,0,0,1,0,0,0,0
0,1,4.0,0,0,60,1,1,-29.0,70.0,1.0,0.0,32.0,2.0,14.0,1.8823529411764706,240,0,0,0,0,0,0,0,0,0,1,0,0
0,2,4.0,0,0,180,1,0,-36.0,65.0,1.0,0.0,146.0,14.0,29.0,2.0277777777777777,240,0,0,0,0,0,0,0,1,0,0,0,0
0,3,8.0,1,0,60,0,1,-127.0,72.0,1.0,0.0,675.0,28.0,19.0,4.411764705882353,240,0,0,0,1,0,0,0,0,0,0,0,0
0,2,7.0,1,1,60,0,1,-16.0,0.0,0.0,0.0,12.0,1.0,3.0,3.0,240,0,0,1,0,0,0,0,0,0,0,0,0
0,1,2.0,0,0,60,0,1,-96.0,0.0,0.0,0.0,79.0,4.0,14.0,2.925925925925926,240,0,0,1,0,0,0,0,0,0,0,0,0
1,1,4.0,1,1,60,0,1,-55.0,78.0,1.0,0.0,68.0,4.0,14.0,2.0606060606060606,240,1,0,0,0,0,0,0,0,0,0,0,0
0,3,,0,0,120,0,0,-113.0,75.0,1.0,0.0,184.0,17.0,34.0,1.803921568627451,240,0,0,0,0,0,1,0,0,0,0,0,0
0,1,4.0,0,2,60,0,0,-54.0,68.0,1.0,0.0,208.0,13.0,14.0,3.466666666666667,240,1,0,0,0,0,0,0,0,0,0,0,0
0,1,3.0,0,1,120,0,1,-46.0,35.0,1.0,0.0,0.0,0.0,0.0,0.0,240,0,0,0,0,0,0,0,0,0,1,0,0
0,1,2.0,0,1,195,0,1,-87.0,75.0,1.0,0.0,22.0,3.0,6.0,2.0,240,0,1,0,0,0,0,0,0,0,0,0,0
0,2,2.0,1,0,60,0,0,-30.0,92.0,1.0,0.0,236.0,11.0,15.0,3.189189189189189,240,0,0,0,0,0,0,0,1,0,0,0,0
0,1,7.0,1,0,60,0,0,-73.0,73.0,1.0,0.0,797.0,31.0,36.0,4.744047619047619,240,0,0,0,0,0,0,0,0,0,1,0,0
0,1,0.0,1,0,120,0,1,-24.0,82.0,1.0,0.0,67.0,7.0,6.0,3.0454545454545454,240,0,0,0,0,0,1,0,0,0,0,0,0
0,1,0.0,0,0,60,0,1,-29.0,61.0,1.0,0.0,316.0,11.0,5.0,5.962264150943396,240,0,0,0,0,1,0,0,0,0,0,0,0
0,1,5.0,1,2,120,0,1,-266.0,0.0,0.0,0.0,0.0,0.0,0.0,0.0,240,1,0,0,0,0,0,0,0,0,0,0,0
0,1,5.0,0,0,60,0,1,-77.0,83.0,1.0,0.0,260.0,13.0,22.0,2.9885057471264367,240,1,0,0,0,0,0,0,0,0,0,0,0
0,2,8.0,1,1,120,0,1,-54.0,70.0,1.0,0.0,243.0,15.0,24.0,2.4545454545454546,240,0,0,0,0,0,0,0,0,0,0,0,1
0,2,4.0,0,0,180,0,1,-29.0,55.0,1.0,0.0,20.0,4.0,7.0,1.5384615384615385,240,0,0,0,0,0,0,0,0,0,1,0,0
0,1,5.0,1,0,60,0,1,-18.0,70.0,1.0,0.0,53.0,12.0,9.0,1.358974358974359,240,0,0,0,0,0,0,0,0,1,0,0,0
0,3,,0,2,180,0,1,-107.0,0.0,0.0,0.0,0.0,0.0,0.0,0.0,240,0,0,0,0,0,0,0,0,1,0,0,0
0,2,,0,0,90,0,1,-102.0,59.0,1.0,0.0,149.0,6.0,19.0,2.811320754716981,240,0,0,0,0,0,0,0,0,0,1,0,0
0,1,5.0,0,0,120,0,0,-22.0,93.0,1.0,0.0,402.0,26.0,27.0,2.662251655629139,240,0,0,0,0,0,0,0,0,1,0,0,0
0,2,0.0,0,0,240,1,1,-16.0,80.0,1.0,0.0,106.0,13.0,11.0,2.163265306122449,240,0,0,0,0,0,0,0,0,0,0,1,0
1,3,5.0,0,1,120,0,0,-86.0,82.0,1.0,0.0,287.0,25.0,25.0,2.3333333333333335,240,0,0,0,0,0,0,0,1,0,0,0,0
1,2,5.0,0,1,60,0,0,-27.0,80.0,1.0,0.0,259.0,11.0,25.0,2.9101123595505616,240,0,0,0,0,1,0,0,0,0,0,0,0
0,2,,0,0,180,0,1,-93.0,43.0,1.0,0.0,409.0,9.0,50.0,3.272,240,0,0,0,0,0,0,0,0,0,1,0,0
0,1,2.0,0,0,60,0,1,-128.0,57.0,1.0,0.0,462.0,16.0,18.0,4.317757009345795,240,0,0,0,0,0,0,0,0,0,1,0,0
1,1,4.0,1,1,120,0,1,-24.0,39.0,1.0,0.0,9.0,2.0,6.0,1.2857142857142858,240,0,0,0,0,0,0,0,0,0,0,0,0
0,1,3.0,0,0,240,0,0,6.0,75.0,1.0,0.0,98.0,6.0,15.0,2.7222222222222223,240,0,0,1,0,0,0,0,0,0,0,0,0
1,2,7.0,1,1,180,0,0,-88.0,80.0,1.0,0.0,395.0,24.0,29.0,2.801418439716312,240,0,0,0,0,0,0,1,0,0,0,0,0
0,3,6.0,0,0,120,0,1,-61.0,78.0,1.0,0.0,164.0,10.0,22.0,2.6451612903225805,240,0,0,0,0,0,0,1,0,0,0,0,0
0,1,6.0,1,0,60,1,0,-102.0,69.0,1.0,0.0,359.0,22.0,26.0,3.1491228070175437,240,0,0,0,0,0,0,0,0,0,0,0,0
0,2,6.0,0,1,60,0,1,-83.0,79.0,1.0,0.0,37.0,4.0,4.0,2.8461538461538463,240,0,0,0,0,0,0,0,0,0,1,0,0
0,2,9.0,0,0,60,0,0,-27.0,80.0,1.0,0.0,519.0,29.0,38.0,2.4951923076923075,240,0,0,0,0,0,0,1,0,0,0,0,0
0,1,2.0,0,0,60,0,1,-46.0,0.0,0.0,0.0,0.0,0.0,0.0,0.0,240,0,0,0,0,0,0,0,0,0,0,1,0
0,2,,0,2,60,0,1,-30.0,60.0,1.0,0.0,30.0,5.0,11.0,1.5789473684210527,240,0,0,1,0,0,0,0,0,0,0,0,0
0,1,,0,0,60,0,1,-36.0,70.0,1.0,0.0,46.0,7.0,5.0,1.6428571428571428,240,0,0,0,0,0,0,0,0,0,0,1,0
1,1,0.0,1,0,60,0,0,-53.0,85.0,1.0,0.0,522.0,19.0,31.0,3.924812030075188,240,0,0,0,0,0,0,0,0,0,1,0,0
0,1,,0,1,60,0,1,-136.0,0.0,0.0,0.0,22.0,2.0,9.0,1.8333333333333333,240,0,0,1,0,0,0,0,0,0,0,0,0
1,1,7.0,1,0,60,0,1,-60.0,40.0,1.0,0.0,116.0,16.0,22.0,1.681159420289855,240,0,0,0,1,0,0,0,0,0,0,0,0
0,1,0.0,0,1,120,0,1,-50.0,69.0,1.0,0.0,84.0,5.0,10.0,2.625,240,0,0,1,0,0,0,0,0,0,0,0,0
0,1,7.0,0,2,120,0,0,-42.0,95.0,1.0,0.0,197.0,15.0,28.0,2.118279569892473,240,0,0,0,0,0,0,1,0,0,0,0,0
0,1,0.0,0,0,60,1,1,-50.0,77.0,1.0,0.0,143.0,13.0,20.0,2.1029411764705883,240,1,0,0,0,0,0,0,0,0,0,0,0
0,3,8.0,1,1,120,0,0,-55.0,75.0,1.0,0.0,519.0,27.0,34.0,2.8206521739130435,240,0,0,0,0,0,0,0,1,0,0,0,0
1,1,3.0,1,0,60,0,0,-23.0,68.0,1.0,0.0,164.0,11.0,19.0,2.411764705882353,240,0,0,0,0,0,0,0,0,0,0,1,0
0,2,2.0,1,1,120,1,0,-144.0,85.0,1.0,0.0,1889.0,34.0,33.0,6.05448717948718,240,0,0,1,0,0,0,0,0,0,0,0,0
1,1,0.0,1,0,150,0,0,-23.0,55.0,1.0,0.0,1945.0,40.0,22.0,7.5680933852140075,240,0,0,0,0,0,0,0,0,0,0,0,0
0,1,3.0,0,2,150,0,1,-45.0,75.0,1.0,0.0,193.0,12.0,16.0,3.86,240,1,0,0,0,0,0,0,0,0,0,0,0
0,2,8.0,1,0,120,0,0,-15.0,90.0,1.0,0.0,124.0,4.0,16.0,3.5428571428571427,240,0,0,0,0,0,0,0,0,1,0,0,0
1,3,9.0,0,0,120,0,0,-16.0,83.0,1.0,0.0,187.0,12.0,16.0,3.1166666666666667,240,0,0,0,0,0,0,1,0,0,0,0,0
0,1,,1,0,120,0,1,-123.0,65.0,1.0,0.0,57.0,6.0,10.0,2.1923076923076925,240,0,0,0,0,0,0,0,0,0,1,0,0
0,2,8.0,0,1,105,0,1,-66.0,60.0,1.0,0.0,38.0,5.0,9.0,2.111111111111111,240,0,1,0,0,0,0,0,0,0,0,0,0
0,2,,0,0,60,1,1,-16.0,0.0,0.0,0.0,0.0,0.0,0.0,0.0,240,0,0,1,0,0,0,0,0,0,0,0,0
0,3,6.0,0,0,135,0,1,-137.0,0.0,0.0,0.0,0.0,0.0,0.0,0.0,240,0,0,0,0,0,0,1,0,0,0,0,0
0,2,4.0,0,0,150,0,1,-52.0,73.0,1.0,0.0,90.0,10.0,16.0,2.5,240,0,0,0,0,0,0,0,0,0,0,1,0
1,3,8.0,0,0,60,0,1,-22.0,48.0,1.0,0.0,331.0,23.0,28.0,2.626984126984127,240,0,0,1,0,0,0,0,0,0,0,0,0
0,2,6.0,1,0,120,0,1,-88.0,60.0,1.0,0.0,79.0,5.0,24.0,2.0256410256410255,240,0,0,0,0,0,0,0,0,0,0,0,0
0,2,5.0,0,0,120,0,1,-85.0,68.0,1.0,0.0,171.0,16.0,17.0,2.442857142857143,240,1,0,0,0,0,0,0,0,0,0,0,0
1,1,2.0,1,1,120,1,0,-18.0,85.33333333333333,3.0,12.701705922171769,310.0,29.0,17.0,2.8440366972477062,240,1,0,0,0,0,0,0,0,0,0,0,0
0,1,,0,0,60,0,1,-53.0,0.0,0.0,0.0,0.0,0.0,0.0,0.0,240,0,0,0,0,0,0,0,0,0,1,0,0
0,2,0.0,0,0,60,0,1,-24.0,75.0,1.0,0.0,153.0,9.0,14.0,3.25531914893617,240,0,0,0,0,0,0,0,0,0,0,1,0
0,2,,0,0,120,0,1,-6.0,62.0,1.0,0.0,120.0,14.0,12.0,2.2222222222222223,240,0,0,1,0,0,0,0,0,0,0,0,0
0,2,3.0,0,0,60,0,1,-122.0,68.0,1.0,0.0,89.0,11.0,12.0,2.119047619047619,240,0,0,0,0,0,0,0,0,1,0,0,0
0,1,,1,0,60,0,1,-21.0,74.0,1.0,0.0,143.0,15.0,19.0,2.4655172413793105,240,0,0,0,0,0,0,0,0,0,0,0,1
0,1,0.0,0,0,60,0,1,-68.0,66.0,1.0,0.0,174.0,10.0,19.0,2.4166666666666665,240,0,0,0,0,0,1,0,0,0,0,0,0
1,2,,0,0,120,0,0,-19.0,87.0,1.0,0.0,295.0,22.0,14.0,3.352272727272727,240,0,0,0,0,0,0,0,0,0,1,0,0
0,1,6.0,0,3,120,0,0,-16.0,76.0,1.0,0.0,160.0,9.0,10.0,3.1372549019607843,240,0,0,0,0,0,0,1,0,0,0,0,0
0,2,9.0,0,0,60,1,0,-221.0,83.0,1.0,0.0,87.0,12.0,18.0,1.851063829787234,240,0,0,0,0,0,0,0,1,0,0,0,0
0,3,7.0,1,0,90,0,1,-94.0,55.0,1.0,0.0,119.0,8.0,16.0,2.5869565217391304,240,0,0,0,0,0,0,0,0,0,0,0,0
0,1,8.0,0,1,120,0,0,-94.0,65.0,1.0,0.0,356.0,19.0,18.0,2.7384615384615385,240,0,0,0,0,0,0,0,0,0,0,0,0
0,2,,0,0,120,0,1,-44.0,73.0,1.0,0.0,386.0,22.0,29.0,3.3859649122807016,240,0,0,0,1,0,0,0,0,0,0,0,0
0,3,2.0,1,1,120,0,0,-24.0,66.0,1.0,0.0,142.0,9.0,17.0,2.784313725490196,240,0,0,0,0,0,0,0,0,1,0,0,0
0,2,2.0,0,2,120,0,1,-46.0,73.0,1.0,0.0,79.0,11.0,11.0,2.1944444444444446,240,0,0,0,0,0,0,0,0,0,0,0,0
0,2,6.0,1,1,195,0,1,-134.0,0.0,0.0,0.0,48.0,7.0,8.0,2.2857142857142856,240,0,0,0,0,0,0,0,0,0,0,0,0
0,1,4.0,0,1,330,1,1,-123.0,0.0,0.0,0.0,16.0,2.0,6.0,2.2857142857142856,240,0,0,0,0,0,0,0,1,0,0,0,0
0,1,2.0,0,0,120,0,0,-27.0,75.0,1.0,0.0,313.0,20.0,16.0,2.652542372881356,240,0,0,0,1,0,0,0,0,0,0,0,0
0,1,,0,0,60,0,0,-106.0,85.0,1.0,0.0,725.0,14.0,25.0,6.531531531531532,240,0,0,1,0,0,0,0,0,0,0,0,0
0,2,2.0,0,1,120,1,1,-173.0,0.0,0.0,0.0,0.0,0.0,0.0,0.0,240,0,0,1,0,0,0,0,0,0,0,0,0
1,3,3.0,0,2,150,1,1,-24.0,0.0,0.0,0.0,200.0,5.0,22.0,4.0,240,0,0,0,0,0,1,0,0,0,0,0,0
0,2,4.0,0,1,60,0,1,-43.0,55.0,1.0,0.0,66.0,6.0,16.0,2.0625,240,0,0,1,0,0,0,0,0,0,0,0,0
0,2,5.0,0,1,60,0,0,-77.0,85.0,1.0,0.0,273.0,18.0,25.0,2.873684210526316,240,0,0,0,0,0,0,0,0,0,0,0,1
0,2,8.0,1,0,120,0,0,-30.0,84.0,1.0,0.0,301.0,15.0,24.0,3.236559139784946,240,0,0,0,0,0,0,0,0,0,0,0,0
0,2,3.0,0,1,120,0,0,-12.0,85.0,1.0,0.0,1.0,1.0,1.0,1.0,240,0,0,0,0,0,1,0,0,0,0,0,0
0,2,3.0,0,0,120,0,0,-51.0,92.0,1.0,0.0,551.0,40.0,29.0,3.095505617977528,240,0,0,1,0,0,0,0,0,0,0,0,0
0,2,2.0,0,0,60,0,0,-66.0,85.0,1.0,0.0,364.0,23.0,28.0,2.912,240,0,0,0,0,0,0,0,0,0,0,1,0
0,1,4.0,0,0,60,1,0,-23.0,57.0,1.0,0.0,26.0,2.0,12.0,1.7333333333333334,240,0,0,0,0,0,0,0,0,0,0,0,0
0,2,3.0,0,0,60,0,0,-30.0,87.0,1.0,0.0,923.0,18.0,24.0,7.443548387096774,240,0,0,0,0,0,0,0,0,1,0,0,0
0,1,7.0,0,1,60,0,1,-97.0,0.0,0.0,0.0,106.0,7.0,18.0,2.409090909090909,240,0,0,0,0,0,0,0,1,0,0,0,0
1,1,7.0,0,1,120,0,0,-118.0,81.0,1.0,0.0,371.0,30.0,20.0,2.921259842519685,240,0,0,0,0,0,0,1,0,0,0,0,0
0,1,2.0,0,0,90,0,1,-34.0,71.0,1.0,0.0,147.0,15.0,16.0,2.3333333333333335,240,0,1,0,0,0,0,0,0,0,0,0,0
0,2,3.0,0,2,120,0,0,-54.0,77.0,1.0,0.0,420.0,16.0,25.0,3.4710743801652892,240,0,0,0,0,0,0,1,0,0,0,0,0
1,0,3.0,1,0,60,0,1,-99.0,61.0,1.0,0.0,108.0,12.0,13.0,2.25,240,0,0,0,0,0,1,0,0,0,0,0,0
0,3,2.0,0,0,120,0,1,-68.0,95.0,1.0,0.0,99.0,5.0,20.0,2.357142857142857,240,0,0,0,0,0,0,0,0,1,0,0,0
1,2,,0,0,120,0,1,-95.0,81.0,1.0,0.0,564.0,29.0,33.0,3.081967213114754,240,0,0,0,0,0,0,0,0,0,0,1,0
0,1,,1,0,60,1,0,-36.0,65.0,1.0,0.0,214.0,14.0,19.0,2.9722222222222223,240,1,0,0,0,0,0,0,0,0,0,0,0
0,1,6.0,0,0,60,0,0,-94.0,70.0,1.0,0.0,432.0,25.0,22.0,3.456,240,0,0,0,0,0,0,0,0,0,0,0,0
0,1,8.0,1,0,120,0,0,-92.0,72.0,1.0,0.0,284.0,16.0,22.0,2.8118811881188117,240,1,0,0,0,0,0,0,0,0,0,0,0
0,2,7.0,1,2,60,0,1,-29.0,100.0,3.0,0.0,87.0,8.0,16.0,1.74,240,0,0,0,0,0,0,0,0,0,0,0,1
1,2,3.0,0,1,60,0,0,-34.0,77.0,1.0,0.0,110.0,9.0,11.0,2.8205128205128207,240,0,0,0,0,0,0,1,0,0,0,0,0
1,2,2.0,0,1,60,0,0,-66.0,80.0,1.0,0.0,156.0,12.0,14.0,3.627906976744186,240,0,0,0,0,0,1,0,0,0,0,0,0
0,1,3.0,0,1,60,0,0,-18.0,70.0,1.0,0.0,113.0,13.0,15.0,2.215686274509804,240,0,0,1,0,0,0,0,0,0,0,0,0
0,2,8.0,0,1,60,0,0,-123.0,85.0,1.0,0.0,225.0,16.0,19.0,2.7439024390243905,240,0,0,0,0,0,0,0,1,0,0,0,0
0,2,6.0,1,0,60,0,0,-30.0,70.0,1.0,0.0,258.0,11.0,33.0,3.0,240,0,0,0,0,0,0,0,0,1,0,0,0
0,1,4.0,0,1,180,0,0,-4.0,0.0,0.0,0.0,27.0,5.0,12.0,1.4210526315789473,240,0,0,0,0,0,0,0,0,0,0,1,0
0,2,7.0,0,2,120,0,0,-87.0,70.0,1.0,0.0,395.0,15.0,37.0,2.564935064935065,240,0,0,0,0,0,1,0,0,0,0,0,0
1,1,,0,0,60,0,1,-65.0,55.0,1.0,0.0,245.0,16.0,15.0,3.1818181818181817,240,0,0,0,1,0,0,0,0,0,0,0,0
0,2,5.0,1,0,60,0,0,-16.0,72.0,1.0,0.0,611.0,26.0,48.0,2.3143939393939394,240,0,0,0,0,0,1,0,0,0,0,0,0
0,2,4.0,0,1,60,0,1,-25.0,80.0,1.0,0.0,16.0,4.0,4.0,1.6,240,0,0,0,0,0,0,0,0,0,0,1,0
1,2,,1,0,60,0,1,-29.0,55.0,1.0,0.0,61.0,6.0,12.0,2.1785714285714284,240,0,0,0,1,0,0,0,0,0,0,0,0
0,1,0.0,0,0,60,0,0,-8.0,75.0,1.0,0.0,237.0,12.0,19.0,3.3380281690140845,240,0,0,0,0,0,0,0,0,0,0,0,1
0,2,6.0,1,2,120,0,1,-15.0,80.0,1.0,0.0,47.0,4.0,8.0,2.238095238095238,240,0,0,0,0,0,1,0,0,0,0,0,0
0,1,7.0,0,0,180,0,1,-44.0,42.0,1.0,0.0,89.0,11.0,17.0,2.0697674418604652,240,0,0,0,0,0,0,0,0,0,1,0,0
0,2,5.0,0,1,90,0,1,-16.0,65.0,1.0,0.0,72.0,5.0,11.0,2.769230769230769,240,1,0,0,0,0,0,0,0,0,0,0,0
0,1,3.0,0,0,60,1,1,-44.0,0.0,0.0,0.0,140.0,3.0,23.0,3.6842105263157894,240,0,0,0,0,1,0,0,0,0,0,0,0
1,2,3.0,1,0,60,0,1,-44.0,50.0,1.0,0.0,183.0,18.0,13.0,2.44,240,0,0,0,0,0,0,0,0,0,0,0,0
0,1,2.0,0,0,60,0,1,-42.0,0.0,0.0,0.0,7.0,1.0,3.0,1.4,240,1,0,0,0,0,0,0,0,0,0,0,0
0,2,0.0,0,0,90,0,0,-107.0,80.0,1.0,0.0,2104.0,39.0,26.0,6.5956112852664575,240,0,0,0,0,0,0,0,0,0,0,0,1
0,2,3.0,0,1,120,0,1,-30.0,0.0,0.0,0.0,31.0,1.0,9.0,3.4444444444444446,240,0,0,1,0,0,0,0,0,0,0,0,0
0,2,6.0,1,0,60,0,0,-53.0,79.0,1.0,0.0,340.0,19.0,36.0,2.0987654320987654,240,0,0,0,0,0,1,0,0,0,0,0,0
1,1,0.0,1,0,120,0,1,-99.0,77.0,1.0,0.0,215.0,11.0,18.0,3.5833333333333335,240,1,0,0,0,0,0,0,0,0,0,0,0
0,2,6.0,0,0,60,0,0,-53.0,81.0,1.0,0.0,319.0,17.0,20.0,3.3229166666666665,240,0,0,0,0,0,1,0,0,0,0,0,0
0,2,8.0,0,1,60,0,0,-82.0,87.0,1.0,0.0,127.0,9.0,13.0,3.097560975609756,240,0,0,0,1,0,0,0,0,0,0,0,0
0,1,,0,0,60,0,0,-54.0,84.0,1.0,0.0,75.0,9.0,9.0,2.142857142857143,240,0,0,0,0,0,0,0,0,0,0,0,0
0,3,2.0,1,0,120,0,0,-15.0,65.0,1.0,0.0,183.0,15.0,22.0,2.3461538461538463,240,0,0,1,0,0,0,0,0,0,0,0,0
1,1,0.0,1,0,120,1,0,-79.0,65.0,1.0,0.0,146.0,6.0,22.0,2.6545454545454548,240,0,0,0,0,0,0,0,0,0,0,1,0
0,2,8.0,0,0,120,0,0,-36.0,74.0,1.0,0.0,48.0,7.0,10.0,2.1818181818181817,240,0,0,1,0,0,0,0,0,0,0,0,0
0,1,,1,0,60,0,0,-23.0,83.0,1.0,0.0,152.0,11.0,17.0,2.980392156862745,240,0,0,0,0,1,0,0,0,0,0,0,0
0,1,2.0,0,2,240,0,1,-210.0,93.33333333333333,3.0,11.547005383792513,62.0,4.0,9.0,2.6956521739130435,240,1,0,0,0,0,0,0,0,0,0,0,0
0,2,0.0,0,2,120,0,1,-55.0,51.0,1.0,0.0,331.0,11.0,22.0,3.4842105263157896,240,0,0,0,0,0,0,0,0,0,0,0,1
0,1,,0,1,120,0,1,-10.0,0.0,0.0,0.0,11.0,2.0,5.0,1.8333333333333333,240,0,1,0,0,0,0,0,0,0,0,0,0
0,3,4.0,0,0,120,0,1,-43.0,33.0,1.0,0.0,10.0,4.0,5.0,1.4285714285714286,240,0,0,1,0,0,0,0,0,0,0,0,0
0,3,8.0,0,0,60,0,0,-68.0,63.0,1.0,0.0,36.0,8.0,9.0,1.44,240,0,0,0,0,0,0,0,1,0,0,0,0
0,2,6.0,0,2,120,0,1,-25.0,0.0,0.0,0.0,0.0,0.0,0.0,0.0,240,0,0,0,0,0,0,0,0,0,0,1,0
1,2,0.0,0,1,240,0,0,-89.0,72.0,1.0,0.0,334.0,13.0,17.0,3.883720930232558,240,0,0,0,0,1,0,0,0,0,0,0,0
0,2,9.0,0,0,180,0,0,-159.0,75.0,1.0,0.0,309.0,20.0,33.0,2.2554744525547443,240,0,0,0,0,0,0,0,1,0,0,0,0
1,2,5.0,0,1,180,0,0,-71.0,90.0,1.0,0.0,246.0,18.0,33.0,2.3883495145631066,240,0,0,0,0,0,0,0,0,1,0,0,0
0,1,5.0,1,0,60,0,1,-73.0,73.0,1.0,0.0,84.0,6.0,16.0,2.5454545454545454,240,0,0,0,0,0,0,0,0,0,0,0,1
0,2,0.0,0,1,60,0,1,-16.0,0.0,0.0,0.0,0.0,0.0,0.0,0.0,240,0,0,0,0,0,0,0,0,0,1,0,0
0,2,5.0,0,2,120,0,0,-22.0,85.0,1.0,0.0,362.0,15.0,19.0,3.8105263157894735,240,0,0,0,0,0,0,0,0,0,1,0,0
0,3,9.0,1,1,60,0,0,-80.0,80.0,1.0,0.0,230.0,23.0,21.0,2.0353982300884956,240,0,0,0,0,0,0,1,0,0,0,0,0
0,3,2.0,0,1,270,0,0,-28.0,67.0,1.0,0.0,360.0,20.0,29.0,2.5,240,0,0,1,0,0,0,0,0,0,0,0,0
0,1,,1,0,60,0,0,-130.0,82.0,1.0,0.0,346.0,23.0,23.0,2.4027777777777777,240,0,0,0,0,0,0,0,0,0,0,0,1
0,1,0.0,0,1,120,0,1,-54.0,0.0,0.0,0.0,29.0,3.0,3.0,2.6363636363636362,240,0,0,0,0,0,0,0,0,0,1,0,0
0,1,6.0,0,0,60,0,0,-68.0,80.0,1.0,0.0,42.0,3.0,11.0,2.0,240,0,0,0,0,0,0,0,0,0,0,1,0
0,1,,0,1,60,0,0,-55.0,72.0,1.0,0.0,82.0,8.0,11.0,2.9285714285714284,240,0,0,0,0,0,0,0,0,0,0,0,1
0,2,2.0,0,0,60,0,0,-136.0,0.0,0.0,0.0,34.0,5.0,9.0,1.7894736842105263,240,0,0,0,0,0,0,0,0,0,1,0,0
1,2,7.0,0,0,120,0,0,-123.0,75.0,1.0,0.0,437.0,27.0,26.0,2.6809815950920246,240,0,0,0,0,0,0,0,0,0,0,1,0
0,1,,0,2,120,0,0,-113.0,63.0,1.0,0.0,97.0,8.0,11.0,2.3658536585365852,240,0,0,0,0,0,0,0,0,0,1,0,0
0,3,3.0,0,0,120,0,0,-102.0,74.0,1.0,0.0,167.0,18.0,19.0,2.3194444444444446,240,0,0,0,0,0,0,0,0,0,1,0,0
0,1,,0,0,60,0,1,-30.0,52.0,1.0,0.0,174.0,9.0,24.0,3.3461538461538463,240,0,0,0,0,0,0,0,0,0,1,0,0
0,3,2.0,0,0,120,0,0,-89.0,48.0,1.0,0.0,52.0,6.0,9.0,2.260869565217391,240,0,0,0,0,0,0,0,0,0,0,0,0
0,2,4.0,0,0,60,0,0,-42.0,97.0,1.0,0.0,205.0,10.0,35.0,2.6623376623376624,240,0,0,0,0,0,0,0,0,1,0,0,0
0,1,4.0,1,1,60,0,0,-73.0,80.0,1.0,0.0,261.0,18.0,29.0,2.211864406779661,240,0,0,0,0,0,0,0,0,1,0,0,0
0,2,4.0,0,0,120,0,1,-137.0,87.0,1.0,0.0,38.0,3.0,10.0,2.533333333333333,240,0,0,0,0,0,0,0,0,1,0,0,0
0,2,,0,1,120,0,0,-128.0,83.0,1.0,0.0,261.0,11.0,23.0,3.9545454545454546,240,0,0,0,0,0,0,0,0,0,0,0,1
1,3,2.0,1,1,60,0,1,-61.0,40.0,1.0,0.0,2.0,1.0,2.0,1.0,240,0,0,1,0,0,0,0,0,0,0,0,0
0,2,2.0,0,2,240,1,0,69.0,81.28571428571429,7.0,14.476582074903888,0.0,0.0,0.0,0.0,240,0,0,0,0,0,0,1,0,0,0,0,0
0,2,2.0,0,0,60,0,1,-85.0,73.0,1.0,0.0,118.0,12.0,11.0,2.8095238095238093,240,1,0,0,0,0,0,0,0,0,0,0,0
0,3,3.0,0,0,60,0,0,-15.0,83.0,1.0,0.0,448.0,16.0,18.0,3.8620689655172415,240,0,0,0,0,0,1,0,0,0,0,0,0
1,1,0.0,1,1,180,0,1,-65.0,0.0,0.0,0.0,0.0,0.0,0.0,0.0,240,0,0,0,0,0,0,1,0,0,0,0,0
0,2,6.0,0,0,90,0,0,-65.0,77.0,1.0,0.0,113.0,6.0,13.0,3.138888888888889,240,0,0,0,0,1,0,0,0,0,0,0,0
0,0,2.0,0,1,60,1,1,-72.0,84.0,1.0,0.0,261.0,11.0,27.0,2.6907216494845363,240,0,0,0,0,0,0,0,0,0,0,0,0
0,2,3.0,0,0,120,0,1,-9.0,70.0,1.0,0.0,171.0,10.0,23.0,2.1375,240,0,0,0,0,0,0,0,0,0,1,0,0
0,1,2.0,0,1,180,1,0,-50.0,56.0,1.0,0.0,112.0,8.0,11.0,3.2941176470588234,240,1,0,0,0,0,0,0,0,0,0,0,0
0,1,5.0,1,0,60,0,0,-127.0,74.0,1.0,0.0,1509.0,37.0,51.0,4.671826625386997,240,0,0,1,0,0,0,0,0,0,0,0,0
0,2,3.0,0,0,60,0,1,-46.0,73.0,1.0,0.0,115.0,5.0,11.0,2.8048780487804876,240,0,0,0,0,0,0,0,0,0,0,1,0
0,2,5.0,1,1,60,0,0,-51.0,55.0,1.0,0.0,62.0,7.0,13.0,1.9375,240,0,0,1,0,0,0,0,0,0,0,0,0
0,1,2.0,1,0,60,0,0,-30.0,65.0,1.0,0.0,106.0,9.0,7.0,3.0285714285714285,240,0,0,0,0,0,0,0,1,0,0,0,0
1,2,2.0,0,0,60,0,1,-61.0,0.0,0.0,0.0,0.0,0.0,0.0,0.0,240,0,0,0,0,0,1,0,0,0,0,0,0
0,3,4.0,0,1,60,0,1,-67.0,83.0,1.0,0.0,98.0,5.0,11.0,2.7222222222222223,240,0,0,0,0,0,1,0,0,0,0,0,0
0,1,0.0,0,0,60,0,1,-44.0,0.0,0.0,0.0,12.0,1.0,4.0,3.0,240,0,0,0,0,0,0,0,0,0,0,1,0
0,1,7.0,1,0,150,0,1,-90.0,76.0,1.0,0.0,151.0,9.0,20.0,2.7454545454545456,240,0,1,0,0,0,0,0,0,0,0,0,0
0,1,2.0,0,0,150,0,1,-16.0,0.0,0.0,0.0,78.0,11.0,15.0,2.0526315789473686,240,0,0,0,0,0,1,0,0,0,0,0,0
0,3,9.0,1,1,60,1,0,-71.0,85.0,1.0,0.0,834.0,25.0,25.0,5.52317880794702,240,0,0,0,0,0,0,0,1,0,0,0,0
1,3,5.0,1,0,60,0,0,-28.0,38.0,1.0,0.0,310.0,18.0,44.0,2.2962962962962963,240,0,0,1,0,0,0,0,0,0,0,0,0
0,1,0.0,0,1,60,0,1,-36.0,0.0,0.0,0.0,115.0,8.0,26.0,2.090909090909091,240,0,0,0,0,1,0,0,0,0,0,0,0
0,2,3.0,1,1,60,0,0,-21.0,65.0,1.0,0.0,211.0,17.0,11.0,3.1029411764705883,240,0,0,0,0,0,1,0,0,0,0,0,0
0,2,3.0,0,1,120,0,1,-25.0,78.0,1.0,0.0,46.0,3.0,11.0,2.7058823529411766,240,0,0,0,0,0,0,0,0,0,1,0,0
0,1,0.0,0,1,120,0,1,-182.0,95.0,1.0,0.0,116.0,7.0,16.0,3.3142857142857145,240,0,0,0,0,0,0,0,0,0,0,1,0
0,1,6.0,0,1,60,0,1,-15.0,69.0,1.0,0.0,31.0,3.0,9.0,2.066666666666667,240,0,0,0,0,0,1,0,0,0,0,0,0
0,2,6.0,0,0,60,1,0,-106.0,77.0,1.0,0.0,239.0,16.0,37.0,2.212962962962963,240,1,0,0,0,0,0,0,0,0,0,0,0
1,2,5.0,0,0,60,0,1,-50.0,65.0,1.0,0.0,9.0,2.0,9.0,1.0,240,0,0,0,0,1,0,0,0,0,0,0,0
0,1,4.0,0,1,60,0,1,-28.0,75.0,1.0,0.0,182.0,12.0,19.0,2.888888888888889,240,0,0,0,0,0,0,1,0,0,0,0,0
0,3,2.0,0,1,135,0,0,-115.0,80.0,1.0,0.0,136.0,14.0,17.0,2.193548387096774,240,0,0,0,0,0,0,0,0,1,0,0,0
0,2,6.0,0,0,60,0,0,-59.0,73.0,1.0,0.0,191.0,8.0,21.0,3.537037037037037,240,0,0,0,0,0,0,0,0,0,0,0,1
0,2,6.0,0,2,180,0,1,-58.0,67.0,1.0,0.0,128.0,8.0,16.0,2.909090909090909,240,0,0,0,0,0,0,0,0,0,0,0,1
0,2,5.0,0,2,120,0,1,-128.0,51.0,1.0,0.0,142.0,9.0,19.0,2.4482758620689653,240,1,0,0,0,0,0,0,0,0,0,0,0
0,3,2.0,0,0,120,0,1,-29.0,87.0,1.0,0.0,179.0,7.0,20.0,3.6530612244897958,240,0,0,0,0,0,0,0,0,0,1,0,0
0,1,4.0,0,0,60,1,0,-30.0,73.0,1.0,0.0,400.0,24.0,17.0,3.3333333333333335,240,0,0,0,0,0,0,1,0,0,0,0,0
0,2,0.0,1,2,180,0,0,-22.0,50.0,1.0,0.0,15.0,2.0,6.0,1.875,240,0,0,0,0,0,1,0,0,0,0,0,0
0,3,4.0,0,0,120,0,0,-22.0,80.0,1.0,0.0,286.0,16.0,29.0,2.623853211009174,240,0,0,0,0,0,0,0,0,0,0,1,0
0,1,,1,0,60,0,1,-28.0,83.0,1.0,0.0,153.0,12.0,21.0,2.8333333333333335,240,0,0,0,0,1,0,0,0,0,0,0,0
0,3,5.0,1,1,120,0,1,-15.0,74.0,1.0,0.0,544.0,19.0,30.0,3.8857142857142857,240,0,0,0,0,1,0,0,0,0,0,0,0
0,1,5.0,1,1,60,0,0,-52.0,79.0,1.0,0.0,239.0,19.0,30.0,2.39,240,0,0,0,0,0,0,0,0,0,0,0,0
0,2,2.0,0,0,120,1,1,-169.0,69.0,1.0,0.0,303.0,8.0,47.0,2.9705882352941178,240,0,0,0,0,0,0,1,0,0,0,0,0
0,0,,0,1,120,0,1,-23.0,38.0,1.0,0.0,25.0,5.0,6.0,2.272727272727273,240,0,0,1,0,0,0,0,0,0,0,0,0
0,3,8.0,0,0,120,0,0,-53.0,40.0,1.0,0.0,109.0,9.0,16.0,2.18,240,0,0,0,0,0,0,0,0,0,0,0,0
0,2,4.0,0,1,120,0,1,-16.0,68.0,1.0,0.0,134.0,10.0,13.0,2.977777777777778,240,1,0,0,0,0,0,0,0,0,0,0,0
0,1,4.0,0,0,180,0,0,-46.0,85.0,1.0,0.0,160.0,12.0,9.0,2.7586206896551726,240,0,0,0,0,0,0,1,0,0,0,0,0
0,1,6.0,1,1,120,0,1,-92.0,0.0,0.0,0.0,0.0,0.0,0.0,0.0,240,0,1,0,0,0,0,0,0,0,0,0,0
1,2,2.0,0,0,60,0,0,-25.0,95.0,1.0,0.0,259.0,12.0,25.0,2.75531914893617,240,0,0,0,0,0,0,0,0,1,0,0,0
0,2,2.0,0,0,60,0,1,-61.0,59.0,1.0,0.0,107.0,8.0,8.0,2.9722222222222223,240,0,0,0,0,0,0,0,0,0,0,0,0
1,2,7.0,0,0,120,1,0,-96.0,49.0,1.0,0.0,181.0,16.0,24.0,2.2911392405063293,240,0,0,0,0,1,0,0,0,0,0,0,0
0,1,4.0,0,0,90,0,1,-46.0,0.0,0.0,0.0,25.0,7.0,8.0,1.4705882352941178,240,0,0,0,1,0,0,0,0,0,0,0,0
0,1,9.0,1,0,60,0,1,-74.0,0.0,0.0,0.0,298.0,14.0,18.0,3.311111111111111,240,0,0,0,0,0,0,0,1,0,0,0,0
1,3,,0,0,60,0,0,-36.0,73.0,1.0,0.0,177.0,11.0,17.0,2.8095238095238093,240,0,0,0,0,0,0,0,0,0,0,0,1
0,2,4.0,1,1,120,0,1,-23.0,58.0,1.0,0.0,151.0,5.0,26.0,3.0816326530612246,240,0,0,0,0,0,1,0,0,0,0,0,0
0,3,,0,0,60,0,0,-113.0,90.0,1.0,0.0,201.0,18.0,21.0,2.5125,240,0,0,0,0,0,0,0,0,0,0,1,0
0,1,2.0,0,1,120,0,1,-127.0,68.0,1.0,0.0,107.0,5.0,18.0,2.183673469387755,240,0,0,0,1,0,0,0,0,0,0,0,0
0,1,7.0,1,0,60,0,0,-30.0,73.0,1.0,0.0,559.0,13.0,23.0,5.946808510638298,240,0,0,0,0,0,0,0,0,0,0,0,1
0,3,8.0,0,0,120,0,0,-42.0,80.0,1.0,0.0,226.0,7.0,34.0,2.6904761904761907,240,0,0,0,0,0,0,1,0,0,0,0,0
0,1,,0,1,120,1,0,-142.0,70.0,1.0,0.0,265.0,15.0,41.0,2.4537037037037037,240,0,0,0,0,0,0,0,0,0,0,0,1
0,2,7.0,0,0,90,0,0,-58.0,78.0,1.0,0.0,409.0,34.0,25.0,2.478787878787879,240,0,0,0,0,0,0,0,1,0,0,0,0
0,1,4.0,0,1,180,0,1,-74.0,0.0,0.0,0.0,66.0,3.0,20.0,2.357142857142857,240,0,0,0,0,0,0,0,1,0,0,0,0
0,2,0.0,0,1,120,0,1,-36.0,0.0,0.0,0.0,11.0,2.0,2.0,2.75,240,0,0,0,0,0,0,0,0,0,0,0,1
0,2,8.0,1,0,60,0,1,-18.0,69.0,1.0,0.0,41.0,8.0,11.0,1.5185185185185186,240,0,0,0,0,0,0,0,0,0,1,0,0
0,2,2.0,0,0,60,0,0,-127.0,68.0,1.0,0.0,210.0,21.0,23.0,2.019230769230769,240,0,0,1,0,0,0,0,0,0,0,0,0
1,2,3.0,0,0,60,0,0,-100.0,65.0,1.0,0.0,59.0,6.0,14.0,1.6388888888888888,240,0,0,0,0,0,0,0,0,1,0,0,0
0,3,8.0,1,0,120,0,0,-67.0,64.0,1.0,0.0,312.0,23.0,10.0,3.5454545454545454,240,0,0,0,0,0,1,0,0,0,0,0,0
0,0,4.0,0,0,120,0,0,-94.0,56.0,1.0,0.0,390.0,26.0,29.0,2.5827814569536423,240,0,0,0,0,0,0,0,0,0,0,0,0
0,2,,0,0,60,0,1,-30.0,63.0,1.0,0.0,23.0,2.0,4.0,2.5555555555555554,240,0,0,0,0,0,0,0,0,1,0,0,0
0,1,0.0,0,1,120,0,1,-107.0,67.0,1.0,0.0,1184.0,38.0,72.0,3.441860465116279,240,0,0,0,0,0,1,0,0,0,0,0,0
0,1,9.0,1,1,180,0,0,-16.0,73.0,1.0,0.0,71.0,4.0,17.0,2.9583333333333335,240,0,0,0,0,0,0,0,1,0,0,0,0
0,1,3.0,0,0,60,0,1,-157.0,0.0,0.0,0.0,59.0,5.0,13.0,2.269230769230769,240,0,0,0,0,0,0,0,0,0,0,0,0
0,1,0.0,0,0,120,0,1,-23.0,69.0,1.0,0.0,169.0,15.0,26.0,2.414285714285714,240,0,0,0,0,1,0,0,0,0,0,0,0
0,1,2.0,0,0,60,0,1,-10.0,0.0,0.0,0.0,124.0,4.0,19.0,2.883720930232558,240,0,0,0,0,1,0,0,0,0,0,0,0
0,2,7.0,0,0,60,0,0,-24.0,95.0,1.0,0.0,1350.0,36.0,21.0,6.221198156682028,240,0,0,0,0,0,0,0,0,0,0,0,0
0,1,6.0,0,0,60,0,0,-76.0,78.0,1.0,0.0,471.0,26.0,28.0,2.981012658227848,240,0,0,0,0,0,0,1,0,0,0,0,0
0,2,6.0,0,1,120,0,0,-53.0,83.0,1.0,0.0,225.0,14.0,18.0,2.7439024390243905,240,0,0,0,0,0,0,0,0,0,0,0,1
0,3,6.0,0,0,60,0,0,-85.0,81.0,1.0,0.0,182.0,16.0,15.0,2.676470588235294,240,0,0,0,0,0,1,0,0,0,0,0,0
0,0,0.0,0,1,120,0,1,-74.0,75.0,1.0,0.0,976.0,39.0,23.0,4.033057851239669,240,0,0,0,0,0,0,0,0,0,0,1,0
1,2,5.0,1,0,120,0,0,-24.0,72.0,1.0,0.0,177.0,18.0,19.0,2.2987012987012987,240,0,0,0,0,0,0,1,0,0,0,0,0
1,3,5.0,0,0,180,0,1,-16.0,61.0,1.0,0.0,178.0,12.0,21.0,2.870967741935484,240,0,0,0,0,0,0,0,0,0,1,0,0
0,1,6.0,1,0,60,0,0,-21.0,77.0,1.0,0.0,96.0,10.0,7.0,2.1818181818181817,240,0,0,0,0,0,1,0,0,0,0,0,0
0,1,0.0,0,0,60,0,0,-88.0,85.0,1.0,0.0,309.0,15.0,21.0,3.185567010309278,240,0,0,0,0,0,0,0,0,0,0,1,0
0,2,,0,0,60,0,0,-61.0,88.0,1.0,0.0,2381.0,26.0,19.0,13.683908045977011,240,0,0,0,1,0,0,0,0,0,0,0,0
0,2,,0,0,120,0,0,-155.0,57.0,1.0,0.0,398.0,29.0,14.0,3.618181818181818,240,1,0,0,0,0,0,0,0,0,0,0,0
0,2,5.0,0,0,60,0,0,-65.0,93.0,1.0,0.0,210.0,13.0,28.0,2.5,240,0,0,0,0,0,0,0,1,0,0,0,0
0,1,4.0,0,0,60,0,1,-67.0,62.0,1.0,0.0,7.0,1.0,4.0,1.1666666666666667,240,0,0,0,0,1,0,0,0,0,0,0,0
0,2,3.0,0,0,60,0,0,-72.0,75.0,1.0,0.0,281.0,23.0,15.0,2.6018518518518516,240,0,0,0,0,0,0,0,0,0,0,0,0
0,1,0.0,1,0,120,0,0,-30.0,85.0,1.0,0.0,1287.0,15.0,23.0,13.0,240,0,0,0,0,1,0,0,0,0,0,0,0
0,1,3.0,0,0,60,0,0,-88.0,70.0,1.0,0.0,75.0,5.0,5.0,3.0,240,0,0,0,0,0,0,0,0,0,0,1,0
1,2,7.0,1,0,60,0,0,-25.0,0.0,0.0,0.0,343.0,4.0,14.0,11.827586206896552,240,0,0,0,0,0,0,0,0,0,0,1,0
0,3,5.0,1,0,120,0,0,-15.0,70.0,1.0,0.0,57.0,6.0,11.0,2.28,240,0,0,0,0,0,0,0,1,0,0,0,0
1,1,,1,0,60,1,1,-15.0,0.0,0.0,0.0,64.0,4.0,13.0,2.6666666666666665,240,0,0,0,0,0,0,0,0,0,1,0,0
0,2,4.0,0,0,60,0,0,-55.0,72.0,1.0,0.0,466.0,21.0,29.0,3.5037593984962405,240,0,0,0,1,0,0,0,0,0,0,0,0
0,1,3.0,0,0,120,0,0,-23.0,82.0,1.0,0.0,190.0,14.0,16.0,2.7941176470588234,240,0,0,0,0,0,0,0,0,0,0,0,0
0,3,5.0,0,0,60,0,0,-15.0,65.0,1.0,0.0,481.0,23.0,45.0,3.25,240,0,0,1,0,0,0,0,0,0,0,0,0
0,1,2.0,1,0,135,1,0,-16.0,72.0,1.0,0.0,523.0,31.0,49.0,2.709844559585492,240,0,0,0,0,1,0,0,0,0,0,0,0
1,2,7.0,1,0,60,0,1,-28.0,0.0,0.0,0.0,7.0,2.0,5.0,1.1666666666666667,240,0,0,0,0,0,0,0,1,0,0,0,0
0,3,6.0,1,0,120,0,1,-94.0,77.0,1.0,0.0,483.0,31.0,27.0,2.9451219512195124,240,0,0,0,0,0,1,0,0,0,0,0,0
0,1,,0,1,120,0,1,-23.0,83.0,1.0,0.0,228.0,11.0,11.0,3.619047619047619,240,1,0,0,0,0,0,0,0,0,0,0,0
0,2,2.0,0,0,180,0,1,-53.0,84.0,1.0,0.0,270.0,21.0,16.0,2.4107142857142856,240,0,0,1,0,0,0,0,0,0,0,0,0
0,1,5.0,0,0,120,0,1,-170.0,54.0,1.0,0.0,26.0,10.0,4.0,1.3,240,0,0,0,0,0,0,0,0,0,0,0,0
0,2,3.0,0,0,180,0,1,-53.0,70.0,1.0,0.0,218.0,11.0,16.0,3.694915254237288,240,0,0,0,0,0,0,0,0,0,0,0,1
0,3,7.0,0,0,60,0,1,-93.0,73.0,1.0,0.0,47.0,5.0,14.0,2.0434782608695654,240,0,0,1,0,0,0,0,0,0,0,0,0
0,1,7.0,1,0,120,0,1,-142.0,0.0,0.0,0.0,32.0,1.0,9.0,2.2857142857142856,240,0,0,0,0,0,0,0,0,1,0,0,0
0,0,,0,1,240,0,0,-122.0,60.0,1.0,0.0,174.0,18.0,27.0,1.6111111111111112,240,0,0,1,0,0,0,0,0,0,0,0,0
0,1,5.0,1,1,180,0,1,-34.0,57.0,1.0,0.0,104.0,13.0,12.0,2.736842105263158,240,0,0,0,1,0,0,0,0,0,0,0,0
0,2,2.0,1,0,60,0,0,-30.0,88.0,1.0,0.0,254.0,18.0,8.0,4.884615384615385,240,0,0,0,0,0,0,0,0,0,0,0,1
0,1,7.0,0,1,180,0,0,-106.0,73.0,1.0,0.0,106.0,3.0,20.0,3.533333333333333,240,0,0,0,0,0,0,0,1,0,0,0,0
0,1,3.0,0,0,180,0,1,-114.0,0.0,0.0,0.0,171.0,11.0,22.0,2.7580645161290325,240,0,0,0,0,0,0,0,0,1,0,0,0
0,2,3.0,0,1,120,0,0,-68.0,62.0,1.0,0.0,129.0,9.0,22.0,2.0806451612903225,240,0,0,0,0,0,0,0,0,0,0,0,0
0,1,2.0,0,1,180,0,1,-21.0,0.0,0.0,0.0,1.0,1.0,1.0,1.0,240,1,0,0,0,0,0,0,0,0,0,0,0
0,2,6.0,0,1,180,0,0,-132.0,85.0,1.0,0.0,273.0,18.0,28.0,2.7857142857142856,240,0,0,0,0,0,0,0,1,0,0,0,0
0,1,4.0,0,1,120,1,1,-64.0,67.0,1.0,0.0,213.0,11.0,23.0,3.0428571428571427,240,0,0,0,0,0,0,0,0,1,0,0,0
0,1,6.0,0,1,120,0,0,-106.0,79.0,1.0,0.0,262.0,18.0,14.0,2.7578947368421054,240,0,0,0,0,0,0,0,0,0,1,0,0
0,1,6.0,0,1,120,0,1,-25.0,72.0,1.0,0.0,49.0,2.0,7.0,3.2666666666666666,240,0,0,0,0,0,0,0,0,1,0,0,0
0,3,7.0,0,0,120,0,1,-169.0,0.0,0.0,0.0,24.0,2.0,8.0,2.1818181818181817,240,1,0,0,0,0,0,0,0,0,0,0,0
0,2,5.0,1,1,120,0,0,-55.0,80.0,1.0,0.0,271.0,12.0,17.0,3.6621621621621623,240,0,0,0,0,0,0,0,0,0,0,0,1
0,2,0.0,0,1,180,0,1,-79.0,68.0,1.0,0.0,29.0,5.0,8.0,1.7058823529411764,240,0,0,0,0,0,0,0,0,0,0,0,1
0,1,7.0,0,1,120,0,1,-161.0,70.0,1.0,0.0,76.0,9.0,6.0,2.533333333333333,240,0,0,0,0,0,0,0,0,0,0,0,0
0,1,0.0,0,0,120,0,1,-93.0,72.0,1.0,0.0,81.0,8.0,20.0,1.528301886792453,240,0,0,0,0,1,0,0,0,0,0,0,0
0,3,3.0,1,0,60,0,1,-12.0,0.0,0.0,0.0,741.0,14.0,37.0,3.7236180904522613,240,0,0,0,0,0,1,0,0,0,0,0,0
1,1,,1,0,60,0,1,-123.0,78.0,1.0,0.0,1318.0,36.0,29.0,5.314516129032258,240,0,0,0,0,0,0,1,0,0,0,0,0
0,2,4.0,0,0,60,0,1,-53.0,62.0,1.0,0.0,120.0,6.0,14.0,3.0,240,0,0,0,0,0,1,0,0,0,0,0,0
0,2,9.0,0,0,60,0,0,-127.0,74.0,1.0,0.0,92.0,7.0,14.0,2.358974358974359,240,0,0,0,0,0,0,1,0,0,0,0,0
0,1,9.0,0,0,60,0,0,-94.0,63.0,1.0,0.0,44.0,5.0,7.0,2.4444444444444446,240,0,0,0,0,0,0,0,1,0,0,0,0
0,2,4.0,0,0,180,0,1,-73.0,78.0,1.0,0.0,424.0,12.0,21.0,4.608695652173913,240,0,0,1,0,0,0,0,0,0,0,0,0
0,1,4.0,0,0,60,0,0,-86.0,75.0,1.0,0.0,77.0,8.0,13.0,2.138888888888889,240,0,0,0,0,0,0,0,1,0,0,0,0
0,2,9.0,0,0,120,0,0,-53.0,85.0,1.0,0.0,208.0,19.0,15.0,2.447058823529412,240,0,0,0,0,0,0,0,1,0,0,0,0
0,2,9.0,0,1,120,0,0,-36.0,88.0,1.0,0.0,430.0,16.0,20.0,3.909090909090909,240,0,0,0,0,0,0,0,1,0,0,0,0
0,1,3.0,0,0,60,0,1,-80.0,75.0,1.0,0.0,149.0,14.0,14.0,2.328125,240,0,0,0,0,1,0,0,0,0,0,0,0
0,2,2.0,0,1,120,0,1,-127.0,70.0,1.0,0.0,151.0,11.0,22.0,2.0972222222222223,240,0,0,1,0,0,0,0,0,0,0,0,0
0,1,0.0,0,1,120,0,0,-116.0,80.0,1.0,0.0,159.0,17.0,13.0,2.3043478260869565,240,0,0,0,0,0,0,0,0,0,1,0,0
0,2,9.0,0,0,60,1,1,-27.0,0.0,0.0,0.0,63.0,2.0,11.0,3.3157894736842106,240,0,0,0,0,0,0,0,0,0,0,0,0
0,2,5.0,0,0,60,0,1,-28.0,77.0,1.0,0.0,92.0,5.0,15.0,2.4210526315789473,240,0,0,0,0,0,0,0,0,0,0,1,0
0,1,3.0,0,0,135,1,1,-25.0,87.0,1.0,0.0,197.0,14.0,24.0,2.6621621621621623,240,0,0,0,0,0,0,0,0,1,0,0,0
1,2,3.0,0,0,120,0,1,-15.0,81.0,1.0,0.0,29.0,3.0,10.0,1.9333333333333333,240,0,0,1,0,0,0,0,0,0,0,0,0
0,1,0.0,1,0,60,0,0,-27.0,60.0,1.0,0.0,281.0,9.0,15.0,5.73469387755102,240,0,0,0,0,1,0,0,0,0,0,0,0
0,2,8.0,0,0,135,0,0,-24.0,55.0,1.0,0.0,18.0,3.0,6.0,1.8,240,0,0,0,0,0,0,1,0,0,0,0,0
0,1,2.0,0,0,60,0,0,-65.0,68.0,1.0,0.0,136.0,13.0,12.0,2.9565217391304346,240,0,0,0,0,1,0,0,0,0,0,0,0
0,1,7.0,1,0,60,0,0,-16.0,91.0,1.0,0.0,198.0,11.0,17.0,3.193548387096774,240,0,0,0,0,1,0,0,0,0,0,0,0
0,1,0.0,0,1,210,0,1,-22.0,0.0,0.0,0.0,0.0,0.0,0.0,0.0,240,0,0,0,0,0,0,1,0,0,0,0,0
0,1,5.0,0,0,60,0,1,-42.0,0.0,0.0,0.0,19.0,1.0,4.0,3.1666666666666665,240,1,0,0,0,0,0,0,0,0,0,0,0
0,2,,0,0,60,0,0,-102.0,79.0,1.0,0.0,67.0,8.0,7.0,2.576923076923077,240,0,0,1,0,0,0,0,0,0,0,0,0
0,2,3.0,1,1,180,0,1,-126.0,77.0,1.0,0.0,87.0,4.0,16.0,2.289473684210526,240,0,0,1,0,0,0,0,0,0,0,0,0
0,2,5.0,1,1,240,0,1,-83.0,77.0,1.0,0.0,329.0,6.0,35.0,3.7386363636363638,240,0,0,1,0,0,0,0,0,0,0,0,0
0,3,2.0,0,1,120,0,1,-77.0,84.0,1.0,0.0,302.0,21.0,26.0,2.253731343283582,240,0,0,0,0,0,1,0,0,0,0,0,0
0,2,,1,1,135,0,1,-64.0,0.0,0.0,0.0,45.0,1.0,9.0,3.2142857142857144,240,0,0,0,0,0,0,0,0,0,0,0,0
0,1,0.0,1,1,120,1,1,-25.0,43.0,1.0,0.0,36.0,5.0,10.0,1.5,240,0,0,0,0,0,0,0,0,0,1,0,0
1,2,5.0,1,0,60,0,0,-12.0,86.0,1.0,0.0,173.0,13.0,17.0,2.8360655737704916,240,0,0,0,0,0,0,0,1,0,0,0,0
0,1,8.0,0,0,60,0,1,-23.0,0.0,0.0,0.0,0.0,0.0,0.0,0.0,240,0,0,0,0,0,0,0,0,0,0,0,1
0,2,3.0,0,1,120,0,1,-22.0,0.0,0.0,0.0,0.0,0.0,0.0,0.0,240,0,0,0,0,0,0,0,0,0,1,0,0
0,1,6.0,0,1,120,0,0,-23.0,77.0,1.0,0.0,99.0,11.0,15.0,1.65,240,0,0,0,0,0,0,0,0,0,0,1,0
0,2,5.0,0,0,60,0,0,-59.0,65.0,1.0,0.0,191.0,14.0,24.0,2.3012048192771086,240,0,0,1,0,0,0,0,0,0,0,0,0
0,1,3.0,1,0,60,1,0,-15.0,59.0,1.0,0.0,81.0,12.0,12.0,1.653061224489796,240,0,0,0,0,0,0,1,0,0,0,0,0
0,2,4.0,0,1,180,0,1,-23.0,67.0,1.0,0.0,343.0,20.0,18.0,3.396039603960396,240,0,0,0,0,0,1,0,0,0,0,0,0
0,2,6.0,0,1,180,0,1,-29.0,42.0,1.0,0.0,23.0,2.0,4.0,3.2857142857142856,240,1,0,0,0,0,0,0,0,0,0,0,0
0,2,5.0,1,0,60,0,0,-101.0,0.0,0.0,0.0,29.0,1.0,7.0,2.6363636363636362,240,0,0,0,0,0,0,0,1,0,0,0,0
0,2,5.0,0,0,60,1,1,-16.0,0.0,0.0,0.0,205.0,13.0,36.0,2.0918367346938775,240,1,0,0,0,0,0,0,0,0,0,0,0
0,1,0.0,0,0,60,0,0,-28.0,69.0,1.0,0.0,20.0,4.0,7.0,2.0,240,0,0,0,0,0,0,0,0,0,0,1,0
0,2,0.0,0,0,90,0,0,-25.0,68.0,1.0,0.0,62.0,7.0,12.0,1.9375,240,0,0,0,0,0,0,0,0,0,0,0,1
0,1,0.0,0,1,120,0,1,-23.0,0.0,0.0,0.0,53.0,3.0,14.0,1.962962962962963,240,0,0,0,1,0,0,0,0,0,0,0,0
0,1,2.0,0,0,150,0,0,-128.0,69.0,1.0,0.0,123.0,14.0,20.0,2.2363636363636363,240,0,0,0,1,0,0,0,0,0,0,0,0
0,3,0.0,1,0,60,0,0,-51.0,79.0,1.0,0.0,738.0,31.0,46.0,3.708542713567839,240,0,0,0,0,0,0,0,0,0,0,1,0
0,1,7.0,0,0,60,0,0,-59.0,63.0,1.0,0.0,104.0,4.0,14.0,3.466666666666667,240,0,0,0,0,0,0,0,0,0,0,0,0
0,1,6.0,0,1,120,0,0,-29.0,75.0,1.0,0.0,204.0,14.0,17.0,3.044776119402985,240,0,0,0,0,0,0,0,0,1,0,0,0
0,2,4.0,0,0,60,1,0,-52.0,73.0,1.0,0.0,759.0,31.0,48.0,3.011904761904762,240,0,0,0,0,0,0,0,0,0,0,0,0
0,2,6.0,1,0,60,0,1,-171.0,50.0,1.0,0.0,93.0,7.0,28.0,1.9375,240,0,0,0,0,1,0,0,0,0,0,0,0
0,1,,0,0,60,0,1,-21.0,50.0,1.0,0.0,148.0,8.0,21.0,2.5517241379310347,240,0,0,0,0,0,0,0,0,0,1,0,0
0,1,0.0,0,0,60,0,0,-109.0,58.0,1.0,0.0,113.0,8.0,11.0,3.323529411764706,240,1,0,0,0,0,0,0,0,0,0,0,0
0,1,7.0,0,0,60,0,0,-42.0,65.0,1.0,0.0,22.0,4.0,4.0,1.8333333333333333,240,0,0,0,0,0,0,0,0,0,0,1,0
0,1,3.0,1,0,60,1,1,-80.0,45.0,1.0,0.0,213.0,12.0,18.0,2.9178082191780823,240,0,0,0,0,0,0,1,0,0,0,0,0
0,2,8.0,1,1,120,0,0,-23.0,75.0,1.0,0.0,192.0,11.0,24.0,2.3132530120481927,240,0,0,0,0,0,0,0,0,0,1,0,0
0,2,2.0,1,0,60,0,0,-64.0,85.0,1.0,0.0,371.0,26.0,20.0,2.853846153846154,240,0,0,0,0,0,0,0,0,0,0,0,1
0,2,0.0,0,0,60,0,0,-93.0,62.0,1.0,0.0,268.0,15.0,21.0,2.851063829787234,240,0,0,0,0,0,0,0,0,1,0,0,0
0,2,,0,0,60,0,0,-10.0,60.0,1.0,0.0,267.0,20.0,11.0,3.2962962962962963,240,0,0,0,1,0,0,0,0,0,0,0,0
0,2,3.0,1,1,120,0,0,-30.0,88.0,1.0,0.0,202.0,15.0,27.0,2.0,240,0,0,0,0,0,0,0,0,1,0,0,0
0,1,3.0,1,0,60,0,0,-18.0,70.0,1.0,0.0,339.0,11.0,21.0,4.185185185185185,240,0,0,0,1,0,0,0,0,0,0,0,0
0,2,3.0,0,1,240,0,1,-116.0,0.0,0.0,0.0,77.0,6.0,15.0,2.566666666666667,240,0,0,0,0,1,0,0,0,0,0,0,0
0,2,6.0,0,0,60,0,1,-61.0,69.0,1.0,0.0,160.0,10.0,18.0,2.6666666666666665,240,0,0,1,0,0,0,0,0,0,0,0,0
0,2,0.0,0,1,240,1,1,-102.0,57.0,1.0,0.0,209.0,17.0,31.0,2.111111111111111,240,0,0,0,0,0,0,0,0,0,0,0,1
0,2,0.0,0,0,120,1,1,-74.0,39.0,1.0,0.0,101.0,8.0,10.0,2.6578947368421053,240,0,0,0,0,1,0,0,0,0,0,0,0
1,1,0.0,0,0,60,0,1,-106.0,80.0,1.0,0.0,525.0,29.0,24.0,3.5,240,0,0,0,1,0,0,0,0,0,0,0,0
0,1,6.0,0,0,60,0,0,-89.0,69.0,1.0,0.0,212.0,14.0,35.0,2.0784313725490198,240,0,0,0,0,0,0,0,0,0,0,0,0
0,2,2.0,0,0,60,0,0,-208.0,76.0,1.0,0.0,1354.0,32.0,31.0,4.589830508474576,240,0,1,0,0,0,0,0,0,0,0,0,0
0,1,6.0,0,0,60,0,0,-85.0,81.0,1.0,0.0,91.0,12.0,14.0,2.2195121951219514,240,0,0,0,0,0,0,1,0,0,0,0,0
1,2,4.0,0,1,240,1,1,-102.0,85.0,1.0,0.0,63.0,8.0,14.0,2.032258064516129,240,0,0,0,0,0,0,0,0,0,0,1,0
1,1,2.0,0,1,180,0,0,-55.0,69.0,1.0,0.0,661.0,23.0,24.0,3.515957446808511,240,0,0,0,1,0,0,0,0,0,0,0,0
0,2,3.0,0,1,180,0,1,-46.0,0.0,0.0,0.0,104.0,8.0,19.0,2.1666666666666665,240,0,0,0,0,0,0,0,0,0,0,0,1
0,2,4.0,0,0,60,0,0,-122.0,73.0,1.0,0.0,879.0,31.0,36.0,4.395,240,0,0,0,0,0,0,0,1,0,0,0,0
0,2,7.0,0,1,120,0,0,-44.0,81.0,1.0,0.0,536.0,27.0,31.0,3.0454545454545454,240,0,0,0,0,0,0,0,0,0,0,1,0
0,2,6.0,1,1,180,0,0,-96.0,75.0,1.0,0.0,198.0,14.0,22.0,2.712328767123288,240,0,0,0,0,0,0,0,0,0,0,0,0
1,1,7.0,1,1,120,1,1,-119.0,0.0,0.0,0.0,220.0,11.0,18.0,3.5483870967741935,240,0,0,0,0,0,0,0,0,1,0,0,0
0,2,4.0,0,0,120,1,1,-162.0,85.0,1.0,0.0,62.0,6.0,12.0,2.1379310344827585,240,0,0,0,0,0,0,0,0,1,0,0,0
0,1,6.0,0,1,120,0,1,-162.0,77.0,1.0,0.0,318.0,16.0,23.0,3.2783505154639174,240,0,0,0,0,0,1,0,0,0,0,0,0
0,2,8.0,1,0,60,0,0,-58.0,65.0,1.0,0.0,171.0,23.0,18.0,2.220779220779221,240,0,0,0,0,0,0,0,0,1,0,0,0
0,3,,0,0,90,0,0,-73.0,65.0,1.0,0.0,108.0,16.0,15.0,1.9636363636363636,240,0,0,0,0,0,0,0,0,0,0,1,0
0,2,8.0,1,0,60,0,0,-24.0,69.0,1.0,0.0,513.0,17.0,23.0,3.7445255474452557,240,0,0,0,1,0,0,0,0,0,0,0,0
0,0,3.0,0,0,60,0,1,-50.0,75.0,1.0,0.0,123.0,15.0,19.0,1.8636363636363635,240,0,0,0,0,0,0,0,0,0,1,0,0
0,1,8.0,0,1,240,0,0,-21.0,67.0,1.0,0.0,448.0,25.0,47.0,2.635294117647059,240,0,0,0,0,0,0,0,0,0,1,0,0
0,2,2.0,0,0,180,0,1,-23.0,81.0,1.0,0.0,20.0,3.0,6.0,1.8181818181818181,240,0,0,0,0,1,0,0,0,0,0,0,0
0,2,3.0,0,0,210,0,1,-23.0,75.0,1.0,0.0,117.0,12.0,15.0,1.9180327868852458,240,0,0,0,0,1,0,0,0,0,0,0,0
0,2,,0,1,240,0,1,-21.0,75.0,1.0,0.0,122.0,11.0,27.0,2.1403508771929824,240,0,0,0,0,0,0,0,0,0,0,0,1
0,1,0.0,0,1,120,0,0,-135.0,74.0,1.0,0.0,267.0,15.0,20.0,2.8105263157894735,240,0,0,0,0,0,0,0,0,0,0,1,0
0,2,3.0,0,0,60,0,0,-126.0,80.0,1.0,0.0,450.0,21.0,20.0,3.3582089552238807,240,0,0,0,0,0,0,1,0,0,0,0,0
0,1,5.0,0,0,180,1,1,-102.0,66.0,1.0,0.0,170.0,14.0,14.0,2.463768115942029,240,0,0,0,0,0,0,0,0,1,0,0,0
0,1,5.0,1,0,120,0,1,-58.0,55.0,1.0,0.0,1930.0,11.0,20.0,22.183908045977013,240,0,0,0,0,0,0,0,0,0,1,0,0
0,1,0.0,1,0,60,0,1,-25.0,56.0,1.0,0.0,34.0,3.0,6.0,2.4285714285714284,240,0,0,0,0,1,0,0,0,0,0,0,0
0,2,2.0,0,1,180,0,0,-77.0,79.0,1.0,0.0,258.0,12.0,28.0,2.9655172413793105,240,0,0,0,0,0,0,0,0,0,0,0,1
0,1,3.0,1,0,75,0,0,-24.0,53.0,1.0,0.0,408.0,29.0,39.0,2.372093023255814,240,0,0,0,0,1,0,0,0,0,0,0,0
0,1,9.0,1,0,60,0,0,-18.0,71.0,1.0,0.0,115.0,10.0,23.0,2.017543859649123,240,0,0,0,0,0,0,0,0,0,0,0,0
0,1,6.0,0,0,60,0,0,-25.0,73.0,1.0,0.0,180.0,13.0,29.0,2.1686746987951806,240,0,0,0,0,0,0,0,1,0,0,0,0
0,2,5.0,0,1,120,1,1,-128.0,67.0,1.0,0.0,53.0,5.0,12.0,2.3043478260869565,240,0,0,0,0,0,0,1,0,0,0,0,0
0,1,,0,1,210,1,1,-46.0,68.0,1.0,0.0,44.0,7.0,12.0,1.4193548387096775,240,0,0,1,0,0,0,0,0,0,0,0,0
0,2,0.0,1,0,60,0,0,-43.0,80.0,1.0,0.0,122.0,5.0,17.0,2.9047619047619047,240,0,0,0,0,0,0,0,0,0,0,0,1
0,1,,0,0,60,0,1,-80.0,0.0,0.0,0.0,0.0,0.0,0.0,0.0,240,0,0,0,0,0,1,0,0,0,0,0,0
0,2,0.0,0,0,60,0,1,-24.0,75.0,1.0,0.0,219.0,15.0,20.0,3.0416666666666665,240,0,0,0,0,0,0,0,0,1,0,0,0
0,2,2.0,1,0,60,0,0,-116.0,61.0,1.0,0.0,138.0,9.0,27.0,2.3389830508474576,240,0,0,1,0,0,0,0,0,0,0,0,0
0,1,8.0,0,1,120,0,0,-162.0,64.0,1.0,0.0,294.0,19.0,23.0,2.8,240,0,0,0,0,0,0,0,0,0,1,0,0
0,2,4.0,1,0,60,0,0,-71.0,55.0,1.0,0.0,103.0,15.0,12.0,2.019607843137255,240,0,0,0,0,0,0,0,0,1,0,0,0
0,2,8.0,0,0,60,0,1,-58.0,71.0,1.0,0.0,67.0,6.0,13.0,2.392857142857143,240,0,1,0,0,0,0,0,0,0,0,0,0
0,2,8.0,1,0,150,0,1,-100.0,54.0,1.0,0.0,118.0,11.0,14.0,2.185185185185185,240,0,0,0,0,0,0,0,0,1,0,0,0
0,3,9.0,1,0,120,0,0,-34.0,82.0,1.0,0.0,262.0,16.0,29.0,2.673469387755102,240,0,0,0,0,0,0,1,0,0,0,0,0
0,2,0.0,0,0,60,0,1,-21.0,75.0,1.0,0.0,53.0,7.0,6.0,2.65,240,0,0,0,0,0,0,0,0,0,0,0,0
0,2,,1,1,120,0,0,-23.0,80.0,1.0,0.0,44.0,3.0,7.0,3.3846153846153846,240,0,0,1,0,0,0,0,0,0,0,0,0
1,1,,0,1,120,0,1,-72.0,80.0,1.0,0.0,23.0,3.0,7.0,2.090909090909091,240,1,0,0,0,0,0,0,0,0,0,0,0
0,3,3.0,1,0,150,0,0,-171.0,60.0,1.0,0.0,111.0,10.0,16.0,2.4130434782608696,240,0,0,0,0,0,0,0,0,0,0,0,0
0,2,,0,0,60,0,0,-72.0,94.0,1.0,0.0,355.0,20.0,13.0,3.6597938144329896,240,0,0,0,0,0,0,0,0,1,0,0,0
0,1,3.0,0,0,60,0,0,-16.0,62.0,1.0,0.0,1444.0,39.0,27.0,5.893877551020408,240,0,0,0,0,0,0,0,1,0,0,0,0
0,1,7.0,0,0,60,0,1,-23.0,0.0,0.0,0.0,11.0,1.0,8.0,1.375,240,0,0,1,0,0,0,0,0,0,0,0,0
0,1,6.0,0,0,120,0,0,-127.0,77.0,1.0,0.0,155.0,14.0,15.0,2.3484848484848486,240,0,0,0,0,0,0,0,0,0,0,1,0
0,1,,1,1,120,0,1,-24.0,0.0,0.0,0.0,4.0,2.0,2.0,1.3333333333333333,240,0,0,0,0,0,1,0,0,0,0,0,0
0,1,4.0,0,0,60,0,0,-72.0,95.0,1.0,0.0,154.0,11.0,9.0,3.08,240,0,0,0,0,0,0,1,0,0,0,0,0
0,3,,0,0,60,0,1,-15.0,65.0,1.0,0.0,78.0,6.0,16.0,2.2285714285714286,240,0,0,1,0,0,0,0,0,0,0,0,0
0,2,2.0,0,1,120,1,1,-36.0,51.0,1.0,0.0,121.0,8.0,27.0,2.42,240,1,0,0,0,0,0,0,0,0,0,0,0
0,1,4.0,1,0,60,0,1,-22.0,83.0,1.0,0.0,113.0,7.0,18.0,2.4565217391304346,240,0,0,0,0,0,0,0,0,0,0,0,0
0,1,6.0,0,0,60,1,1,-28.0,55.0,1.0,0.0,963.0,19.0,29.0,6.641379310344828,240,0,0,0,0,0,0,0,0,0,0,0,0
0,1,8.0,0,0,180,0,1,-88.0,61.0,1.0,0.0,76.0,6.0,10.0,2.375,240,0,0,0,0,0,0,0,0,1,0,0,0
0,1,5.0,1,0,60,0,0,-22.0,77.0,1.0,0.0,684.0,19.0,29.0,4.248447204968944,240,0,0,0,0,0,0,1,0,0,0,0,0
0,2,4.0,0,0,60,0,0,-23.0,76.0,1.0,0.0,161.0,10.0,18.0,2.515625,240,0,0,0,0,0,0,0,0,0,0,0,1
0,1,0.0,0,0,60,0,0,-36.0,70.0,1.0,0.0,242.0,14.0,30.0,2.847058823529412,240,0,0,0,0,0,0,0,0,0,1,0,0
1,1,5.0,1,0,60,0,0,-50.0,80.0,1.0,0.0,71.0,4.0,19.0,2.5357142857142856,240,0,0,0,0,0,0,0,0,0,0,1,0
0,2,0.0,0,0,60,0,0,-18.0,74.0,1.0,0.0,106.0,9.0,15.0,2.409090909090909,240,0,0,0,0,0,0,0,1,0,0,0,0
0,1,5.0,0,0,60,0,0,-46.0,90.0,1.0,0.0,1425.0,37.0,27.0,6.418918918918919,240,0,0,1,0,0,0,0,0,0,0,0,0
0,1,,1,1,120,0,0,-78.0,53.0,1.0,0.0,208.0,9.0,26.0,2.736842105263158,240,0,0,0,0,0,1,0,0,0,0,0,0
0,1,2.0,0,2,120,0,1,-25.0,80.0,1.0,0.0,510.0,19.0,20.0,4.722222222222222,240,0,0,0,0,1,0,0,0,0,0,0,0
0,1,3.0,1,0,120,0,1,-96.0,47.0,1.0,0.0,551.0,18.0,27.0,3.625,240,0,0,0,0,0,1,0,0,0,0,0,0
0,1,4.0,0,0,60,0,0,-30.0,77.0,1.0,0.0,523.0,25.0,18.0,3.606896551724138,240,0,0,0,0,0,0,0,0,0,0,0,1
0,2,6.0,0,0,60,1,1,-95.0,58.0,1.0,0.0,61.0,5.0,13.0,2.3461538461538463,240,0,0,0,0,0,0,0,1,0,0,0,0
0,2,3.0,0,0,60,0,0,-122.0,64.0,1.0,0.0,80.0,6.0,13.0,2.2222222222222223,240,0,0,0,0,0,0,0,0,1,0,0,0
0,2,2.0,0,0,120,0,1,-165.0,53.0,1.0,0.0,23.0,1.0,8.0,2.3,240,0,0,1,0,0,0,0,0,0,0,0,0
0,1,0.0,0,0,120,1,1,-46.0,49.0,1.0,0.0,43.0,5.0,16.0,1.7916666666666667,240,0,0,0,0,0,0,0,0,0,1,0,0
0,1,7.0,1,0,60,0,1,-25.0,70.0,1.0,0.0,136.0,10.0,23.0,2.305084745762712,240,0,0,0,0,0,0,0,1,0,0,0,0
0,1,,1,1,120,0,1,-77.0,0.0,0.0,0.0,0.0,0.0,0.0,0.0,240,0,1,0,0,0,0,0,0,0,0,0,0
0,1,0.0,0,1,120,0,1,-28.0,85.0,1.0,0.0,104.0,10.0,11.0,2.6,240,0,0,0,0,0,0,0,0,0,0,1,0
0,1,2.0,0,1,120,0,1,-114.0,54.0,1.0,0.0,134.0,11.0,13.0,2.2711864406779663,240,0,0,0,0,0,0,0,0,0,1,0,0
0,1,0.0,0,0,120,0,1,-83.0,63.0,1.0,0.0,163.0,10.0,23.0,3.0185185185185186,240,0,0,0,0,0,0,0,0,0,0,0,1
0,2,4.0,1,0,60,0,0,-128.0,95.0,1.0,0.0,295.0,19.0,19.0,2.892156862745098,240,0,0,0,0,0,0,0,0,0,1,0,0
0,2,,0,0,60,0,0,-77.0,72.0,1.0,0.0,329.0,20.0,22.0,3.1333333333333333,240,0,0,0,0,0,0,0,0,0,0,1,0
0,1,3.0,1,1,180,0,1,-95.0,0.0,0.0,0.0,0.0,0.0,0.0,0.0,240,0,0,0,0,0,0,0,0,1,0,0,0
0,2,9.0,0,0,120,0,0,-137.0,73.0,1.0,0.0,547.0,31.0,38.0,2.9567567567567568,240,0,0,0,0,0,0,0,0,0,0,0,0
0,1,3.0,1,1,120,1,1,-122.0,61.0,1.0,0.0,397.0,9.0,22.0,5.1558441558441555,240,0,0,1,0,0,0,0,0,0,0,0,0
0,1,,0,0,60,0,0,-89.0,54.0,1.0,0.0,721.0,25.0,81.0,2.274447949526814,240,0,0,0,0,1,0,0,0,0,0,0,0
0,2,,1,0,60,0,1,-25.0,71.0,1.0,0.0,1428.0,29.0,32.0,4.791946308724833,240,0,0,0,0,1,0,0,0,0,0,0,0
0,2,3.0,1,1,120,0,0,-76.0,77.0,1.0,0.0,286.0,16.0,25.0,2.9183673469387754,240,0,0,1,0,0,0,0,0,0,0,0,0
0,1,4.0,0,0,60,0,1,-36.0,73.0,1.0,0.0,305.0,16.0,13.0,3.388888888888889,240,0,0,0,0,0,0,0,0,0,0,0,1
1,1,5.0,1,0,120,0,0,-27.0,61.0,1.0,0.0,475.0,39.0,28.0,3.064516129032258,240,0,0,0,0,0,0,0,0,0,1,0,0
0,2,,1,0,120,0,1,-15.0,0.0,0.0,0.0,58.0,5.0,12.0,2.0,240,0,0,0,0,0,0,0,0,0,0,1,0
0,2,6.0,0,1,120,0,1,-128.0,75.0,1.0,0.0,233.0,16.0,18.0,3.1486486486486487,240,0,0,0,0,0,0,0,0,0,0,1,0
0,2,0.0,0,1,120,0,0,-113.0,63.0,1.0,0.0,59.0,7.0,9.0,2.185185185185185,240,0,0,0,0,0,0,0,0,0,0,1,0
0,1,0.0,0,0,60,0,1,-55.0,0.0,0.0,0.0,32.0,2.0,13.0,2.0,240,0,0,0,0,0,0,0,1,0,0,0,0
0,1,,1,0,60,0,1,-93.0,75.0,1.0,0.0,435.0,18.0,43.0,2.939189189189189,240,0,0,1,0,0,0,0,0,0,0,0,0
0,1,9.0,0,1,120,0,1,-106.0,0.0,0.0,0.0,47.0,6.0,9.0,1.6785714285714286,240,0,0,0,0,0,0,0,0,0,1,0,0
0,2,2.0,0,1,120,1,0,-61.0,74.0,1.0,0.0,236.0,16.0,23.0,2.651685393258427,240,0,0,0,0,0,0,0,0,0,0,1,0
0,2,3.0,0,0,60,0,0,-111.0,64.0,1.0,0.0,194.0,12.0,14.0,2.9846153846153847,240,0,0,0,0,0,0,0,0,0,1,0,0
0,2,0.0,0,0,120,0,0,-24.0,66.0,1.0,0.0,69.0,8.0,11.0,2.5555555555555554,240,0,0,1,0,0,0,0,0,0,0,0,0
0,2,5.0,0,0,60,0,0,-61.0,74.0,1.0,0.0,120.0,6.0,12.0,3.1578947368421053,240,0,0,1,0,0,0,0,0,0,0,0,0
0,2,5.0,0,0,60,1,0,-30.0,85.0,1.0,0.0,241.0,16.0,17.0,3.3013698630136985,240,0,0,0,0,0,0,1,0,0,0,0,0
1,1,0.0,1,1,195,0,0,-135.0,60.0,1.0,0.0,375.0,35.0,29.0,2.4193548387096775,240,0,0,1,0,0,0,0,0,0,0,0,0
0,2,4.0,0,0,150,0,0,-15.0,75.0,1.0,0.0,46.0,9.0,4.0,2.0,240,0,0,0,0,0,0,0,0,1,0,0,0
0,2,5.0,0,0,60,0,0,-10.0,85.0,1.0,0.0,16.0,3.0,5.0,1.2307692307692308,240,0,0,0,0,0,0,0,0,0,0,0,0
0,1,7.0,0,0,120,0,1,-72.0,58.0,1.0,0.0,87.0,8.0,15.0,2.230769230769231,240,0,0,0,0,0,0,0,0,1,0,0,0
0,3,7.0,1,0,60,0,0,-92.0,87.0,1.0,0.0,62.0,7.0,13.0,1.9375,240,0,0,0,0,0,0,0,0,0,1,0,0
0,1,2.0,1,1,120,0,1,-72.0,0.0,0.0,0.0,10.0,1.0,4.0,1.6666666666666667,240,0,0,0,0,0,0,0,0,0,0,0,0
0,1,6.0,0,1,120,0,0,-89.0,76.0,1.0,0.0,248.0,16.0,21.0,2.9176470588235293,240,0,0,0,0,0,1,0,0,0,0,0,0
0,0,,0,1,120,0,0,-127.0,65.0,1.0,0.0,35.0,3.0,6.0,2.9166666666666665,240,0,0,0,0,0,0,0,0,0,0,1,0
1,1,0.0,0,1,120,0,1,-15.0,0.0,0.0,0.0,11.0,2.0,3.0,2.2,240,0,0,0,0,0,0,0,0,0,0,1,0
0,1,3.0,0,0,90,0,0,-59.0,77.0,1.0,0.0,368.0,28.0,14.0,3.3454545454545452,240,0,1,0,0,0,0,0,0,0,0,0,0
0,2,3.0,0,0,120,0,0,-162.0,70.0,1.0,0.0,189.0,12.0,28.0,2.8636363636363638,240,1,0,0,0,0,0,0,0,0,0,0,0
0,2,2.0,0,0,60,0,0,-174.0,72.0,1.0,0.0,316.0,10.0,14.0,3.761904761904762,240,1,0,0,0,0,0,0,0,0,0,0,0
0,1,,1,1,120,0,1,-50.0,75.0,2.0,7.0710678118654755,0.0,0.0,0.0,0.0,240,0,0,0,0,0,0,0,0,0,0,1,0
0,2,3.0,0,0,60,0,0,-30.0,78.0,1.0,0.0,269.0,13.0,20.0,3.2023809523809526,240,0,0,0,0,0,0,0,0,1,0,0,0
0,1,,0,0,120,0,0,-123.0,75.0,1.0,0.0,166.0,13.0,32.0,2.075,240,0,0,0,0,0,0,1,0,0,0,0,0
1,1,4.0,0,0,60,0,1,-144.0,85.0,1.0,0.0,255.0,8.0,18.0,4.722222222222222,240,0,1,0,0,0,0,0,0,0,0,0,0
0,1,5.0,0,0,150,0,0,-97.0,68.0,1.0,0.0,22.0,8.0,4.0,1.5714285714285714,240,0,0,0,0,0,0,0,0,0,1,0,0
0,1,6.0,1,0,60,1,0,-64.0,76.0,1.0,0.0,434.0,24.0,22.0,3.056338028169014,240,1,0,0,0,0,0,0,0,0,0,0,0
0,1,6.0,0,0,60,0,1,-22.0,53.0,1.0,0.0,158.0,13.0,20.0,2.051948051948052,240,0,0,0,0,0,0,1,0,0,0,0,0
1,2,,0,1,120,0,0,-104.0,65.0,1.0,0.0,282.0,7.0,22.0,4.947368421052632,240,0,0,0,0,1,0,0,0,0,0,0,0
0,1,5.0,0,1,120,0,1,-64.0,0.0,0.0,0.0,85.0,5.0,11.0,3.0357142857142856,240,0,0,0,0,0,0,0,0,0,1,0,0
0,2,8.0,0,1,120,0,0,-95.0,78.0,1.0,0.0,790.0,24.0,29.0,4.8765432098765435,240,0,0,0,0,0,0,0,0,0,1,0,0
0,2,3.0,0,0,60,0,1,-82.0,69.0,1.0,0.0,130.0,8.0,11.0,2.7083333333333335,240,0,0,1,0,0,0,0,0,0,0,0,0
0,1,2.0,0,0,60,1,0,-21.0,80.0,1.0,0.0,70.0,6.0,13.0,2.121212121212121,240,0,0,0,0,0,0,0,0,0,0,1,0
0,1,7.0,1,1,120,0,0,-111.0,87.0,1.0,0.0,1955.0,27.0,28.0,7.696850393700787,240,0,0,0,0,0,0,0,0,0,1,0,0
1,1,6.0,0,0,60,0,0,-149.0,70.0,1.0,0.0,292.0,17.0,17.0,3.106382978723404,240,0,1,0,0,0,0,0,0,0,0,0,0
1,2,,1,0,60,0,1,-104.0,0.0,0.0,0.0,152.0,8.0,15.0,3.3043478260869565,240,0,0,0,0,0,0,0,1,0,0,0,0
0,1,,0,0,90,1,1,-65.0,0.0,0.0,0.0,39.0,2.0,10.0,2.4375,240,0,0,0,0,0,0,0,0,0,0,0,1
0,1,7.0,0,0,120,0,0,-42.0,87.0,1.0,0.0,1077.0,25.0,52.0,4.290836653386454,240,0,1,0,0,0,0,0,0,0,0,0,0
0,1,0.0,0,1,120,0,0,-114.0,89.0,1.0,0.0,1405.0,35.0,24.0,5.090579710144928,240,0,1,0,0,0,0,0,0,0,0,0,0
0,2,0.0,0,0,60,0,0,-34.0,62.0,1.0,0.0,1034.0,27.0,32.0,3.8726591760299627,240,0,0,1,0,0,0,0,0,0,0,0,0
1,1,,0,1,120,0,1,-61.0,0.0,0.0,0.0,1.0,1.0,1.0,1.0,240,0,0,0,0,0,0,0,0,0,1,0,0
0,2,,1,0,60,0,0,-18.0,72.0,1.0,0.0,305.0,16.0,29.0,2.9611650485436893,240,0,0,1,0,0,0,0,0,0,0,0,0
0,1,7.0,0,1,120,1,1,-59.0,73.0,1.0,0.0,272.0,21.0,24.0,2.5660377358490565,240,0,0,0,0,0,0,0,0,1,0,0,0
0,2,,0,0,60,0,0,-50.0,73.0,1.0,0.0,94.0,4.0,11.0,3.76,240,1,0,0,0,0,0,0,0,0,0,0,0
0,1,4.0,1,0,60,0,0,-119.0,65.0,1.0,0.0,311.0,20.0,22.0,3.0194174757281553,240,0,0,0,0,0,0,0,0,1,0,0,0
0,2,3.0,0,0,60,0,1,-67.0,0.0,0.0,0.0,3.0,1.0,3.0,1.0,240,0,0,0,0,0,0,1,0,0,0,0,0
0,2,2.0,0,0,120,0,0,-29.0,73.0,1.0,0.0,231.0,18.0,21.0,2.4838709677419355,240,0,0,0,0,1,0,0,0,0,0,0,0
0,1,0.0,0,1,120,1,1,-16.0,75.0,1.0,0.0,225.0,14.0,16.0,3.409090909090909,240,0,0,0,0,0,0,0,0,0,1,0,0
0,1,3.0,0,1,120,0,1,-29.0,0.0,0.0,0.0,10.0,2.0,6.0,1.6666666666666667,240,0,0,0,0,0,0,0,0,0,1,0,0
0,2,6.0,1,0,120,0,0,-23.0,85.0,1.0,0.0,255.0,18.0,25.0,3.1875,240,0,0,0,0,0,1,0,0,0,0,0,0
0,2,9.0,0,0,75,0,1,-85.0,71.0,1.0,0.0,89.0,4.0,14.0,3.56,240,0,0,0,0,0,0,0,0,0,0,0,0
0,1,3.0,1,0,120,0,0,-61.0,83.0,1.0,0.0,287.0,14.0,111.0,1.888157894736842,240,0,0,0,0,0,0,0,1,0,0,0,0
1,1,,1,0,90,0,0,-28.0,40.0,1.0,0.0,125.0,8.0,8.0,3.4722222222222223,240,0,0,0,0,0,0,0,0,0,1,0,0
0,2,2.0,0,0,150,0,0,-113.0,85.0,1.0,0.0,254.0,20.0,17.0,3.175,240,0,0,0,0,0,0,0,0,0,1,0,0
0,1,5.0,1,1,120,0,1,-126.0,75.0,1.0,0.0,237.0,14.0,15.0,3.761904761904762,240,0,0,0,1,0,0,0,0,0,0,0,0
0,2,4.0,0,0,120,0,1,-142.0,0.0,0.0,0.0,2.0,1.0,2.0,1.0,240,0,0,0,0,1,0,0,0,0,0,0,0
0,2,5.0,0,0,60,0,0,-101.0,82.0,1.0,0.0,155.0,12.0,15.0,2.5833333333333335,240,0,0,0,0,0,0,0,0,1,0,0,0
1,1,0.0,0,0,60,0,1,-135.0,0.0,0.0,0.0,4.0,2.0,2.0,1.3333333333333333,240,0,0,0,0,0,0,0,0,0,1,0,0
0,1,2.0,1,0,60,1,0,-119.0,80.0,1.0,0.0,737.0,26.0,44.0,3.427906976744186,240,0,0,0,0,0,0,0,0,0,0,0,0
0,1,7.0,1,0,60,0,1,-144.0,60.0,1.0,0.0,324.0,14.0,31.0,2.9724770642201834,240,0,0,0,1,0,0,0,0,0,0,0,0
0,1,,0,0,120,0,1,-116.0,65.0,1.0,0.0,32.0,3.0,10.0,2.2857142857142856,240,0,0,1,0,0,0,0,0,0,0,0,0
0,1,3.0,0,0,75,0,0,-96.0,85.0,1.0,0.0,758.0,24.0,22.0,5.087248322147651,240,0,0,0,0,1,0,0,0,0,0,0,0
0,1,9.0,0,1,120,0,1,-121.0,0.0,0.0,0.0,0.0,0.0,0.0,0.0,240,1,0,0,0,0,0,0,0,0,0,0,0
0,2,6.0,0,0,60,0,1,-86.0,0.0,0.0,0.0,38.0,5.0,8.0,2.111111111111111,240,0,0,0,0,0,0,0,0,0,0,1,0
1,1,0.0,0,0,60,1,1,-68.0,69.0,1.0,0.0,189.0,13.0,24.0,2.486842105263158,240,0,0,0,0,0,1,0,0,0,0,0,0
0,1,6.0,0,1,240,0,1,-115.0,93.0,1.0,0.0,501.0,30.0,21.0,3.34,240,0,0,0,0,0,0,0,0,1,0,0,0
0,1,0.0,0,0,60,0,0,-73.0,75.0,1.0,0.0,224.0,18.0,21.0,3.0684931506849313,240,0,0,0,0,1,0,0,0,0,0,0,0
0,2,6.0,0,1,240,0,1,-43.0,80.66666666666667,3.0,16.772994167212165,182.0,11.0,13.0,3.1379310344827585,240,0,0,0,0,0,0,0,0,0,0,0,1
0,1,3.0,1,0,120,1,0,-79.0,69.0,1.0,0.0,111.0,12.0,17.0,1.819672131147541,240,0,0,0,0,0,0,0,1,0,0,0,0
0,2,0.0,0,0,120,0,0,-93.0,70.0,1.0,0.0,1498.0,38.0,42.0,5.201388888888889,240,0,0,0,0,0,0,1,0,0,0,0,0
0,1,7.0,1,1,120,0,0,-128.0,75.0,1.0,0.0,452.0,18.0,30.0,3.5873015873015874,240,0,0,0,0,0,0,0,0,0,0,0,1
0,2,2.0,0,0,120,0,1,-16.0,73.0,1.0,0.0,33.0,7.0,12.0,1.5,240,0,0,0,0,1,0,0,0,0,0,0,0
0,1,0.0,0,0,60,1,1,-59.0,0.0,0.0,0.0,33.0,4.0,8.0,2.0625,240,0,0,0,0,0,0,0,0,0,1,0,0
0,1,5.0,0,0,60,0,1,-65.0,63.0,1.0,0.0,354.0,18.0,14.0,3.7263157894736842,240,0,0,0,0,0,0,0,0,0,0,0,0
0,1,0.0,0,0,60,0,1,-109.0,47.0,1.0,0.0,10.0,1.0,3.0,2.0,240,0,0,0,0,0,0,0,0,0,1,0,0
0,1,4.0,0,1,120,0,0,-88.0,90.0,1.0,0.0,275.0,17.0,23.0,2.5700934579439254,240,0,0,0,0,1,0,0,0,0,0,0,0
0,1,,0,0,60,0,0,-116.0,90.0,1.0,0.0,267.0,13.0,21.0,3.1411764705882352,240,0,0,0,0,0,0,0,0,0,0,1,0
0,2,3.0,0,0,60,0,0,-116.0,79.0,1.0,0.0,141.0,10.0,21.0,2.389830508474576,240,0,0,0,0,0,0,0,0,0,1,0,0
0,1,,0,0,150,1,1,-88.0,71.0,1.0,0.0,217.0,17.0,34.0,2.411111111111111,240,0,0,0,0,0,0,0,0,0,0,1,0
0,2,0.0,1,1,180,0,1,-128.0,62.0,1.0,0.0,93.0,8.0,9.0,2.5833333333333335,240,1,0,0,0,0,0,0,0,0,0,0,0
0,2,4.0,0,0,60,0,0,-130.0,68.0,1.0,0.0,220.0,20.0,28.0,2.3404255319148937,240,0,0,0,0,0,0,0,0,0,1,0,0
0,2,4.0,0,1,120,0,0,-109.0,85.0,1.0,0.0,376.0,18.0,23.0,3.357142857142857,240,1,0,0,0,0,0,0,0,0,0,0,0
0,2,7.0,1,0,60,0,0,-24.0,84.0,1.0,0.0,247.0,8.0,21.0,4.186440677966102,240,0,0,0,0,0,0,0,0,0,0,0,0
1,2,8.0,0,0,60,0,1,-36.0,55.0,1.0,0.0,168.0,10.0,21.0,2.4347826086956523,240,0,0,1,0,0,0,0,0,0,0,0,0
0,1,7.0,1,0,120,0,0,-85.0,76.0,1.0,0.0,115.0,5.0,15.0,3.7096774193548385,240,0,0,0,0,0,0,1,0,0,0,0,0
0,2,5.0,0,0,60,0,0,-24.0,84.0,1.0,0.0,275.0,22.0,20.0,2.806122448979592,240,0,0,0,0,0,1,0,0,0,0,0,0
0,1,2.0,1,1,120,0,1,-22.0,62.0,1.0,0.0,60.0,6.0,20.0,1.875,240,1,0,0,0,0,0,0,0,0,0,0,0
0,1,0.0,0,0,60,0,0,-20.0,77.0,1.0,0.0,279.0,7.0,34.0,3.8219178082191783,240,0,0,0,1,0,0,0,0,0,0,0,0
0,1,9.0,0,1,120,0,1,-92.0,73.0,1.0,0.0,155.0,7.0,12.0,3.522727272727273,240,0,0,0,0,0,0,0,0,0,1,0,0
0,1,4.0,0,1,180,0,0,-59.0,78.0,1.0,0.0,199.0,20.0,18.0,2.117021276595745,240,0,0,0,0,0,0,0,0,0,0,1,0
0,3,8.0,1,1,150,0,1,-18.0,0.0,0.0,0.0,153.0,10.0,37.0,2.013157894736842,240,0,0,0,0,0,1,0,0,0,0,0,0
0,1,4.0,0,0,60,0,0,-50.0,68.0,1.0,0.0,156.0,10.0,23.0,2.2285714285714286,240,0,0,0,0,1,0,0,0,0,0,0,0
0,2,9.0,1,0,75,0,1,-22.0,23.0,1.0,0.0,263.0,18.0,26.0,2.481132075471698,240,0,0,0,0,0,0,0,0,0,1,0,0
0,3,3.0,1,0,60,0,0,-15.0,50.0,1.0,0.0,544.0,20.0,33.0,3.005524861878453,240,0,0,0,0,0,0,0,0,0,1,0,0
0,2,7.0,1,0,180,0,0,-120.0,49.0,1.0,0.0,32.0,5.0,3.0,1.7777777777777777,240,0,0,0,0,0,0,0,0,0,0,0,1
0,3,4.0,1,0,60,0,1,-106.0,78.0,1.0,0.0,320.0,13.0,25.0,2.9357798165137616,240,0,0,0,0,0,1,0,0,0,0,0,0
0,2,0.0,0,1,120,1,0,-46.0,60.0,1.0,0.0,60.0,4.0,9.0,4.0,240,0,0,0,0,1,0,0,0,0,0,0,0
0,2,,0,0,60,0,1,-121.0,60.0,1.0,0.0,103.0,3.0,16.0,3.9615384615384617,240,0,0,0,0,0,0,0,0,0,1,0,0
0,1,0.0,1,1,180,0,1,-114.0,70.0,1.0,0.0,102.0,9.0,12.0,3.1875,240,0,0,1,0,0,0,0,0,0,0,0,0
0,2,,0,0,60,0,0,-116.0,39.0,1.0,0.0,0.0,0.0,0.0,0.0,240,0,0,1,0,0,0,0,0,0,0,0,0
0,2,,0,0,60,0,0,-121.0,0.0,0.0,0.0,49.0,5.0,9.0,3.0625,240,0,0,0,0,1,0,0,0,0,0,0,0
0,1,2.0,0,0,60,0,1,-73.0,60.0,1.0,0.0,104.0,7.0,31.0,1.4444444444444444,240,0,0,0,0,0,0,0,0,0,1,0,0
0,1,,0,0,60,0,1,-24.0,0.0,1.0,0.0,38.0,4.0,12.0,1.7272727272727273,240,0,0,0,0,0,0,0,0,1,0,0,0
0,2,5.0,0,0,60,0,1,-77.0,0.0,0.0,0.0,36.0,3.0,12.0,1.5,240,0,0,0,0,0,0,0,0,0,0,0,1
0,2,6.0,0,0,120,0,1,-113.0,65.0,1.0,0.0,38.0,3.0,5.0,2.923076923076923,240,1,0,0,0,0,0,0,0,0,0,0,0
0,2,3.0,0,1,120,0,1,-133.0,66.0,1.0,0.0,86.0,3.0,27.0,1.9545454545454546,240,1,0,0,0,0,0,0,0,0,0,0,0
0,1,4.0,1,0,60,0,1,-94.0,55.0,1.0,0.0,90.0,13.0,15.0,1.6363636363636365,240,0,0,0,0,0,0,0,0,0,0,0,0
0,2,2.0,0,1,120,0,1,-73.0,70.0,1.0,0.0,15.0,3.0,4.0,1.5,240,0,0,0,0,0,0,0,1,0,0,0,0
0,1,0.0,1,1,120,1,1,-44.0,53.0,1.0,0.0,7.0,2.0,5.0,1.4,240,0,0,0,0,0,0,0,0,0,1,0,0
0,3,,0,0,120,0,1,-68.0,0.0,0.0,0.0,237.0,9.0,17.0,4.086206896551724,240,0,0,0,1,0,0,0,0,0,0,0,0
0,3,6.0,0,0,60,0,1,-92.0,0.0,0.0,0.0,0.0,0.0,0.0,0.0,240,0,0,0,0,0,0,0,0,0,0,0,1
0,1,,0,0,60,0,1,-82.0,72.0,1.0,0.0,116.0,9.0,22.0,1.8709677419354838,240,0,0,0,0,0,1,0,0,0,0,0,0
0,2,3.0,1,1,270,0,0,-128.0,62.5,2.0,3.5355339059327378,100.0,9.0,7.0,2.5641025641025643,240,0,0,0,0,0,0,0,0,0,0,1,0
0,1,0.0,1,1,120,0,1,-73.0,0.0,0.0,0.0,0.0,0.0,0.0,0.0,240,0,0,0,0,0,0,0,0,0,0,0,1
0,1,0.0,0,0,60,0,1,-93.0,0.0,0.0,0.0,0.0,0.0,0.0,0.0,240,0,0,0,0,0,0,0,0,0,0,0,1
0,3,7.0,0,0,60,0,1,-130.0,85.0,1.0,0.0,213.0,14.0,28.0,2.597560975609756,240,0,0,0,0,0,0,0,1,0,0,0,0
0,2,0.0,0,0,60,0,1,-9.0,0.0,0.0,0.0,211.0,21.0,26.0,1.6614173228346456,240,0,0,0,0,0,0,0,0,0,0,1,0
0,2,2.0,0,0,60,0,1,-44.0,72.0,1.0,0.0,401.0,27.0,33.0,2.554140127388535,240,0,0,0,0,0,0,0,1,0,0,0,0
1,1,,0,0,60,1,1,-93.0,45.0,1.0,0.0,222.0,12.0,22.0,3.3134328358208953,240,0,0,0,1,0,0,0,0,0,0,0,0
0,1,0.0,0,0,60,0,1,-120.0,55.0,1.0,0.0,14.0,2.0,2.0,2.8,240,0,0,0,0,0,0,0,0,0,0,1,0
0,2,2.0,0,0,60,0,0,-52.0,57.0,1.0,0.0,38.0,2.0,11.0,2.235294117647059,240,0,0,0,0,0,0,0,0,0,0,1,0
0,1,2.0,0,0,60,0,1,-113.0,0.0,0.0,0.0,14.0,1.0,7.0,2.0,240,0,0,0,0,0,0,0,0,0,0,0,1
0,1,0.0,0,0,120,1,1,-50.0,0.0,0.0,0.0,54.0,2.0,14.0,3.176470588235294,240,0,0,0,0,0,0,0,0,0,0,1,0
0,3,2.0,0,0,60,0,1,-130.0,57.0,1.0,0.0,560.0,21.0,23.0,4.2748091603053435,240,0,0,0,1,0,0,0,0,0,0,0,0
0,2,9.0,0,0,60,0,0,-107.0,87.0,1.0,0.0,118.0,9.0,14.0,2.4081632653061225,240,0,0,0,0,0,0,0,0,0,0,0,0
0,1,7.0,0,0,60,0,0,-64.0,82.0,1.0,0.0,951.0,19.0,37.0,4.594202898550725,240,0,0,0,0,0,0,0,0,1,0,0,0
0,1,2.0,0,0,120,1,0,-89.0,60.0,1.0,0.0,111.0,9.0,16.0,2.466666666666667,240,0,0,0,0,0,0,0,0,1,0,0,0
0,1,7.0,0,0,60,0,0,-71.0,46.0,1.0,0.0,167.0,9.0,22.0,3.2745098039215685,240,0,0,0,0,0,0,0,0,0,1,0,0
0,2,2.0,0,0,60,0,1,-89.0,0.0,0.0,0.0,70.0,4.0,15.0,2.121212121212121,240,0,0,0,0,0,0,0,0,0,0,0,1
0,2,0.0,0,0,60,1,0,-109.0,65.0,1.0,0.0,294.0,13.0,18.0,3.6296296296296298,240,0,0,0,0,0,0,0,0,0,0,0,1
0,2,4.0,0,0,60,0,1,-86.0,73.0,1.0,0.0,185.0,11.0,18.0,2.2839506172839505,240,0,0,0,0,0,0,0,0,0,0,0,0
0,1,,0,0,120,0,0,-130.0,79.0,1.0,0.0,266.0,17.0,22.0,2.607843137254902,240,0,0,0,0,0,0,0,0,0,0,1,0
0,2,8.0,0,0,60,0,0,-30.0,75.0,1.0,0.0,273.0,12.0,15.0,3.5,240,0,0,0,0,0,0,0,0,0,0,1,0
0,2,3.0,1,0,120,0,1,-77.0,0.0,0.0,0.0,106.0,5.0,31.0,2.5238095238095237,240,1,0,0,0,0,0,0,0,0,0,0,0
0,1,4.0,0,0,60,0,1,-111.0,70.0,1.0,0.0,56.0,5.0,10.0,2.24,240,0,0,0,0,1,0,0,0,0,0,0,0
0,1,2.0,1,0,60,0,1,-111.0,70.0,1.0,0.0,403.0,18.0,33.0,2.8785714285714286,240,0,0,0,0,0,0,0,0,0,0,1,0
0,2,0.0,0,0,60,0,1,-78.0,80.0,1.0,0.0,105.0,6.0,15.0,2.6923076923076925,240,0,0,0,0,0,0,0,0,0,1,0,0
0,2,3.0,0,0,60,0,1,-92.0,71.0,1.0,0.0,153.0,14.0,23.0,2.1549295774647885,240,0,0,0,0,0,0,0,0,0,0,1,0
1,2,6.0,0,0,60,0,0,-61.0,77.0,1.0,0.0,195.0,12.0,16.0,3.75,240,0,0,0,1,0,0,0,0,0,0,0,0
1,2,0.0,0,0,60,1,0,-64.0,70.0,1.0,0.0,46.0,3.0,16.0,2.1904761904761907,240,0,0,0,0,0,0,0,0,0,0,1,0
0,2,4.0,0,0,60,0,0,-44.0,73.0,1.0,0.0,416.0,20.0,12.0,3.81651376146789,240,0,0,0,0,0,0,0,0,0,0,1,0
0,2,3.0,0,0,120,0,0,-79.0,87.0,1.0,0.0,164.0,17.0,22.0,2.2162162162162162,240,0,0,0,0,0,0,0,0,0,1,0,0
0,1,9.0,1,0,60,0,1,-71.0,0.0,0.0,0.0,3.0,1.0,3.0,1.0,240,0,0,0,0,0,0,0,1,0,0,0,0
0,2,4.0,0,0,60,0,0,-82.0,93.0,1.0,0.0,313.0,28.0,14.0,2.8454545454545452,240,0,0,0,0,0,0,0,0,0,0,1,0
0,2,9.0,0,0,60,0,0,-116.0,77.0,1.0,0.0,917.0,38.0,21.0,4.4731707317073175,240,1,0,0,0,0,0,0,0,0,0,0,0
0,2,,0,0,60,0,0,-89.0,64.0,1.0,0.0,199.0,13.0,15.0,2.763888888888889,240,0,0,0,0,0,1,0,0,0,0,0,0
0,1,4.0,0,0,60,0,1,-44.0,80.0,1.0,0.0,104.0,12.0,16.0,2.260869565217391,240,0,0,0,0,1,0,0,0,0,0,0,0
0,1,0.0,0,0,120,1,0,3.0,67.0,1.0,0.0,102.0,6.0,10.0,2.914285714285714,240,1,0,0,0,0,0,0,0,0,0,0,0
0,2,,0,0,120,0,1,-29.0,0.0,0.0,0.0,100.0,5.0,19.0,2.7777777777777777,240,0,0,0,1,0,0,0,0,0,0,0,0
0,2,5.0,0,0,120,0,0,-77.0,65.0,1.0,0.0,77.0,13.0,12.0,2.026315789473684,240,0,0,0,0,0,0,0,0,0,0,1,0
0,1,2.0,1,0,60,0,0,-24.0,40.0,1.0,0.0,57.0,5.0,14.0,1.78125,240,0,0,0,0,0,0,0,0,0,0,0,0
0,1,2.0,0,0,120,0,1,-87.0,71.0,1.0,0.0,323.0,20.0,31.0,2.6260162601626016,240,0,0,0,0,0,0,0,0,0,1,0,0
0,2,2.0,0,0,150,0,0,-111.0,70.0,1.0,0.0,226.0,22.0,19.0,2.973684210526316,240,0,0,0,0,0,0,0,0,0,0,1,0
0,1,7.0,0,0,60,0,1,-46.0,73.0,1.0,0.0,380.0,19.0,28.0,2.6573426573426575,240,0,0,0,0,0,1,0,0,0,0,0,0
0,1,6.0,0,0,60,0,1,-23.0,71.0,1.0,0.0,336.0,22.0,28.0,2.1,240,1,0,0,0,0,0,0,0,0,0,0,0
0,1,3.0,0,0,60,0,1,-119.0,70.0,1.0,0.0,251.0,14.0,44.0,2.302752293577982,240,1,0,0,0,0,0,0,0,0,0,0,0
0,2,2.0,0,0,60,0,1,-94.0,74.0,1.0,0.0,295.0,20.0,27.0,2.43801652892562,240,0,0,1,0,0,0,0,0,0,0,0,0
0,1,,0,0,60,0,1,-107.0,73.0,1.0,0.0,75.0,9.0,7.0,2.272727272727273,240,0,0,0,0,0,1,0,0,0,0,0,0
0,1,2.0,0,0,60,0,0,-52.0,78.0,1.0,0.0,498.0,36.0,20.0,3.744360902255639,240,0,0,0,0,0,0,1,0,0,0,0,0
0,1,5.0,1,0,60,0,1,-77.0,65.0,1.0,0.0,138.0,13.0,25.0,2.0597014925373136,240,0,1,0,0,0,0,0,0,0,0,0,0
0,1,7.0,1,0,60,0,0,-88.0,73.0,1.0,0.0,165.0,10.0,16.0,3.0,240,0,0,0,0,0,0,0,0,0,0,0,0
0,2,7.0,0,0,60,0,0,-113.0,75.0,1.0,0.0,582.0,27.0,25.0,3.6835443037974684,240,0,0,0,0,0,0,0,0,0,0,0,0
0,2,6.0,0,0,60,1,0,-61.0,83.0,1.0,0.0,180.0,17.0,19.0,2.2222222222222223,240,0,0,0,0,0,0,0,0,0,0,0,0
0,1,3.0,1,0,60,0,0,-22.0,93.0,1.0,0.0,1377.0,24.0,19.0,8.660377358490566,240,1,0,0,0,0,0,0,0,0,0,0,0
1,1,8.0,0,0,120,0,1,-79.0,0.0,0.0,0.0,37.0,2.0,11.0,2.0555555555555554,240,0,0,0,1,0,0,0,0,0,0,0,0
0,3,,0,0,60,0,0,-94.0,70.0,1.0,0.0,122.0,10.0,12.0,2.652173913043478,240,0,0,0,0,1,0,0,0,0,0,0,0
0,2,3.0,0,0,60,0,0,-68.0,64.0,1.0,0.0,66.0,5.0,10.0,2.4444444444444446,240,0,0,0,0,0,0,0,0,0,0,0,0
0,2,2.0,0,0,60,0,0,-44.0,89.0,1.0,0.0,2946.0,40.0,69.0,5.892,240,0,0,0,0,0,0,0,0,0,0,0,0
0,2,2.0,1,0,120,0,1,-93.0,81.5,2.0,2.1213203435596424,39.0,4.0,7.0,2.1666666666666665,240,0,0,0,0,0,0,0,0,0,0,0,0
0,2,6.0,0,0,120,0,0,-76.0,81.0,1.0,0.0,473.0,30.0,22.0,3.4779411764705883,240,0,0,0,0,0,0,0,0,0,1,0,0
0,1,3.0,0,0,120,0,1,-128.0,58.0,1.0,0.0,219.0,17.0,8.0,3.65,240,0,0,1,0,0,0,0,0,0,0,0,0
0,2,7.0,0,0,120,0,0,-130.0,80.0,1.0,0.0,360.0,28.0,23.0,2.769230769230769,240,0,0,0,0,0,0,0,0,1,0,0,0
0,1,4.0,0,0,60,0,1,-86.0,0.0,0.0,0.0,55.0,5.0,9.0,3.9285714285714284,240,0,0,0,0,1,0,0,0,0,0,0,0
0,2,2.0,0,0,120,0,0,-52.0,80.0,1.0,0.0,164.0,17.0,10.0,2.0246913580246915,240,0,0,0,0,0,0,0,0,0,0,0,1
0,1,2.0,0,0,120,0,1,-94.0,73.0,1.0,0.0,194.0,14.0,22.0,2.9846153846153847,240,0,0,0,0,0,0,0,0,0,0,0,1
0,2,2.0,0,0,120,0,0,-93.0,83.0,1.0,0.0,342.0,26.0,25.0,3.8,240,0,0,0,0,0,0,0,0,0,0,0,1
0,1,,1,0,60,0,1,-36.0,45.0,1.0,0.0,454.0,20.0,20.0,3.0884353741496597,240,0,0,0,0,0,0,0,0,0,0,1,0
0,1,7.0,0,0,60,1,0,-64.0,79.0,1.0,0.0,47.0,7.0,7.0,1.88,240,0,0,0,0,0,0,0,1,0,0,0,0
0,1,0.0,1,0,60,0,1,-90.0,0.0,0.0,0.0,0.0,0.0,0.0,0.0,240,0,1,0,0,0,0,0,0,0,0,0,0
0,1,3.0,0,0,60,0,1,-106.0,0.0,0.0,0.0,22.0,2.0,10.0,1.8333333333333333,240,1,0,0,0,0,0,0,0,0,0,0,0
0,1,7.0,0,0,60,0,1,-106.0,69.0,1.0,0.0,157.0,18.0,20.0,1.891566265060241,240,0,0,0,0,0,1,0,0,0,0,0,0
0,1,0.0,1,0,60,0,1,-93.0,60.0,1.0,0.0,294.0,20.0,21.0,2.4705882352941178,240,0,0,0,0,1,0,0,0,0,0,0,0
0,2,9.0,0,0,60,0,0,-86.0,77.0,1.0,0.0,71.0,5.0,16.0,2.21875,240,0,0,0,0,0,0,0,0,0,1,0,0
0,1,0.0,0,0,60,1,1,-96.0,65.0,1.0,0.0,124.0,11.0,14.0,2.6956521739130435,240,0,0,0,0,0,0,0,1,0,0,0,0
0,1,2.0,0,0,60,0,1,-28.0,0.0,0.0,0.0,142.0,8.0,20.0,2.6296296296296298,240,0,0,0,0,0,0,0,0,0,0,0,1
0,2,0.0,0,0,75,0,1,-127.0,0.0,0.0,0.0,0.0,0.0,0.0,0.0,240,0,0,0,0,0,0,0,0,0,1,0,0
0,2,,0,0,60,0,1,-89.0,60.0,1.0,0.0,137.0,8.0,39.0,1.691358024691358,240,0,0,0,0,0,0,0,0,0,0,1,0
0,3,2.0,0,0,60,0,1,-106.0,84.0,1.0,0.0,2447.0,29.0,24.0,11.38139534883721,240,0,0,0,0,0,1,0,0,0,0,0,0
0,1,2.0,0,0,60,0,1,-50.0,55.0,1.0,0.0,315.0,17.0,31.0,2.2992700729927007,240,0,0,0,0,0,0,0,0,0,1,0,0
0,2,8.0,0,0,60,0,0,-25.0,80.0,1.0,0.0,23.0,6.0,5.0,1.9166666666666667,240,0,0,0,0,0,0,0,1,0,0,0,0
0,1,5.0,0,0,120,0,0,-82.0,87.0,1.0,0.0,1017.0,28.0,31.0,5.2153846153846155,240,0,0,0,0,0,0,0,0,0,1,0,0
0,2,7.0,0,0,120,0,0,-18.0,77.0,1.0,0.0,436.0,23.0,34.0,2.1584158415841586,240,0,0,0,0,0,0,0,0,0,0,0,1
0,1,,0,0,60,0,0,-100.0,80.0,1.0,0.0,424.0,22.0,29.0,2.735483870967742,240,0,0,0,1,0,0,0,0,0,0,0,0
1,2,3.0,0,0,120,0,1,-8.0,59.0,1.0,0.0,63.0,12.0,21.0,1.5365853658536586,240,0,0,1,0,0,0,0,0,0,0,0,0
0,1,3.0,1,0,90,0,1,-16.0,0.0,0.0,0.0,93.0,4.0,16.0,3.1,240,0,0,1,0,0,0,0,0,0,0,0,0
0,3,9.0,0,0,120,0,0,-80.0,85.0,1.0,0.0,234.0,10.0,21.0,4.333333333333333,240,0,0,0,0,0,0,0,1,0,0,0,0
0,1,6.0,1,0,60,0,1,-78.0,63.0,1.0,0.0,302.0,15.0,22.0,2.5811965811965814,240,0,0,0,0,0,0,0,1,0,0,0,0
0,2,7.0,0,0,120,0,0,-76.0,64.0,1.0,0.0,97.0,7.0,14.0,2.108695652173913,240,0,0,0,0,0,0,0,0,1,0,0,0
0,3,2.0,0,0,60,0,1,-72.0,0.0,0.0,0.0,0.0,0.0,0.0,0.0,240,0,0,0,0,0,0,0,1,0,0,0,0
0,2,2.0,0,0,180,0,0,-113.0,88.0,1.0,0.0,1362.0,34.0,26.0,6.70935960591133,240,0,1,0,0,0,0,0,0,0,0,0,0
0,2,6.0,0,0,60,0,0,-92.0,73.0,1.0,0.0,136.0,9.0,16.0,2.6153846153846154,240,0,0,0,0,0,0,1,0,0,0,0,0
0,2,7.0,0,0,60,0,0,-86.0,56.0,1.0,0.0,177.0,11.0,36.0,1.903225806451613,240,0,0,0,0,0,0,0,1,0,0,0,0
0,2,4.0,1,0,60,0,0,-73.0,90.0,1.0,0.0,874.0,30.0,29.0,4.482051282051282,240,0,0,0,0,0,0,0,0,1,0,0,0
0,3,9.0,0,0,120,0,0,-58.0,87.0,1.0,0.0,224.0,22.0,24.0,2.217821782178218,240,0,0,0,0,0,0,0,1,0,0,0,0
0,1,8.0,0,0,60,0,0,-113.0,76.0,1.0,0.0,497.0,32.0,21.0,3.5755395683453237,240,0,0,0,0,0,0,0,0,1,0,0,0
0,1,,0,0,60,0,1,-46.0,0.0,0.0,0.0,0.0,0.0,0.0,0.0,240,0,1,0,0,0,0,0,0,0,0,0,0
0,1,0.0,0,0,60,0,1,-93.0,0.0,0.0,0.0,40.0,4.0,16.0,1.6666666666666667,240,1,0,0,0,0,0,0,0,0,0,0,0
0,1,,1,0,120,0,0,-86.0,85.0,1.0,0.0,619.0,28.0,24.0,3.967948717948718,240,0,0,0,0,0,0,0,0,0,0,0,1
0,1,0.0,0,0,60,0,0,-104.0,85.0,1.0,0.0,171.0,21.0,17.0,2.310810810810811,240,0,0,0,0,1,0,0,0,0,0,0,0
0,1,5.0,1,0,60,0,0,-89.0,65.0,1.0,0.0,285.0,26.0,23.0,2.159090909090909,240,0,0,0,0,0,0,0,1,0,0,0,0
0,1,0.0,1,0,120,0,1,-36.0,75.0,1.0,0.0,1352.0,38.0,42.0,4.121951219512195,240,0,0,0,0,1,0,0,0,0,0,0,0
0,2,6.0,0,0,60,0,0,-72.0,70.0,1.0,0.0,172.0,13.0,22.0,2.4571428571428573,240,0,0,0,0,0,0,0,0,0,0,0,0
0,1,7.0,0,0,60,0,0,-34.0,42.0,1.0,0.0,50.0,4.0,14.0,2.1739130434782608,240,0,0,0,0,0,0,0,0,0,0,0,0
0,2,6.0,0,0,60,0,0,-73.0,81.0,1.0,0.0,358.0,24.0,30.0,2.402684563758389,240,0,0,0,0,0,0,0,0,0,0,0,0
0,2,5.0,1,0,120,0,1,-22.0,65.0,1.0,0.0,172.0,16.0,17.0,2.356164383561644,240,0,0,0,1,0,0,0,0,0,0,0,0
1,2,4.0,1,0,60,0,1,-89.0,84.0,1.0,0.0,285.0,25.0,17.0,2.7142857142857144,240,0,0,0,0,0,0,0,0,0,0,1,0
0,2,5.0,0,0,60,0,0,-98.0,65.0,1.0,0.0,1237.0,31.0,48.0,5.219409282700422,240,0,0,0,0,0,0,0,0,1,0,0,0
0,1,2.0,1,0,120,0,1,-89.0,77.0,1.0,0.0,60.0,5.0,10.0,3.1578947368421053,240,1,0,0,0,0,0,0,0,0,0,0,0
0,2,3.0,1,0,120,0,0,-8.0,80.0,1.0,0.0,415.0,23.0,26.0,3.32,240,0,0,1,0,0,0,0,0,0,0,0,0
0,1,,0,0,60,0,1,-72.0,78.0,1.0,0.0,384.0,24.0,23.0,3.0,240,0,0,0,0,0,0,0,0,0,0,0,1
0,3,5.0,1,0,60,0,0,-83.0,75.0,1.0,0.0,352.0,25.0,25.0,2.3466666666666667,240,0,0,1,0,0,0,0,0,0,0,0,0
0,3,6.0,1,0,60,0,0,-46.0,73.0,1.0,0.0,352.0,19.0,22.0,3.52,240,0,0,0,0,1,0,0,0,0,0,0,0
0,2,8.0,0,0,120,0,1,-95.0,74.0,1.0,0.0,74.0,8.0,10.0,2.466666666666667,240,0,0,0,0,0,0,1,0,0,0,0,0
0,1,5.0,0,0,60,0,1,-100.0,80.0,1.0,0.0,254.0,18.0,16.0,2.953488372093023,240,0,0,0,0,0,0,0,0,0,1,0,0
0,1,6.0,0,0,60,0,0,-43.0,79.0,1.0,0.0,912.0,38.0,27.0,4.28169014084507,240,0,0,0,0,0,0,0,0,0,0,0,0
0,1,6.0,0,0,60,0,0,-76.0,73.0,1.0,0.0,201.0,14.0,17.0,2.6447368421052633,240,0,0,0,0,0,0,0,0,0,0,0,1
0,3,2.0,0,0,60,0,0,-59.0,62.0,1.0,0.0,61.0,4.0,12.0,2.5416666666666665,240,0,0,0,0,0,1,0,0,0,0,0,0
0,1,2.0,1,0,60,0,0,-90.0,61.0,1.0,0.0,631.0,35.0,33.0,2.596707818930041,240,0,0,1,0,0,0,0,0,0,0,0,0
0,2,2.0,0,0,60,0,0,-90.0,68.0,1.0,0.0,159.0,9.0,21.0,2.3043478260869565,240,0,0,0,0,0,0,0,0,1,0,0,0
1,1,8.0,0,0,60,0,1,-65.0,0.0,0.0,0.0,128.0,8.0,18.0,2.098360655737705,240,0,0,0,0,0,0,0,1,0,0,0,0
0,2,6.0,0,0,120,0,0,-87.0,93.0,1.0,0.0,739.0,29.0,36.0,3.092050209205021,240,0,0,0,0,0,0,0,1,0,0,0,0
0,0,2.0,1,0,60,0,1,-16.0,0.0,0.0,0.0,0.0,0.0,0.0,0.0,240,0,0,1,0,0,0,0,0,0,0,0,0
0,2,2.0,0,0,60,0,1,-95.0,69.0,1.0,0.0,284.0,14.0,26.0,3.227272727272727,240,0,0,0,0,0,0,0,0,1,0,0,0
0,1,3.0,0,0,60,0,0,-89.0,45.0,1.0,0.0,170.0,9.0,16.0,2.7419354838709675,240,0,0,1,0,0,0,0,0,0,0,0,0
0,1,4.0,0,0,60,0,1,-86.0,0.0,0.0,0.0,21.0,1.0,4.0,3.5,240,0,0,0,0,0,0,0,0,0,0,1,0
0,2,2.0,0,0,60,0,0,-27.0,76.0,1.0,0.0,42.0,3.0,6.0,3.5,240,0,1,0,0,0,0,0,0,0,0,0,0
0,1,3.0,1,0,120,0,1,-23.0,73.0,1.0,0.0,53.0,6.0,10.0,2.409090909090909,240,0,0,0,0,0,0,0,0,0,1,0,0
0,1,7.0,0,0,60,0,1,-90.0,55.0,1.0,0.0,353.0,19.0,20.0,4.057471264367816,240,0,0,0,0,0,0,0,0,0,0,0,0
0,1,8.0,1,0,60,0,0,-118.0,86.0,1.0,0.0,211.0,22.0,25.0,2.3707865168539324,240,0,0,0,0,0,0,0,0,0,0,0,1
1,2,,0,0,60,0,1,-93.0,0.0,0.0,0.0,0.0,0.0,0.0,0.0,240,0,0,1,0,0,0,0,0,0,0,0,0
0,1,4.0,0,0,60,0,0,-90.0,74.0,1.0,0.0,2959.0,35.0,26.0,11.082397003745319,240,0,0,0,0,0,0,0,1,0,0,0,0
0,3,3.0,1,0,60,0,0,-29.0,79.0,1.0,0.0,299.0,11.0,22.0,3.3222222222222224,240,0,0,0,0,0,0,0,0,1,0,0,0
0,2,9.0,0,0,75,0,0,-44.0,75.0,1.0,0.0,79.0,4.0,6.0,3.4347826086956523,240,0,0,0,0,1,0,0,0,0,0,0,0
0,1,0.0,1,0,120,0,1,-46.0,59.0,1.0,0.0,42.0,4.0,11.0,1.75,240,0,0,0,0,1,0,0,0,0,0,0,0
0,1,8.0,1,0,60,0,0,-59.0,70.0,1.0,0.0,94.0,8.0,10.0,2.764705882352941,240,0,0,0,0,0,0,0,0,0,0,0,0
0,2,3.0,0,0,120,0,0,-90.0,70.0,1.0,0.0,320.0,18.0,29.0,2.3529411764705883,240,0,0,0,0,0,0,0,0,0,0,0,0
0,2,3.0,0,0,120,0,0,-86.0,61.0,1.0,0.0,87.0,10.0,11.0,2.0714285714285716,240,0,0,0,0,0,0,0,1,0,0,0,0
0,1,0.0,0,0,60,0,0,-46.0,65.0,1.0,0.0,388.0,12.0,26.0,4.127659574468085,240,0,0,0,0,0,0,0,0,0,1,0,0
0,2,5.0,1,0,60,0,0,-48.0,68.0,1.0,0.0,11.0,3.0,2.0,1.8333333333333333,240,0,0,0,0,0,0,0,0,0,0,0,0
0,2,0.0,0,0,120,0,1,-82.0,83.0,1.0,0.0,98.0,7.0,15.0,2.3333333333333335,240,0,0,0,0,0,0,0,1,0,0,0,0
0,2,2.0,0,0,60,0,1,-82.0,85.0,1.0,0.0,128.0,14.0,17.0,2.064516129032258,240,1,0,0,0,0,0,0,0,0,0,0,0
0,2,,0,0,60,0,1,-86.0,55.0,1.0,0.0,85.0,5.0,13.0,2.4285714285714284,240,0,0,1,0,0,0,0,0,0,0,0,0
0,3,4.0,1,0,60,1,0,-15.0,62.0,1.0,0.0,573.0,22.0,30.0,3.720779220779221,240,0,0,0,0,0,1,0,0,0,0,0,0
0,1,,0,0,60,0,1,-92.0,80.0,1.0,0.0,104.0,5.0,20.0,2.5365853658536586,240,0,0,0,0,0,0,0,0,0,0,1,0
0,1,7.0,0,0,60,1,0,-66.0,80.0,1.0,0.0,274.0,12.0,24.0,2.9148936170212765,240,0,0,0,0,0,0,0,0,0,0,0,0
0,1,,0,0,60,0,0,-30.0,48.0,1.0,0.0,140.0,11.0,24.0,2.2222222222222223,240,0,0,0,0,0,0,0,0,1,0,0,0
0,1,3.0,0,0,60,1,1,-93.0,80.0,1.0,0.0,105.0,6.0,17.0,2.763157894736842,240,0,0,0,0,0,0,0,0,0,0,0,0
0,1,2.0,0,0,90,0,1,-94.0,68.0,1.0,0.0,257.0,21.0,24.0,2.3577981651376145,240,0,0,0,0,0,0,0,0,0,0,1,0
0,1,8.0,1,0,60,0,0,-93.0,75.0,1.0,0.0,476.0,27.0,22.0,3.689922480620155,240,1,0,0,0,0,0,0,0,0,0,0,0
0,2,5.0,1,0,60,0,0,-55.0,67.0,1.0,0.0,35.0,3.0,7.0,2.9166666666666665,240,0,0,0,0,0,1,0,0,0,0,0,0
0,1,5.0,0,0,60,0,0,-113.0,90.0,1.0,0.0,320.0,24.0,15.0,3.018867924528302,240,0,0,0,0,0,0,1,0,0,0,0,0
0,0,0.0,0,0,60,0,0,-89.0,69.0,1.0,0.0,110.0,9.0,22.0,2.037037037037037,240,0,0,0,0,1,0,0,0,0,0,0,0
0,2,7.0,0,0,120,0,1,-43.0,64.0,1.0,0.0,214.0,16.0,20.0,2.3516483516483517,240,0,0,0,0,0,0,0,0,0,1,0,0
0,2,0.0,0,0,60,0,1,-43.0,75.0,1.0,0.0,37.0,3.0,9.0,2.3125,240,0,1,0,0,0,0,0,0,0,0,0,0
0,2,3.0,0,0,60,0,0,-55.0,70.0,1.0,0.0,55.0,5.0,11.0,2.1153846153846154,240,0,0,0,1,0,0,0,0,0,0,0,0
0,2,7.0,0,0,60,0,0,-72.0,89.0,1.0,0.0,112.0,9.0,14.0,2.382978723404255,240,0,0,0,0,1,0,0,0,0,0,0,0
1,3,2.0,0,0,60,0,1,-87.0,57.0,1.0,0.0,2.0,1.0,1.0,2.0,240,0,0,0,0,0,0,0,0,0,1,0,0
0,2,5.0,1,0,60,0,0,-22.0,69.0,1.0,0.0,32.0,5.0,11.0,1.6842105263157894,240,0,0,0,0,0,0,0,0,0,0,0,0
0,2,0.0,0,0,120,0,0,-43.0,80.0,1.0,0.0,75.0,13.0,12.0,2.142857142857143,240,0,0,0,0,0,0,0,0,0,0,0,1
0,2,6.0,0,0,60,0,1,-109.0,53.0,1.0,0.0,131.0,13.0,26.0,1.423913043478261,240,0,0,0,0,0,0,0,0,0,0,0,0
1,1,0.0,0,0,60,0,1,-64.0,37.0,1.0,0.0,48.0,6.0,11.0,1.3714285714285714,240,0,0,0,0,0,0,0,0,0,0,1,0
0,1,,0,0,60,0,1,-50.0,0.0,0.0,0.0,0.0,0.0,0.0,0.0,240,0,0,0,0,0,1,0,0,0,0,0,0
0,1,5.0,0,0,60,0,1,-82.0,82.0,1.0,0.0,143.0,10.0,14.0,2.86,240,0,0,0,0,0,0,0,1,0,0,0,0
1,2,0.0,1,0,120,0,1,-73.0,50.0,1.0,0.0,44.0,1.0,14.0,2.4444444444444446,240,0,0,0,0,0,0,0,0,0,1,0,0
0,1,5.0,0,0,60,0,1,-86.0,73.0,1.0,0.0,96.0,9.0,13.0,2.4615384615384617,240,1,0,0,0,0,0,0,0,0,0,0,0
0,1,4.0,0,0,60,0,0,-102.0,67.0,1.0,0.0,195.0,9.0,22.0,2.91044776119403,240,0,0,0,0,0,0,0,0,0,1,0,0
0,1,3.0,1,0,60,0,1,-16.0,0.0,0.0,0.0,134.0,14.0,17.0,2.3508771929824563,240,0,0,1,0,0,0,0,0,0,0,0,0
0,2,0.0,0,0,60,0,1,-53.0,18.0,1.0,0.0,0.0,0.0,0.0,0.0,240,0,0,1,0,0,0,0,0,0,0,0,0
0,1,0.0,1,0,60,1,1,-87.0,68.0,1.0,0.0,157.0,11.0,18.0,3.3404255319148937,240,0,0,0,0,0,1,0,0,0,0,0,0
0,1,0.0,1,0,60,1,1,-23.0,70.0,1.0,0.0,137.0,7.0,22.0,2.4464285714285716,240,0,0,0,0,0,0,0,0,0,1,0,0
0,3,7.0,0,0,60,0,0,-34.0,73.0,1.0,0.0,26.0,2.0,6.0,2.1666666666666665,240,0,0,0,0,0,0,1,0,0,0,0,0
0,1,2.0,1,0,60,0,1,-94.0,73.0,1.0,0.0,82.0,7.0,16.0,2.0,240,0,0,0,0,0,0,0,1,0,0,0,0
0,2,3.0,0,0,60,0,1,-76.0,40.0,1.0,0.0,111.0,8.0,23.0,2.1346153846153846,240,0,0,0,0,0,0,0,0,0,0,0,0
0,1,3.0,1,0,60,0,0,-30.0,52.0,1.0,0.0,322.0,8.0,26.0,4.128205128205129,240,0,0,0,0,0,0,0,0,1,0,0,0
0,1,3.0,1,0,60,0,1,-44.0,0.0,0.0,0.0,0.0,0.0,0.0,0.0,240,0,0,0,0,1,0,0,0,0,0,0,0
0,1,5.0,0,0,60,0,1,-71.0,50.0,1.0,0.0,285.0,6.0,9.0,9.193548387096774,240,0,0,0,1,0,0,0,0,0,0,0,0
0,1,0.0,0,0,60,0,1,-92.0,75.0,1.0,0.0,223.0,12.0,13.0,3.716666666666667,240,0,0,0,0,1,0,0,0,0,0,0,0
0,1,0.0,0,0,60,0,1,-82.0,0.0,0.0,0.0,16.0,1.0,8.0,2.0,240,0,0,0,0,0,0,0,0,0,0,1,0
0,3,3.0,1,0,60,0,1,-65.0,69.0,1.0,0.0,115.0,9.0,23.0,2.169811320754717,240,0,0,0,0,0,0,0,0,0,0,0,0
0,1,5.0,0,0,60,0,0,-86.0,80.0,1.0,0.0,51.0,8.0,15.0,1.7,240,0,0,0,0,0,0,1,0,0,0,0,0
0,2,2.0,0,0,60,0,1,-25.0,50.0,1.0,0.0,100.0,6.0,12.0,2.7777777777777777,240,0,0,0,0,0,0,0,0,0,1,0,0
0,2,4.0,0,0,60,1,0,-28.0,85.0,1.0,0.0,351.0,15.0,33.0,2.5434782608695654,240,0,0,0,0,0,0,0,0,0,1,0,0
0,1,,0,0,60,0,1,-18.0,78.0,1.0,0.0,579.0,34.0,26.0,3.4464285714285716,240,0,0,0,0,0,0,0,0,1,0,0,0
1,2,6.0,0,0,120,1,0,-79.0,80.0,1.0,0.0,210.0,19.0,22.0,2.8767123287671232,240,0,0,1,0,0,0,0,0,0,0,0,0
0,1,0.0,0,0,60,1,0,-66.0,65.0,1.0,0.0,271.0,12.0,26.0,3.3048780487804876,240,0,0,0,0,0,0,0,0,0,1,0,0
0,0,2.0,0,0,60,0,0,-42.0,50.0,1.0,0.0,159.0,18.0,14.0,2.373134328358209,240,0,0,1,0,0,0,0,0,0,0,0,0
0,1,,1,0,120,0,0,-77.0,75.0,1.0,0.0,727.0,32.0,34.0,2.896414342629482,240,0,1,0,0,0,0,0,0,0,0,0,0
0,1,2.0,0,0,120,0,1,-58.0,80.0,1.0,0.0,39.0,4.0,13.0,1.7727272727272727,240,1,0,0,0,0,0,0,0,0,0,0,0
0,1,2.0,0,0,60,0,1,-55.0,0.0,0.0,0.0,13.0,1.0,8.0,1.625,240,0,0,0,1,0,0,0,0,0,0,0,0
0,1,8.0,1,0,90,0,0,-49.0,77.0,1.0,0.0,638.0,35.0,19.0,4.063694267515924,240,0,0,0,0,0,0,1,0,0,0,0,0
0,1,3.0,0,0,60,0,1,-16.0,25.0,1.0,0.0,38.0,6.0,16.0,1.4074074074074074,240,0,0,0,0,0,0,1,0,0,0,0,0
0,2,2.0,0,0,60,0,1,-23.0,65.0,1.0,0.0,147.0,10.0,23.0,2.370967741935484,240,0,0,0,1,0,0,0,0,0,0,0,0
0,2,6.0,0,0,60,0,0,-60.0,80.0,1.0,0.0,288.0,16.0,28.0,2.823529411764706,240,0,0,0,0,0,0,0,1,0,0,0,0
0,1,0.0,0,0,120,0,0,-55.0,83.0,1.0,0.0,514.0,36.0,25.0,2.622448979591837,240,0,0,0,0,0,0,0,0,0,0,1,0
0,1,,0,0,60,0,1,-53.0,0.0,0.0,0.0,0.0,0.0,0.0,0.0,240,0,0,0,0,0,1,0,0,0,0,0,0
0,1,2.0,0,0,180,0,1,-78.0,60.0,1.0,0.0,92.0,8.0,16.0,2.090909090909091,240,0,0,1,0,0,0,0,0,0,0,0,0
0,1,0.0,0,0,60,0,1,-74.0,73.0,1.0,0.0,1338.0,33.0,27.0,7.042105263157895,240,0,0,0,0,0,1,0,0,0,0,0,0
0,2,6.0,0,0,60,0,1,-28.0,60.0,1.0,0.0,10.0,2.0,2.0,1.6666666666666667,240,0,1,0,0,0,0,0,0,0,0,0,0
1,1,8.0,0,0,60,0,0,-82.0,83.0,1.0,0.0,400.0,14.0,25.0,3.3057851239669422,240,0,0,0,0,0,0,0,1,0,0,0,0
0,1,2.0,0,0,120,0,1,-65.0,38.0,1.0,0.0,16.0,2.0,6.0,2.2857142857142856,240,0,0,0,1,0,0,0,0,0,0,0,0
0,2,3.0,0,0,60,0,1,-27.0,0.0,0.0,0.0,113.0,4.0,19.0,3.53125,240,1,0,0,0,0,0,0,0,0,0,0,0
0,1,0.0,1,0,60,0,1,-78.0,78.0,1.0,0.0,292.0,10.0,31.0,3.2808988764044944,240,0,0,0,0,0,0,0,0,0,1,0,0
0,1,0.0,0,0,60,0,0,-68.0,59.0,1.0,0.0,782.0,26.0,23.0,4.443181818181818,240,0,0,0,0,1,0,0,0,0,0,0,0
0,3,0.0,1,0,60,0,1,-15.0,70.0,1.0,0.0,90.0,6.0,12.0,2.903225806451613,240,0,0,0,0,0,0,0,0,0,1,0,0
0,1,0.0,0,0,60,0,1,-78.0,55.0,1.0,0.0,75.0,4.0,10.0,2.8846153846153846,240,0,0,0,1,0,0,0,0,0,0,0,0
0,1,4.0,0,0,60,0,0,-86.0,70.0,1.0,0.0,200.0,14.0,16.0,2.6666666666666665,240,0,0,0,0,0,0,0,0,0,0,1,0
0,1,9.0,0,0,60,0,1,-86.0,67.0,1.0,0.0,119.0,8.0,15.0,2.38,240,0,0,0,0,0,0,0,0,0,0,0,0
0,2,5.0,0,0,120,1,0,-50.0,66.0,1.0,0.0,409.0,23.0,22.0,2.605095541401274,240,0,0,0,0,0,0,0,0,0,0,0,0
0,1,,0,0,60,0,1,-24.0,40.0,1.0,0.0,61.0,6.0,22.0,1.6486486486486487,240,0,0,1,0,0,0,0,0,0,0,0,0
0,2,5.0,0,0,60,0,0,-89.0,76.0,1.0,0.0,279.0,29.0,23.0,2.325,240,0,0,0,0,0,0,0,0,0,0,0,0
0,2,0.0,0,0,60,0,0,-59.0,57.0,1.0,0.0,45.0,5.0,11.0,2.25,240,0,0,0,0,0,0,0,0,0,0,1,0
0,1,3.0,0,0,60,0,0,-77.0,89.0,1.0,0.0,307.0,23.0,17.0,2.623931623931624,240,0,0,0,0,0,0,1,0,0,0,0,0
0,2,2.0,1,0,60,0,1,-74.0,50.0,1.0,0.0,167.0,14.0,19.0,2.1973684210526314,240,0,0,0,0,1,0,0,0,0,0,0,0
0,2,9.0,0,0,120,0,0,-55.0,80.0,1.0,0.0,825.0,35.0,30.0,4.1457286432160805,240,0,0,0,0,0,0,0,1,0,0,0,0
0,2,8.0,0,0,60,0,0,-68.0,69.0,1.0,0.0,58.0,6.0,7.0,2.5217391304347827,240,0,0,0,0,0,0,0,0,0,0,1,0
0,2,4.0,1,0,60,0,1,-18.0,72.0,1.0,0.0,34.0,4.0,8.0,2.0,240,0,0,0,0,1,0,0,0,0,0,0,0
1,2,4.0,1,0,60,0,1,-58.0,70.0,1.0,0.0,418.0,12.0,38.0,3.051094890510949,240,0,0,0,0,0,0,0,0,0,0,1,0
1,2,4.0,0,0,60,0,1,-48.0,53.0,1.0,0.0,133.0,13.0,18.0,2.2542372881355934,240,0,0,0,0,0,0,0,0,0,0,0,0
0,1,6.0,0,0,60,0,1,-68.0,0.0,0.0,0.0,40.0,5.0,9.0,1.7391304347826086,240,0,0,0,0,0,0,0,0,0,0,0,0
0,3,9.0,0,0,60,0,0,-23.0,73.0,1.0,0.0,605.0,27.0,27.0,3.398876404494382,240,0,0,0,0,0,0,0,0,0,0,0,0
0,1,0.0,0,0,60,0,1,-86.0,60.0,1.0,0.0,776.0,39.0,43.0,2.7714285714285714,240,1,0,0,0,0,0,0,0,0,0,0,0
0,2,2.0,0,0,60,0,1,-78.0,0.0,0.0,0.0,0.0,0.0,0.0,0.0,240,0,0,0,0,0,1,0,0,0,0,0,0
0,1,0.0,0,0,60,0,1,-73.0,65.0,1.0,0.0,33.0,7.0,12.0,1.375,240,0,0,0,0,0,0,0,0,0,0,0,1
1,1,8.0,0,0,90,0,1,-86.0,70.0,1.0,0.0,177.0,15.0,20.0,2.6417910447761193,240,0,0,0,0,0,0,1,0,0,0,0,0
0,1,2.0,0,0,60,0,1,-60.0,0.0,0.0,0.0,2.0,1.0,1.0,2.0,240,0,0,0,0,0,0,0,0,0,0,1,0
0,2,,0,0,60,0,0,-74.0,71.0,1.0,0.0,127.0,8.0,18.0,2.8863636363636362,240,0,0,0,0,0,0,0,0,0,0,0,1
0,2,0.0,1,0,60,0,1,-74.0,65.0,1.0,0.0,314.0,17.0,22.0,3.925,240,0,0,1,0,0,0,0,0,0,0,0,0
1,1,3.0,1,0,60,1,1,-44.0,0.0,0.0,0.0,26.0,4.0,12.0,1.7333333333333334,240,0,0,0,0,0,0,0,1,0,0,0,0
0,3,3.0,1,0,60,0,0,-86.0,87.0,1.0,0.0,175.0,13.0,22.0,2.573529411764706,240,0,0,0,0,0,0,0,0,0,1,0,0
0,1,5.0,0,0,60,1,0,-49.0,57.0,1.0,0.0,147.0,10.0,10.0,2.5344827586206895,240,0,0,0,0,0,0,0,0,1,0,0,0
0,1,2.0,0,0,60,0,0,-66.0,61.0,1.0,0.0,63.0,4.0,8.0,3.5,240,0,0,0,0,0,0,0,0,0,0,0,0
0,3,,0,0,60,0,1,-79.0,77.0,1.0,0.0,232.0,20.0,16.0,2.697674418604651,240,0,0,0,0,0,1,0,0,0,0,0,0
1,1,0.0,1,0,60,0,1,-74.0,0.0,0.0,0.0,0.0,0.0,0.0,0.0,240,0,0,0,0,0,1,0,0,0,0,0,0
0,3,0.0,0,0,120,0,1,-15.0,64.0,1.0,0.0,216.0,10.0,20.0,4.153846153846154,240,0,1,0,0,0,0,0,0,0,0,0,0
0,1,7.0,0,0,60,0,1,-46.0,68.0,1.0,0.0,169.0,6.0,19.0,3.4489795918367347,240,0,0,0,0,0,0,0,0,0,1,0,0
0,1,9.0,1,0,120,0,0,-30.0,78.0,1.0,0.0,139.0,6.0,20.0,3.861111111111111,240,0,0,0,0,0,0,0,1,0,0,0,0
0,0,2.0,0,0,60,0,1,-77.0,52.0,1.0,0.0,172.0,14.0,15.0,2.324324324324324,240,0,0,1,0,0,0,0,0,0,0,0,0
0,2,2.0,0,0,60,0,0,-80.0,40.0,1.0,0.0,5.0,1.0,3.0,1.6666666666666667,240,0,0,0,0,0,0,0,0,0,1,0,0
0,1,7.0,0,0,60,0,1,-23.0,75.0,1.0,0.0,195.0,12.0,20.0,2.635135135135135,240,0,0,0,0,0,0,0,1,0,0,0,0
0,1,3.0,0,0,60,0,0,-59.0,30.0,1.0,0.0,82.0,6.0,16.0,2.411764705882353,240,0,0,0,0,0,0,0,0,0,0,0,0
0,1,0.0,1,0,60,0,0,-46.0,74.0,1.0,0.0,376.0,19.0,20.0,3.650485436893204,240,0,0,0,0,0,1,0,0,0,0,0,0
0,1,4.0,0,0,60,0,0,-94.0,73.0,1.0,0.0,250.0,17.0,17.0,2.6595744680851063,240,0,0,0,0,0,0,1,0,0,0,0,0
1,2,4.0,1,0,60,0,1,-48.0,0.0,0.0,0.0,23.0,3.0,7.0,2.3,240,0,0,0,0,0,0,0,0,0,1,0,0
0,2,0.0,0,0,60,0,1,-55.0,59.0,1.0,0.0,306.0,10.0,22.0,3.3626373626373627,240,0,0,0,0,1,0,0,0,0,0,0,0
0,1,9.0,0,0,60,0,1,-24.0,67.0,1.0,0.0,685.0,26.0,26.0,3.7845303867403315,240,0,0,0,0,0,1,0,0,0,0,0,0
0,3,7.0,1,0,60,0,0,-73.0,71.0,1.0,0.0,214.0,16.0,21.0,2.779220779220779,240,0,0,0,0,0,1,0,0,0,0,0,0
0,2,4.0,0,0,60,0,0,-73.0,87.0,1.0,0.0,287.0,12.0,27.0,2.9895833333333335,240,1,0,0,0,0,0,0,0,0,0,0,0
0,1,5.0,0,0,60,0,1,-71.0,0.0,0.0,0.0,55.0,1.0,7.0,5.0,240,0,0,0,0,1,0,0,0,0,0,0,0
0,2,3.0,0,0,60,0,0,-73.0,90.0,1.0,0.0,355.0,19.0,19.0,3.349056603773585,240,0,0,0,0,0,0,0,0,0,1,0,0
0,2,3.0,0,0,60,0,0,-68.0,84.0,1.0,0.0,585.0,31.0,20.0,3.848684210526316,240,1,0,0,0,0,0,0,0,0,0,0,0
0,1,5.0,0,0,120,0,0,-76.0,54.0,1.0,0.0,6.0,1.0,3.0,1.2,240,0,0,0,0,0,0,0,0,0,0,0,0
0,2,,0,0,60,0,0,-24.0,65.0,1.0,0.0,281.0,19.0,30.0,2.6018518518518516,240,0,0,1,0,0,0,0,0,0,0,0,0
0,2,2.0,1,0,60,0,1,-24.0,70.0,1.0,0.0,200.0,8.0,32.0,3.076923076923077,240,0,0,1,0,0,0,0,0,0,0,0,0
0,2,0.0,0,0,60,0,1,-92.0,0.0,0.0,0.0,0.0,0.0,0.0,0.0,240,0,0,0,0,0,0,0,0,0,0,1,0
0,1,,1,0,60,1,1,-55.0,60.0,1.0,0.0,67.0,9.0,20.0,1.6341463414634145,240,0,0,1,0,0,0,0,0,0,0,0,0
1,3,6.0,0,0,180,0,0,-82.0,83.0,1.0,0.0,78.0,3.0,15.0,2.689655172413793,240,0,0,0,0,0,0,0,0,0,1,0,0
0,3,2.0,0,0,60,0,1,-24.0,74.0,1.0,0.0,770.0,25.0,38.0,3.5,240,0,0,1,0,0,0,0,0,0,0,0,0
0,2,6.0,0,0,60,0,1,-73.0,86.0,1.0,0.0,74.0,4.0,14.0,2.3125,240,0,0,0,0,0,0,0,0,0,0,1,0
0,2,2.0,0,0,60,0,1,-76.0,85.0,1.0,0.0,192.0,12.0,23.0,2.157303370786517,240,0,0,0,0,0,0,0,0,1,0,0,0
0,2,4.0,0,0,60,0,0,-68.0,65.0,1.0,0.0,153.0,11.0,18.0,3.25531914893617,240,0,0,0,0,0,0,0,1,0,0,0,0
0,1,,0,0,60,0,0,-65.0,71.0,1.0,0.0,355.0,19.0,33.0,2.9338842975206614,240,0,0,0,0,0,0,0,0,0,0,0,0
0,1,2.0,0,0,60,0,1,-67.0,0.0,0.0,0.0,10.0,2.0,5.0,2.0,240,0,0,0,0,0,0,0,0,0,1,0,0
0,1,2.0,0,0,60,0,0,-88.0,56.0,1.0,0.0,31.0,3.0,5.0,3.4444444444444446,240,0,0,1,0,0,0,0,0,0,0,0,0
0,2,8.0,0,0,60,0,0,-64.0,51.0,1.0,0.0,282.0,12.0,23.0,3.168539325842697,240,0,0,0,0,0,0,0,0,0,0,0,0
0,1,,0,0,60,0,1,-49.0,61.0,1.0,0.0,93.0,11.0,12.0,2.2142857142857144,240,0,0,1,0,0,0,0,0,0,0,0,0
0,1,0.0,0,0,60,0,0,-52.0,70.0,1.0,0.0,370.0,18.0,24.0,3.1092436974789917,240,0,0,0,0,0,0,0,0,0,1,0,0
0,1,,1,0,60,0,0,-15.0,68.0,1.0,0.0,239.0,9.0,27.0,2.9146341463414633,240,0,0,0,0,0,0,0,0,1,0,0,0
0,2,4.0,1,0,60,0,1,-72.0,70.0,1.0,0.0,87.0,4.0,16.0,2.6363636363636362,240,0,0,0,0,1,0,0,0,0,0,0,0
0,1,9.0,0,0,60,0,1,-42.0,0.0,0.0,0.0,108.0,6.0,19.0,2.1176470588235294,240,0,0,0,0,0,0,0,1,0,0,0,0
0,1,7.0,0,0,120,0,0,-67.0,88.0,1.0,0.0,447.0,24.0,27.0,2.9602649006622515,240,0,0,0,0,0,0,0,0,0,1,0,0
0,2,3.0,1,0,60,0,0,-46.0,92.0,1.0,0.0,252.0,17.0,23.0,2.8,240,0,0,0,0,0,0,0,0,0,0,1,0
0,2,7.0,0,0,60,0,0,-22.0,91.0,1.0,0.0,63.0,4.0,13.0,2.625,240,0,0,0,0,0,0,0,0,0,0,0,0
0,1,9.0,1,0,120,0,1,-58.0,55.0,1.0,0.0,958.0,23.0,33.0,4.766169154228856,240,0,0,0,0,0,0,0,0,0,1,0,0
1,2,4.0,0,0,60,0,0,-24.0,71.0,1.0,0.0,667.0,27.0,34.0,3.4381443298969074,240,0,0,0,0,0,0,0,0,1,0,0,0
0,2,3.0,0,0,120,0,0,-36.0,89.0,1.0,0.0,208.0,13.0,26.0,2.447058823529412,240,0,0,0,0,0,0,0,0,0,0,1,0
0,1,6.0,0,0,60,1,0,-72.0,63.0,1.0,0.0,92.0,13.0,18.0,1.9574468085106382,240,0,0,0,0,0,0,0,0,0,1,0,0
0,2,5.0,0,0,60,0,0,-65.0,80.0,1.0,0.0,190.0,13.0,12.0,3.1666666666666665,240,0,0,0,0,0,0,0,0,0,0,0,1
0,1,3.0,0,0,60,0,0,-46.0,85.0,1.0,0.0,260.0,12.0,15.0,3.8805970149253732,240,0,1,0,0,0,0,0,0,0,0,0,0
0,1,8.0,1,0,60,0,0,-58.0,90.0,1.0,0.0,1815.0,39.0,56.0,5.15625,240,0,0,0,0,0,0,1,0,0,0,0,0
0,2,0.0,0,0,60,0,0,-73.0,87.0,1.0,0.0,403.0,30.0,23.0,3.1,240,0,0,0,0,0,0,0,0,0,0,1,0
0,1,6.0,1,0,60,1,1,-50.0,0.0,0.0,0.0,0.0,0.0,0.0,0.0,240,0,0,0,0,0,1,0,0,0,0,0,0
0,2,6.0,0,0,60,0,1,-72.0,0.0,0.0,0.0,37.0,1.0,5.0,3.7,240,0,0,0,0,0,0,0,0,0,0,0,1
0,2,4.0,1,0,60,0,0,-34.0,83.0,1.0,0.0,148.0,8.0,10.0,3.441860465116279,240,0,0,0,0,0,0,0,1,0,0,0,0
1,3,8.0,0,0,120,0,0,-85.0,70.0,1.0,0.0,129.0,16.0,32.0,1.7671232876712328,240,0,0,0,0,0,0,0,1,0,0,0,0
0,2,9.0,1,0,60,0,0,-73.0,80.0,1.0,0.0,408.0,19.0,32.0,2.7755102040816326,240,0,0,0,0,0,0,0,0,1,0,0,0
0,2,3.0,0,0,120,0,0,-65.0,79.0,1.0,0.0,438.0,31.0,30.0,2.720496894409938,240,0,0,0,0,0,0,0,0,0,0,0,0
0,2,3.0,0,0,120,0,1,-52.0,53.0,1.0,0.0,117.0,12.0,31.0,1.9180327868852458,240,0,0,1,0,0,0,0,0,0,0,0,0
0,2,3.0,0,0,60,0,1,-79.0,0.0,0.0,0.0,0.0,0.0,0.0,0.0,240,0,0,0,0,0,0,0,0,1,0,0,0
0,2,6.0,1,0,60,0,0,-23.0,73.0,1.0,0.0,384.0,13.0,32.0,3.6923076923076925,240,0,0,0,0,0,0,1,0,0,0,0,0
1,1,5.0,1,0,60,0,1,-65.0,48.0,1.0,0.0,53.0,5.0,6.0,2.409090909090909,240,0,0,0,0,0,0,0,1,0,0,0,0
0,2,2.0,0,0,60,0,1,-29.0,0.0,0.0,0.0,5.0,2.0,4.0,1.0,240,0,0,0,0,0,0,1,0,0,0,0,0
0,2,2.0,0,0,60,0,1,-36.0,60.0,1.0,0.0,54.0,4.0,10.0,2.5714285714285716,240,0,0,1,0,0,0,0,0,0,0,0,0
0,1,8.0,0,0,60,0,0,-79.0,78.0,1.0,0.0,203.0,16.0,23.0,2.6025641025641026,240,0,0,0,0,0,0,0,0,0,0,0,0
0,2,5.0,0,0,60,1,1,-21.0,74.0,1.0,0.0,87.0,7.0,13.0,2.4166666666666665,240,0,0,0,0,0,0,1,0,0,0,0,0
1,2,3.0,0,0,120,0,0,-28.0,89.0,1.0,0.0,110.0,14.0,19.0,1.9642857142857142,240,0,0,0,0,1,0,0,0,0,0,0,0
1,1,,1,0,60,0,1,-58.0,0.0,0.0,0.0,0.0,0.0,0.0,0.0,240,0,0,0,0,0,0,0,0,0,1,0,0
0,1,2.0,0,0,60,0,1,-50.0,61.0,1.0,0.0,310.0,21.0,47.0,2.066666666666667,240,0,0,1,0,0,0,0,0,0,0,0,0
0,2,3.0,0,0,60,0,0,-65.0,74.0,1.0,0.0,235.0,10.0,26.0,2.7976190476190474,240,0,0,1,0,0,0,0,0,0,0,0,0
0,2,0.0,0,0,60,0,1,-73.0,60.0,1.0,0.0,180.0,16.0,15.0,2.3376623376623376,240,0,0,0,0,0,0,0,0,0,0,1,0
0,2,3.0,0,0,120,0,0,-80.0,87.0,1.0,0.0,276.0,24.0,18.0,2.532110091743119,240,0,0,0,0,0,0,0,1,0,0,0,0
1,2,3.0,0,0,60,0,0,-22.0,69.0,1.0,0.0,105.0,11.0,15.0,2.441860465116279,240,0,0,0,0,0,0,0,0,0,0,1,0
0,3,6.0,1,0,60,1,0,-53.0,83.0,1.0,0.0,89.0,12.0,18.0,2.1707317073170733,240,0,0,0,0,0,1,0,0,0,0,0,0
0,1,8.0,1,0,60,0,1,-53.0,0.0,0.0,0.0,22.0,1.0,9.0,2.0,240,0,0,0,0,0,0,0,1,0,0,0,0
0,2,3.0,0,0,60,0,1,-71.0,0.0,0.0,0.0,0.0,0.0,0.0,0.0,240,0,0,0,0,1,0,0,0,0,0,0,0
0,3,6.0,1,0,60,0,0,-80.0,79.0,1.0,0.0,239.0,18.0,24.0,2.366336633663366,240,0,0,0,0,0,0,0,0,1,0,0,0
0,3,5.0,1,0,60,0,0,-80.0,60.0,1.0,0.0,155.0,11.0,24.0,2.3846153846153846,240,0,0,0,0,0,0,0,0,1,0,0,0
1,2,2.0,1,0,60,0,0,-80.0,61.0,1.0,0.0,211.0,11.0,25.0,2.7051282051282053,240,0,0,0,0,0,0,0,0,1,0,0,0
1,2,2.0,1,0,60,0,0,-80.0,84.0,1.0,0.0,334.0,18.0,16.0,3.3737373737373737,240,0,0,0,0,0,0,0,0,1,0,0,0
0,2,,0,0,60,0,1,-79.0,50.0,1.0,0.0,35.0,5.0,11.0,2.0588235294117645,240,0,0,0,0,0,0,0,0,0,0,1,0
0,1,0.0,0,0,120,0,0,-52.0,73.0,1.0,0.0,198.0,10.0,15.0,3.6,240,0,0,0,0,0,0,0,0,0,1,0,0
0,1,8.0,0,0,60,1,0,-79.0,90.0,1.0,0.0,230.0,15.0,22.0,2.4731182795698925,240,0,0,0,0,0,0,1,0,0,0,0,0
0,1,3.0,0,0,60,0,1,-71.0,0.0,0.0,0.0,28.0,3.0,9.0,2.1538461538461537,240,0,0,0,0,0,0,0,0,0,0,0,0
0,1,5.0,0,0,60,0,0,-59.0,63.0,1.0,0.0,210.0,19.0,16.0,2.6582278481012658,240,0,0,0,0,0,0,0,0,1,0,0,0
0,3,3.0,0,0,60,0,1,-44.0,0.0,0.0,0.0,137.0,7.0,19.0,3.261904761904762,240,0,0,0,0,0,0,0,0,0,0,0,0
0,2,2.0,1,0,60,0,0,-24.0,75.0,1.0,0.0,489.0,31.0,35.0,2.6721311475409837,240,0,1,0,0,0,0,0,0,0,0,0,0
0,2,7.0,0,0,60,0,0,-58.0,77.0,1.0,0.0,28.0,4.0,4.0,2.0,240,0,0,0,0,0,0,0,0,0,0,0,0
0,2,0.0,0,0,60,0,1,-79.0,63.0,1.0,0.0,63.0,6.0,16.0,1.75,240,0,0,0,0,0,0,0,0,0,0,0,1
0,2,7.0,0,0,90,0,1,-80.0,0.0,0.0,0.0,0.0,0.0,0.0,0.0,240,0,0,0,0,0,0,0,0,0,0,0,0
0,0,,0,0,60,0,1,-53.0,24.0,1.0,0.0,51.0,5.0,17.0,2.125,240,0,0,1,0,0,0,0,0,0,0,0,0
0,1,7.0,0,0,60,0,0,-55.0,77.0,1.0,0.0,295.0,22.0,34.0,2.3412698412698414,240,0,0,0,0,0,0,1,0,0,0,0,0
0,2,,0,0,90,0,1,-34.0,52.0,1.0,0.0,46.0,6.0,13.0,1.6428571428571428,240,0,0,1,0,0,0,0,0,0,0,0,0
0,2,6.0,0,0,60,0,1,-44.0,0.0,0.0,0.0,360.0,11.0,21.0,4.675324675324675,240,0,0,0,0,0,1,0,0,0,0,0,0
0,1,4.0,0,0,60,0,1,-65.0,0.0,0.0,0.0,72.0,4.0,19.0,2.3225806451612905,240,0,0,0,0,0,0,0,0,1,0,0,0
0,2,,0,0,60,0,0,-46.0,69.0,1.0,0.0,94.0,6.0,18.0,2.473684210526316,240,0,0,0,0,1,0,0,0,0,0,0,0
0,2,0.0,0,0,120,0,0,-65.0,87.0,1.0,0.0,243.0,15.0,26.0,2.3142857142857145,240,0,0,0,0,0,0,0,1,0,0,0,0
0,1,2.0,0,0,60,0,1,-16.0,0.0,0.0,0.0,0.0,0.0,0.0,0.0,240,0,0,1,0,0,0,0,0,0,0,0,0
0,1,,0,0,60,0,1,-16.0,40.0,1.0,0.0,83.0,6.0,27.0,1.66,240,0,0,0,0,0,0,0,0,0,0,0,1
0,3,4.0,1,0,60,0,0,-24.0,57.0,1.0,0.0,211.0,14.0,17.0,2.9305555555555554,240,0,0,0,0,0,0,0,0,0,0,0,0
0,2,0.0,0,0,60,0,1,-50.0,0.0,0.0,0.0,22.0,1.0,6.0,2.2,240,0,0,0,0,1,0,0,0,0,0,0,0
0,2,8.0,0,0,60,0,0,-65.0,65.0,1.0,0.0,159.0,5.0,17.0,4.542857142857143,240,0,0,0,0,0,0,0,0,1,0,0,0
0,2,2.0,0,0,60,0,1,-53.0,0.0,0.0,0.0,0.0,0.0,0.0,0.0,240,0,0,0,0,0,1,0,0,0,0,0,0
0,1,6.0,1,0,150,0,1,-25.0,75.0,1.0,0.0,179.0,8.0,23.0,3.6530612244897958,240,0,0,0,0,1,0,0,0,0,0,0,0
0,2,,0,0,60,0,0,-72.0,65.0,1.0,0.0,186.0,13.0,28.0,2.0,240,0,0,0,0,0,0,1,0,0,0,0,0
0,1,,0,0,60,0,1,-72.0,0.0,0.0,0.0,127.0,4.0,16.0,4.096774193548387,240,0,0,1,0,0,0,0,0,0,0,0,0
0,1,,0,0,60,0,0,-52.0,68.0,1.0,0.0,184.0,13.0,17.0,2.6666666666666665,240,0,0,1,0,0,0,0,0,0,0,0,0
0,1,0.0,1,0,60,1,1,-29.0,0.0,0.0,0.0,71.0,9.0,8.0,1.9722222222222223,240,0,0,0,0,0,0,0,0,0,0,1,0
0,2,7.0,0,0,60,0,0,-65.0,79.0,1.0,0.0,118.0,5.0,15.0,3.189189189189189,240,0,0,0,0,0,0,0,0,0,0,0,1
0,1,,0,0,60,0,0,-42.0,87.0,1.0,0.0,227.0,13.0,24.0,2.948051948051948,240,0,0,0,0,0,0,0,0,0,0,1,0
0,2,7.0,0,0,60,0,0,-73.0,78.0,1.0,0.0,74.0,6.0,9.0,2.642857142857143,240,0,0,0,0,0,0,0,1,0,0,0,0
0,2,5.0,0,0,60,0,1,-49.0,65.0,1.0,0.0,191.0,8.0,23.0,2.7285714285714286,240,0,0,0,0,1,0,0,0,0,0,0,0
0,1,3.0,0,0,60,0,1,-23.0,62.0,1.0,0.0,143.0,17.0,14.0,2.234375,240,0,0,0,0,0,0,0,0,1,0,0,0
0,1,3.0,1,0,60,0,1,-72.0,0.0,0.0,0.0,0.0,0.0,0.0,0.0,240,1,0,0,0,0,0,0,0,0,0,0,0
0,2,0.0,0,0,60,0,1,-67.0,63.0,1.0,0.0,25.0,3.0,6.0,2.272727272727273,240,1,0,0,0,0,0,0,0,0,0,0,0
0,2,9.0,0,0,60,0,0,-55.0,81.0,1.0,0.0,701.0,31.0,16.0,3.61340206185567,240,0,0,0,0,0,0,0,0,0,0,1,0
0,1,3.0,1,0,60,0,1,-53.0,40.0,1.0,0.0,656.0,23.0,35.0,2.9026548672566372,240,0,0,1,0,0,0,0,0,0,0,0,0
0,1,,0,0,60,0,1,-65.0,60.0,1.0,0.0,851.0,24.0,17.0,4.976608187134503,240,1,0,0,0,0,0,0,0,0,0,0,0
0,1,5.0,0,0,60,0,1,-25.0,52.0,1.0,0.0,52.0,4.0,13.0,1.6774193548387097,240,0,0,0,0,0,0,0,0,0,0,0,0
0,1,2.0,0,0,60,1,1,-71.0,0.0,0.0,0.0,0.0,0.0,0.0,0.0,240,0,0,0,0,0,0,0,0,1,0,0,0
0,2,7.0,0,0,60,0,0,-60.0,83.0,1.0,0.0,181.0,12.0,20.0,2.661764705882353,240,0,0,0,0,1,0,0,0,0,0,0,0
0,1,,1,0,60,0,1,-65.0,51.0,1.0,0.0,374.0,14.0,32.0,2.412903225806452,240,0,0,0,1,0,0,0,0,0,0,0,0
0,1,0.0,0,0,60,0,1,-58.0,49.0,1.0,0.0,261.0,24.0,16.0,2.932584269662921,240,1,0,0,0,0,0,0,0,0,0,0,0
0,1,2.0,0,0,60,0,0,-58.0,67.0,1.0,0.0,843.0,29.0,11.0,5.047904191616767,240,0,0,1,0,0,0,0,0,0,0,0,0
0,2,7.0,0,0,60,0,0,-49.0,88.0,1.0,0.0,190.0,16.0,20.0,2.4050632911392404,240,0,0,0,1,0,0,0,0,0,0,0,0
0,2,7.0,0,0,60,1,0,-60.0,71.0,1.0,0.0,786.0,29.0,25.0,4.650887573964497,240,0,0,0,0,0,0,0,0,0,0,0,0
0,2,5.0,0,0,60,1,1,-49.0,75.0,1.0,0.0,1020.0,25.0,22.0,4.857142857142857,240,0,0,0,0,0,0,0,0,0,0,0,0
0,2,2.0,1,0,60,0,0,-49.0,71.0,1.0,0.0,233.0,22.0,17.0,2.478723404255319,240,0,0,0,0,0,0,0,0,1,0,0,0
0,2,8.0,1,0,60,0,1,-30.0,87.0,1.0,0.0,151.0,9.0,17.0,3.282608695652174,240,1,0,0,0,0,0,0,0,0,0,0,0
0,2,4.0,1,0,60,0,1,-73.0,83.0,1.0,0.0,1930.0,38.0,74.0,4.673123486682809,240,1,0,0,0,0,0,0,0,0,0,0,0
0,1,6.0,0,0,60,0,0,-18.0,84.0,1.0,0.0,337.0,18.0,24.0,3.7444444444444445,240,0,0,0,0,0,0,0,0,0,1,0,0
0,3,6.0,1,0,60,0,0,-9.0,76.0,1.0,0.0,144.0,8.0,14.0,3.0638297872340425,240,0,0,0,0,0,0,0,0,0,1,0,0
0,1,0.0,0,0,60,0,0,-23.0,68.0,1.0,0.0,120.0,4.0,24.0,3.076923076923077,240,0,0,1,0,0,0,0,0,0,0,0,0
0,1,2.0,1,0,60,0,0,-36.0,73.0,1.0,0.0,475.0,23.0,33.0,2.745664739884393,240,0,0,0,1,0,0,0,0,0,0,0,0
0,2,0.0,0,0,60,0,1,-46.0,85.0,1.0,0.0,219.0,9.0,24.0,2.7721518987341773,240,0,0,0,0,0,0,0,0,0,0,1,0
1,2,5.0,1,0,120,0,0,-55.0,88.0,1.0,0.0,158.0,11.0,24.0,2.4307692307692306,240,0,0,0,0,0,0,0,0,0,1,0,0
0,3,7.0,0,0,120,0,0,-55.0,83.0,1.0,0.0,312.0,22.0,24.0,2.557377049180328,240,0,0,0,0,0,0,0,0,0,1,0,0
1,2,9.0,1,0,90,0,1,-16.0,81.0,1.0,0.0,321.0,9.0,13.0,5.440677966101695,240,1,0,0,0,0,0,0,0,0,0,0,0
0,1,8.0,0,0,60,0,1,-16.0,76.0,1.0,0.0,285.0,19.0,7.0,4.1911764705882355,240,0,0,0,0,0,0,0,0,0,0,0,0
0,2,,0,0,60,1,1,-48.0,50.0,1.0,0.0,42.0,7.0,7.0,2.0,240,0,0,1,0,0,0,0,0,0,0,0,0
0,1,0.0,0,0,60,0,0,-60.0,77.0,1.0,0.0,504.0,36.0,18.0,3.38255033557047,240,0,0,0,0,0,0,0,0,0,0,0,1
0,1,3.0,0,0,120,0,0,-29.0,70.0,1.0,0.0,63.0,7.0,12.0,2.1724137931034484,240,0,0,1,0,0,0,0,0,0,0,0,0
0,2,6.0,1,0,120,0,1,-21.0,76.0,1.0,0.0,307.0,22.0,26.0,2.646551724137931,240,0,1,0,0,0,0,0,0,0,0,0,0
0,2,4.0,0,0,60,0,0,-49.0,81.0,1.0,0.0,423.0,20.0,15.0,4.648351648351649,240,1,0,0,0,0,0,0,0,0,0,0,0
0,2,,0,0,60,0,1,-30.0,49.0,1.0,0.0,114.0,10.0,17.0,1.8387096774193548,240,0,0,0,1,0,0,0,0,0,0,0,0
0,1,,1,0,60,1,1,-29.0,65.0,1.0,0.0,204.0,13.0,23.0,2.6153846153846154,240,0,0,0,0,0,0,0,0,0,1,0,0
0,2,2.0,0,0,60,0,0,-58.0,69.0,1.0,0.0,197.0,11.0,21.0,2.6266666666666665,240,0,0,0,0,0,0,0,0,0,0,0,0
0,2,9.0,0,0,60,1,0,-67.0,0.0,0.0,0.0,57.0,4.0,16.0,1.9655172413793103,240,0,0,0,0,0,0,0,0,0,0,0,0
0,2,2.0,0,0,60,0,0,-23.0,55.0,1.0,0.0,0.0,0.0,0.0,0.0,240,0,0,1,0,0,0,0,0,0,0,0,0
0,3,4.0,0,0,60,0,1,-36.0,73.0,1.0,0.0,154.0,7.0,23.0,3.2083333333333335,240,0,0,1,0,0,0,0,0,0,0,0,0
0,2,,0,0,60,0,0,-16.0,62.0,1.0,0.0,177.0,13.0,16.0,2.492957746478873,240,0,0,0,0,0,0,0,0,0,0,0,0
0,1,0.0,0,0,120,0,0,-16.0,74.0,1.0,0.0,189.0,26.0,18.0,2.032258064516129,240,0,0,0,0,0,1,0,0,0,0,0,0
1,2,0.0,0,0,60,0,1,-48.0,0.0,0.0,0.0,0.0,0.0,0.0,0.0,240,0,0,0,0,0,0,0,0,0,0,0,1
0,1,8.0,1,0,60,0,0,-65.0,84.0,1.0,0.0,452.0,34.0,20.0,3.160839160839161,240,0,0,0,0,0,0,0,0,0,0,0,0
0,1,5.0,0,0,60,0,1,-15.0,0.0,0.0,0.0,94.0,8.0,18.0,1.9583333333333333,240,0,0,0,0,0,1,0,0,0,0,0,0
0,2,7.0,0,0,60,0,1,-49.0,49.0,1.0,0.0,109.0,11.0,23.0,1.9464285714285714,240,0,0,0,0,0,0,0,0,0,0,1,0
0,2,8.0,0,0,60,0,0,-21.0,64.0,1.0,0.0,204.0,21.0,24.0,1.9428571428571428,240,0,0,0,0,0,1,0,0,0,0,0,0
0,2,7.0,0,0,60,0,0,-21.0,76.0,1.0,0.0,167.0,7.0,21.0,3.34,240,0,0,0,0,0,1,0,0,0,0,0,0
0,3,8.0,0,0,60,0,0,-11.0,80.0,1.0,0.0,842.0,30.0,31.0,4.189054726368159,240,0,0,0,0,0,1,0,0,0,0,0,0
0,3,7.0,1,0,60,0,0,-16.0,76.0,1.0,0.0,287.0,14.0,25.0,2.7596153846153846,240,0,0,0,0,0,1,0,0,0,0,0,0
0,1,0.0,0,0,60,0,1,-58.0,0.0,0.0,0.0,0.0,0.0,0.0,0.0,240,0,0,0,0,0,0,0,0,0,0,1,0
0,1,6.0,0,0,60,0,1,-23.0,0.0,0.0,0.0,0.0,0.0,0.0,0.0,240,0,0,0,0,0,0,0,0,0,0,0,0
0,3,3.0,0,0,60,1,0,-50.0,74.0,1.0,0.0,170.0,10.0,21.0,2.5,240,0,0,0,0,0,1,0,0,0,0,0,0
0,2,0.0,0,0,120,0,0,-52.0,75.0,1.0,0.0,753.0,32.0,57.0,2.8202247191011236,240,0,0,0,1,0,0,0,0,0,0,0,0
0,1,,0,0,60,0,1,-30.0,0.0,0.0,0.0,0.0,0.0,0.0,0.0,240,0,0,1,0,0,0,0,0,0,0,0,0
0,2,2.0,0,0,60,0,0,-49.0,78.0,1.0,0.0,107.0,14.0,16.0,1.8448275862068966,240,0,0,0,0,0,1,0,0,0,0,0,0
0,2,7.0,0,0,60,0,1,-50.0,65.0,1.0,0.0,292.0,15.0,23.0,3.3181818181818183,240,0,0,0,0,0,0,0,0,0,0,0,0
0,1,,0,0,60,0,0,-48.0,77.0,1.0,0.0,198.0,9.0,15.0,3.3559322033898304,240,0,0,0,1,0,0,0,0,0,0,0,0
0,2,2.0,1,0,60,0,0,-25.0,70.0,1.0,0.0,219.0,17.0,39.0,2.2346938775510203,240,0,1,0,0,0,0,0,0,0,0,0,0
0,1,5.0,0,0,60,0,1,-24.0,0.0,0.0,0.0,0.0,0.0,0.0,0.0,240,0,0,1,0,0,0,0,0,0,0,0,0
0,2,7.0,1,0,60,0,0,-52.0,77.0,1.0,0.0,114.0,14.0,18.0,1.9322033898305084,240,0,0,0,0,0,0,0,0,0,0,0,1
0,3,2.0,1,0,60,0,0,-58.0,73.0,1.0,0.0,265.0,22.0,25.0,2.12,240,0,0,0,0,0,0,0,0,0,0,1,0
1,2,0.0,0,0,60,0,1,-55.0,77.0,1.0,0.0,242.0,12.0,20.0,2.7191011235955056,240,0,0,0,0,1,0,0,0,0,0,0,0
0,2,4.0,0,0,60,1,0,-60.0,80.0,1.0,0.0,438.0,20.0,21.0,3.395348837209302,240,0,0,0,0,0,0,1,0,0,0,0,0
0,2,6.0,0,0,120,0,1,-55.0,0.0,0.0,0.0,0.0,0.0,0.0,0.0,240,0,0,0,0,0,0,0,0,0,0,0,1
0,2,0.0,0,0,60,0,1,-25.0,0.0,0.0,0.0,34.0,2.0,11.0,2.125,240,0,0,0,0,0,0,0,0,0,0,0,1
0,1,,0,0,90,0,1,-50.0,74.0,1.0,0.0,1068.0,33.0,40.0,4.123552123552123,240,0,0,0,0,0,0,0,0,0,0,0,1
0,2,5.0,1,0,60,0,1,-15.0,71.0,1.0,0.0,79.0,5.0,22.0,2.0789473684210527,240,0,0,0,0,0,1,0,0,0,0,0,0
0,1,4.0,0,0,60,0,1,-52.0,80.0,1.0,0.0,95.0,12.0,11.0,1.8627450980392157,240,1,0,0,0,0,0,0,0,0,0,0,0
1,1,4.0,0,0,60,0,0,-30.0,78.0,1.0,0.0,176.0,19.0,20.0,2.1204819277108435,240,1,0,0,0,0,0,0,0,0,0,0,0
0,2,0.0,0,0,60,0,1,-44.0,0.0,0.0,0.0,0.0,0.0,0.0,0.0,240,0,0,0,0,0,0,0,0,0,0,1,0
1,2,4.0,0,0,60,0,0,-46.0,70.0,1.0,0.0,41.0,8.0,11.0,1.4642857142857142,240,0,0,0,0,0,0,0,0,0,0,1,0
1,1,3.0,1,0,60,1,0,-59.0,62.0,1.0,0.0,150.0,14.0,16.0,2.727272727272727,240,0,0,0,0,0,0,0,0,0,0,0,0
1,2,4.0,0,0,60,0,0,-50.0,70.0,1.0,0.0,75.0,7.0,13.0,2.34375,240,1,0,0,0,0,0,0,0,0,0,0,0
0,1,7.0,0,0,60,0,1,-58.0,67.0,1.0,0.0,117.0,7.0,9.0,3.5454545454545454,240,1,0,0,0,0,0,0,0,0,0,0,0
1,3,4.0,1,0,60,1,1,-52.0,75.0,1.0,0.0,477.0,14.0,14.0,6.194805194805195,240,0,0,0,0,0,1,0,0,0,0,0,0
0,1,5.0,0,0,60,0,0,-58.0,72.0,1.0,0.0,198.0,18.0,11.0,3.0,240,0,0,0,0,0,0,0,0,1,0,0,0
0,3,9.0,1,0,60,0,0,-21.0,80.0,1.0,0.0,215.0,8.0,20.0,4.387755102040816,240,0,0,0,0,0,0,0,1,0,0,0,0
0,1,6.0,1,0,60,0,0,-55.0,89.0,1.0,0.0,195.0,12.0,21.0,2.9545454545454546,240,0,0,0,0,1,0,0,0,0,0,0,0
0,1,5.0,0,0,60,0,0,-22.0,71.0,1.0,0.0,254.0,16.0,22.0,2.953488372093023,240,0,0,0,0,1,0,0,0,0,0,0,0
1,2,7.0,0,0,60,0,0,-46.0,68.0,1.0,0.0,188.0,9.0,16.0,3.1864406779661016,240,0,0,0,0,0,0,0,0,1,0,0,0
0,2,0.0,0,0,60,0,1,-53.0,45.0,1.0,0.0,194.0,11.0,22.0,2.8115942028985508,240,0,0,1,0,0,0,0,0,0,0,0,0
0,2,4.0,1,0,120,0,0,-58.0,75.0,1.0,0.0,340.0,20.0,27.0,2.9310344827586206,240,0,0,0,0,0,0,1,0,0,0,0,0
1,2,0.0,0,0,60,0,1,-58.0,0.0,0.0,0.0,0.0,0.0,0.0,0.0,240,0,0,0,0,0,0,0,0,0,0,1,0
1,1,4.0,1,0,60,0,0,-20.0,75.0,1.0,0.0,155.0,9.0,21.0,2.2794117647058822,240,0,0,1,0,0,0,0,0,0,0,0,0
0,1,6.0,0,0,60,0,0,-23.0,55.0,1.0,0.0,399.0,20.0,21.0,3.6605504587155964,240,0,0,0,0,0,0,0,0,0,0,0,0
0,2,3.0,1,0,120,1,0,-58.0,77.0,1.0,0.0,594.0,29.0,30.0,3.0618556701030926,240,0,0,0,0,0,0,1,0,0,0,0,0
0,1,0.0,1,0,60,0,1,-25.0,68.0,1.0,0.0,232.0,9.0,24.0,4.0701754385964914,240,0,0,0,0,0,0,0,0,0,1,0,0
0,2,7.0,1,0,60,0,0,-43.0,77.0,1.0,0.0,176.0,12.0,23.0,2.707692307692308,240,0,0,0,0,0,0,0,0,0,0,0,0
0,1,4.0,1,0,60,0,0,-44.0,82.0,1.0,0.0,286.0,20.0,21.0,2.6,240,0,0,1,0,0,0,0,0,0,0,0,0
1,1,5.0,1,0,60,0,1,-11.0,71.0,1.0,0.0,45.0,5.0,11.0,1.7307692307692308,240,0,0,0,0,0,1,0,0,0,0,0,0
0,1,4.0,1,0,60,0,0,-16.0,72.0,1.0,0.0,38.0,4.0,5.0,2.111111111111111,240,0,0,0,0,0,1,0,0,0,0,0,0
0,2,6.0,0,0,120,0,0,-55.0,80.0,1.0,0.0,224.0,16.0,27.0,2.635294117647059,240,0,0,0,0,0,0,1,0,0,0,0,0
0,1,3.0,0,0,60,0,1,-53.0,60.0,1.0,0.0,129.0,9.0,16.0,2.4339622641509435,240,0,0,0,0,1,0,0,0,0,0,0,0
0,1,,1,0,60,0,0,-52.0,83.0,1.0,0.0,1134.0,26.0,32.0,6.265193370165746,240,0,0,0,0,0,0,0,0,0,0,1,0
0,2,3.0,0,0,120,1,0,-53.0,79.0,1.0,0.0,69.0,5.0,7.0,2.5555555555555554,240,0,0,0,0,0,0,0,1,0,0,0,0
0,2,9.0,0,0,60,0,1,-53.0,79.0,1.0,0.0,114.0,10.0,13.0,2.533333333333333,240,0,0,0,0,0,0,0,0,0,0,0,0
0,2,2.0,1,0,60,0,0,-11.0,62.0,1.0,0.0,195.0,17.0,23.0,2.5,240,0,0,0,0,0,0,0,0,0,0,0,1
0,2,0.0,0,0,60,0,0,-16.0,48.0,1.0,0.0,51.0,5.0,11.0,1.9615384615384615,240,0,0,0,0,0,0,0,0,0,0,1,0
0,1,0.0,0,0,60,0,1,-36.0,65.0,1.0,0.0,58.0,7.0,8.0,2.230769230769231,240,0,0,0,0,0,0,0,0,0,0,1,0
0,1,2.0,0,0,60,0,1,-30.0,70.0,1.0,0.0,150.0,11.0,21.0,2.4193548387096775,240,0,0,0,0,0,0,0,0,0,1,0,0
0,1,9.0,1,0,120,0,1,-23.0,0.0,0.0,0.0,95.0,5.0,13.0,3.1666666666666665,240,0,0,0,0,0,1,0,0,0,0,0,0
0,1,6.0,0,0,90,0,1,-36.0,51.0,1.0,0.0,62.0,4.0,16.0,2.066666666666667,240,0,0,1,0,0,0,0,0,0,0,0,0
0,1,3.0,1,0,60,1,1,-30.0,71.0,1.0,0.0,308.0,22.0,21.0,2.6551724137931036,240,0,0,0,0,0,0,1,0,0,0,0,0
0,2,3.0,1,0,60,1,0,-46.0,75.0,1.0,0.0,186.0,9.0,29.0,2.6956521739130435,240,0,0,0,0,1,0,0,0,0,0,0,0
0,3,8.0,1,0,60,0,1,-52.0,59.0,1.0,0.0,319.0,13.0,27.0,3.3229166666666665,240,0,0,0,0,0,0,0,0,0,0,0,0
0,2,5.0,1,0,60,0,0,-24.0,74.0,1.0,0.0,284.0,16.0,23.0,2.8686868686868685,240,0,0,0,0,0,0,0,1,0,0,0,0
0,3,4.0,0,0,60,0,1,-15.0,0.0,0.0,0.0,42.0,8.0,13.0,1.5555555555555556,240,0,0,0,0,0,1,0,0,0,0,0,0
0,0,6.0,0,0,60,0,1,-27.0,50.0,1.0,0.0,306.0,16.0,23.0,2.732142857142857,240,0,0,1,0,0,0,0,0,0,0,0,0
0,1,2.0,0,0,180,1,0,-51.0,73.0,1.0,0.0,273.0,17.0,11.0,3.9,240,0,0,0,0,0,0,0,0,0,1,0,0
1,1,,0,0,60,0,0,-22.0,65.0,1.0,0.0,172.0,16.0,29.0,2.356164383561644,240,0,0,0,0,0,0,0,1,0,0,0,0
0,2,8.0,0,0,60,0,1,-8.0,83.0,1.0,0.0,84.0,5.0,20.0,1.9534883720930232,240,0,0,0,0,0,1,0,0,0,0,0,0
0,3,3.0,0,0,60,0,0,-16.0,80.0,1.0,0.0,181.0,11.0,22.0,2.3815789473684212,240,0,0,0,0,0,0,0,0,0,0,0,1
0,1,3.0,0,0,60,0,0,-23.0,73.0,1.0,0.0,308.0,18.0,26.0,2.8256880733944953,240,0,0,0,0,0,1,0,0,0,0,0,0
0,1,7.0,0,0,120,0,0,-50.0,85.0,1.0,0.0,312.0,18.0,21.0,3.8518518518518516,240,0,0,0,0,0,0,0,0,0,1,0,0
0,2,3.0,0,0,120,0,0,-49.0,78.0,1.0,0.0,70.0,10.0,13.0,2.413793103448276,240,0,0,1,0,0,0,0,0,0,0,0,0
1,2,2.0,1,0,60,0,1,-15.0,0.0,0.0,0.0,0.0,0.0,0.0,0.0,240,0,0,0,0,0,0,0,0,0,0,1,0
0,2,4.0,0,0,60,0,1,-22.0,55.0,1.0,0.0,102.0,14.0,14.0,1.9245283018867925,240,0,0,1,0,0,0,0,0,0,0,0,0
1,1,6.0,1,0,60,0,1,-34.0,73.0,1.0,0.0,416.0,14.0,21.0,4.425531914893617,240,0,0,0,0,0,1,0,0,0,0,0,0
0,1,5.0,0,0,60,0,1,-36.0,69.0,1.0,0.0,329.0,18.0,23.0,3.323232323232323,240,0,0,0,0,0,0,1,0,0,0,0,0
0,1,6.0,1,0,120,0,0,-50.0,87.0,1.0,0.0,244.0,20.0,18.0,2.44,240,0,0,0,0,0,0,0,0,0,1,0,0
0,1,,0,0,60,0,1,-42.0,0.0,0.0,0.0,803.0,21.0,20.0,5.114649681528663,240,0,0,0,1,0,0,0,0,0,0,0,0
0,2,0.0,1,0,60,0,0,-30.0,57.0,1.0,0.0,135.0,8.0,22.0,2.7,240,0,0,0,0,0,0,0,0,1,0,0,0
0,2,0.0,0,0,60,0,1,-16.0,62.0,1.0,0.0,2.0,1.0,2.0,1.0,240,0,0,1,0,0,0,0,0,0,0,0,0
1,2,6.0,1,0,120,0,1,-25.0,85.0,1.0,0.0,293.0,12.0,41.0,2.7383177570093458,240,0,0,0,0,0,0,0,0,0,0,0,0
0,1,7.0,0,0,60,0,0,-46.0,79.0,1.0,0.0,720.0,22.0,28.0,4.2105263157894735,240,0,0,0,0,0,0,0,0,0,0,0,0
0,1,2.0,0,0,60,0,1,-15.0,62.0,1.0,0.0,294.0,24.0,31.0,2.0416666666666665,240,0,0,0,0,0,1,0,0,0,0,0,0
0,1,6.0,1,0,60,0,1,-4.0,47.0,1.0,0.0,353.0,23.0,32.0,2.292207792207792,240,0,0,0,0,0,0,1,0,0,0,0,0
0,1,2.0,1,0,60,0,1,-46.0,0.0,1.0,0.0,683.0,16.0,47.0,3.13302752293578,240,0,0,1,0,0,0,0,0,0,0,0,0
1,1,3.0,0,0,120,0,0,-34.0,65.0,1.0,0.0,196.0,18.0,16.0,2.5128205128205128,240,0,0,1,0,0,0,0,0,0,0,0,0
0,1,0.0,0,0,120,0,1,-28.0,50.0,1.0,0.0,70.0,7.0,15.0,2.121212121212121,240,0,0,1,0,0,0,0,0,0,0,0,0
0,3,7.0,0,0,120,0,0,-46.0,73.0,1.0,0.0,543.0,22.0,67.0,2.873015873015873,240,1,0,0,0,0,0,0,0,0,0,0,0
0,2,6.0,0,0,60,0,0,-25.0,67.0,1.0,0.0,248.0,17.0,19.0,2.556701030927835,240,0,0,0,0,0,0,0,0,0,0,0,1
1,1,8.0,0,0,60,0,0,-25.0,70.0,1.0,0.0,43.0,6.0,4.0,3.5833333333333335,240,0,0,0,0,0,0,0,1,0,0,0,0
1,2,8.0,0,0,60,0,1,-46.0,61.0,1.0,0.0,21.0,3.0,7.0,1.9090909090909092,240,0,0,0,0,0,0,0,0,0,0,0,0
0,2,7.0,0,0,60,0,0,-29.0,75.0,1.0,0.0,199.0,12.0,22.0,2.8028169014084505,240,0,0,0,0,0,0,0,0,1,0,0,0
1,2,5.0,1,0,60,0,0,-30.0,86.0,1.0,0.0,563.0,24.0,28.0,3.1452513966480447,240,0,0,0,0,0,0,0,0,0,1,0,0
0,2,,0,0,60,0,1,-46.0,68.0,1.0,0.0,94.0,7.0,13.0,2.5405405405405403,240,0,1,0,0,0,0,0,0,0,0,0,0
0,1,3.0,0,0,60,0,0,-36.0,73.0,1.0,0.0,347.0,24.0,34.0,2.2243589743589745,240,0,0,0,0,1,0,0,0,0,0,0,0
1,1,6.0,0,0,60,0,1,-43.0,87.0,1.0,0.0,130.0,10.0,18.0,2.765957446808511,240,0,0,0,0,0,0,0,0,0,1,0,0
0,3,7.0,0,0,120,0,0,-44.0,83.0,1.0,0.0,203.0,15.0,25.0,2.4166666666666665,240,0,0,0,0,0,0,0,0,0,0,1,0
0,1,5.0,1,0,60,0,0,-34.0,78.0,1.0,0.0,540.0,21.0,27.0,3.6986301369863015,240,0,0,1,0,0,0,0,0,0,0,0,0
0,2,,0,0,120,0,0,-44.0,75.0,1.0,0.0,332.0,18.0,25.0,3.102803738317757,240,0,0,0,0,0,0,0,0,0,0,1,0
0,1,7.0,0,0,60,0,1,-42.0,65.0,1.0,0.0,2227.0,19.0,49.0,11.247474747474747,240,0,0,0,0,0,0,0,0,0,0,0,0
1,2,8.0,0,0,120,0,0,-44.0,83.0,1.0,0.0,207.0,23.0,14.0,2.4642857142857144,240,0,0,0,0,0,0,0,0,0,0,0,1
0,3,3.0,0,0,120,0,0,-44.0,81.0,1.0,0.0,392.0,26.0,29.0,2.684931506849315,240,0,0,0,0,0,0,0,0,0,0,0,1
0,2,6.0,0,0,60,0,0,-34.0,87.0,1.0,0.0,203.0,15.0,30.0,2.506172839506173,240,0,0,0,0,0,0,1,0,0,0,0,0
0,1,2.0,0,0,60,1,0,-15.0,78.0,1.0,0.0,481.0,33.0,37.0,2.466666666666667,240,0,0,0,0,0,1,0,0,0,0,0,0
0,2,5.0,1,0,60,0,1,-20.0,34.0,1.0,0.0,3215.0,37.0,25.0,10.716666666666667,240,0,0,0,0,0,0,0,0,0,0,1,0
0,3,6.0,0,0,120,0,0,-43.0,90.0,1.0,0.0,202.0,18.0,18.0,2.32183908045977,240,0,0,0,0,0,0,0,0,0,1,0,0
1,1,6.0,0,0,60,1,1,-12.0,75.0,1.0,0.0,194.0,15.0,20.0,2.1797752808988764,240,0,0,0,0,0,1,0,0,0,0,0,0
0,2,7.0,0,0,60,0,1,-16.0,65.0,1.0,0.0,57.0,3.0,12.0,2.375,240,0,0,0,0,0,1,0,0,0,0,0,0
0,1,,0,0,60,1,1,-22.0,75.0,1.0,0.0,125.0,4.0,8.0,3.3783783783783785,240,0,0,1,0,0,0,0,0,0,0,0,0
0,1,3.0,1,0,75,0,1,-12.0,64.0,1.0,0.0,1237.0,21.0,38.0,5.401746724890829,240,0,1,0,0,0,0,0,0,0,0,0,0
0,2,8.0,0,0,60,0,1,-21.0,62.0,1.0,0.0,63.0,7.0,3.0,3.0,240,0,0,0,0,0,0,0,1,0,0,0,0
0,1,,0,0,60,0,1,-34.0,58.0,1.0,0.0,160.0,15.0,21.0,2.4615384615384617,240,0,0,0,0,0,0,0,0,0,0,0,1
0,3,4.0,1,0,60,0,1,-28.0,70.0,1.0,0.0,130.0,6.0,19.0,3.0232558139534884,240,1,0,0,0,0,0,0,0,0,0,0,0
0,1,2.0,0,0,60,0,1,-30.0,0.0,0.0,0.0,0.0,0.0,0.0,0.0,240,0,0,0,0,0,0,1,0,0,0,0,0
1,3,9.0,0,0,120,0,0,-15.0,85.0,1.0,0.0,104.0,8.0,12.0,2.888888888888889,240,0,0,0,0,0,0,0,1,0,0,0,0
0,1,8.0,0,0,120,0,0,-24.0,83.0,1.0,0.0,351.0,15.0,23.0,4.280487804878049,240,0,0,0,0,0,0,0,1,0,0,0,0
0,3,7.0,1,0,120,0,0,-34.0,79.0,1.0,0.0,348.0,23.0,31.0,2.3835616438356166,240,0,0,0,0,0,0,1,0,0,0,0,0
0,1,,0,0,60,0,1,-15.0,43.0,1.0,0.0,75.0,6.0,7.0,2.4193548387096775,240,0,0,0,0,0,1,0,0,0,0,0,0
0,2,,0,0,60,0,0,-23.0,67.0,1.0,0.0,29.0,6.0,8.0,1.7058823529411764,240,0,0,0,0,0,0,0,0,1,0,0,0
0,1,,0,0,60,0,0,-34.0,87.0,1.0,0.0,669.0,34.0,21.0,3.9585798816568047,240,0,1,0,0,0,0,0,0,0,0,0,0
0,2,3.0,0,0,60,0,0,-34.0,72.0,1.0,0.0,217.0,10.0,16.0,4.428571428571429,240,0,0,0,0,0,0,1,0,0,0,0,0
0,1,2.0,0,0,60,0,1,-30.0,56.0,1.0,0.0,90.0,9.0,16.0,2.0454545454545454,240,0,0,0,0,0,0,0,0,0,0,0,0
0,3,5.0,1,0,60,0,0,-22.0,63.0,1.0,0.0,53.0,2.0,12.0,3.1176470588235294,240,0,0,1,0,0,0,0,0,0,0,0,0
0,1,,0,0,60,0,1,-24.0,71.0,1.0,0.0,159.0,11.0,21.0,2.373134328358209,240,0,0,0,1,0,0,0,0,0,0,0,0
0,1,2.0,0,0,60,0,1,-30.0,78.0,1.0,0.0,47.0,2.0,12.0,2.473684210526316,240,0,0,0,0,0,0,0,1,0,0,0,0
0,2,9.0,1,0,60,0,1,-29.0,0.0,0.0,0.0,279.0,11.0,21.0,3.875,240,0,0,0,0,0,0,0,1,0,0,0,0
0,2,2.0,0,0,60,0,1,-30.0,53.0,1.0,0.0,560.0,18.0,23.0,4.628099173553719,240,0,0,0,0,0,0,0,1,0,0,0,0
0,2,2.0,1,0,60,0,1,-30.0,90.0,1.0,0.0,121.0,7.0,8.0,3.27027027027027,240,0,0,0,0,0,0,0,0,1,0,0,0
0,2,2.0,0,0,60,0,0,-30.0,62.0,1.0,0.0,138.0,8.0,10.0,3.5384615384615383,240,0,0,0,0,0,0,0,1,0,0,0,0
0,2,2.0,0,0,60,0,0,-30.0,78.0,1.0,0.0,234.0,19.0,16.0,2.5714285714285716,240,0,0,0,0,0,0,0,1,0,0,0,0
0,2,2.0,1,0,60,0,0,-30.0,73.0,1.0,0.0,95.0,7.0,11.0,3.1666666666666665,240,0,0,0,0,0,0,0,1,0,0,0,0
0,2,3.0,1,0,60,0,1,-30.0,76.0,1.0,0.0,595.0,37.0,19.0,3.342696629213483,240,0,0,0,0,0,0,0,0,1,0,0,0
0,1,2.0,0,0,60,0,0,-30.0,73.0,1.0,0.0,342.0,15.0,30.0,3.257142857142857,240,0,0,0,0,0,0,0,0,1,0,0,0
0,1,3.0,1,0,60,0,1,-30.0,63.0,1.0,0.0,369.0,11.0,15.0,3.967741935483871,240,0,0,0,0,0,0,0,0,1,0,0,0
0,2,2.0,1,0,60,0,0,-30.0,72.0,1.0,0.0,113.0,5.0,15.0,2.6904761904761907,240,0,0,0,0,0,0,0,1,0,0,0,0
0,2,2.0,1,0,60,0,0,-30.0,58.0,1.0,0.0,49.0,8.0,11.0,1.75,240,0,0,0,0,0,0,0,1,0,0,0,0
0,2,2.0,0,0,60,0,0,-30.0,75.0,1.0,0.0,318.0,11.0,15.0,4.3561643835616435,240,0,0,0,0,0,0,0,1,0,0,0,0
0,1,2.0,1,0,60,0,0,-30.0,58.0,1.0,0.0,680.0,27.0,25.0,3.6956521739130435,240,0,0,0,0,0,0,0,1,0,0,0,0
0,2,6.0,0,0,60,0,0,-22.0,83.0,1.0,0.0,523.0,27.0,30.0,3.418300653594771,240,0,0,0,0,0,0,0,0,1,0,0,0
0,1,3.0,0,0,60,1,1,-30.0,79.0,1.0,0.0,221.0,13.0,18.0,2.7974683544303796,240,0,0,0,0,0,0,0,0,1,0,0,0
0,1,0.0,0,0,60,0,1,-30.0,44.0,1.0,0.0,227.0,11.0,18.0,3.388059701492537,240,0,0,0,0,1,0,0,0,0,0,0,0
0,1,5.0,1,0,60,0,0,-30.0,93.0,1.0,0.0,270.0,14.0,19.0,4.354838709677419,240,0,0,0,0,0,0,0,0,1,0,0,0
0,3,7.0,0,0,60,0,0,-30.0,67.0,1.0,0.0,222.0,13.0,19.0,3.041095890410959,240,0,0,0,0,0,0,0,0,1,0,0,0
0,2,,1,0,60,0,0,-30.0,85.0,1.0,0.0,234.0,20.0,14.0,2.925,240,0,0,0,0,0,0,0,0,1,0,0,0
0,3,4.0,0,0,60,0,0,-30.0,82.0,1.0,0.0,69.0,10.0,13.0,1.9714285714285715,240,0,0,0,0,0,0,0,0,1,0,0,0
0,1,2.0,1,0,60,0,0,-30.0,65.0,1.0,0.0,33.0,2.0,9.0,1.9411764705882353,240,0,0,0,0,0,0,0,0,1,0,0,0
0,2,7.0,0,0,120,0,0,-30.0,59.0,1.0,0.0,238.0,18.0,26.0,2.4285714285714284,240,0,0,0,0,0,0,0,0,0,0,0,0
0,3,8.0,1,0,120,0,0,-30.0,77.0,1.0,0.0,165.0,15.0,28.0,2.1153846153846154,240,0,0,0,0,0,0,0,0,0,0,0,0
1,1,4.0,1,0,60,0,0,-29.0,81.0,1.0,0.0,178.0,11.0,12.0,3.1228070175438596,240,0,0,0,0,0,0,0,0,1,0,0,0
0,3,2.0,1,0,60,0,0,-29.0,0.0,0.0,0.0,668.0,4.0,10.0,26.72,240,0,0,0,0,0,0,0,0,1,0,0,0
0,2,4.0,1,0,60,0,1,-23.0,91.0,1.0,0.0,146.0,8.0,22.0,2.3174603174603177,240,0,0,0,0,0,0,0,0,1,0,0,0
0,1,0.0,0,0,60,0,0,-22.0,80.0,1.0,0.0,181.0,14.0,23.0,2.4133333333333336,240,0,0,0,0,0,0,0,0,0,1,0,0
0,1,7.0,1,0,60,0,0,-25.0,58.0,1.0,0.0,319.0,11.0,29.0,2.926605504587156,240,0,0,0,0,0,0,0,1,0,0,0,0
0,2,,0,0,75,0,1,-22.0,68.0,1.0,0.0,212.0,10.0,26.0,2.5853658536585367,240,0,0,0,1,0,0,0,0,0,0,0,0
0,2,9.0,0,0,60,0,0,-16.0,87.0,1.0,0.0,293.0,22.0,11.0,3.447058823529412,240,0,0,0,0,0,0,0,0,0,0,0,0
0,2,5.0,0,0,90,0,1,-29.0,0.0,0.0,0.0,103.0,11.0,14.0,2.06,240,0,0,0,0,0,0,0,0,1,0,0,0
0,1,0.0,0,0,60,0,1,-28.0,85.0,1.0,0.0,174.0,9.0,14.0,3.3461538461538463,240,0,0,1,0,0,0,0,0,0,0,0,0
0,1,9.0,0,0,60,0,0,-21.0,93.0,1.0,0.0,415.0,29.0,20.0,2.6948051948051948,240,0,0,0,0,0,0,0,0,0,0,0,1
0,2,8.0,1,0,60,0,0,-27.0,60.0,1.0,0.0,154.0,9.0,15.0,2.9615384615384617,240,1,0,0,0,0,0,0,0,0,0,0,0
0,1,,0,0,60,0,0,-27.0,80.0,1.0,0.0,393.0,29.0,17.0,2.7103448275862068,240,0,0,1,0,0,0,0,0,0,0,0,0
0,2,6.0,0,0,60,0,1,-25.0,65.0,1.0,0.0,161.0,8.0,17.0,4.128205128205129,240,0,0,0,0,0,0,0,0,1,0,0,0
0,1,2.0,1,0,60,0,0,-25.0,82.0,1.0,0.0,1740.0,37.0,28.0,6.566037735849057,240,1,0,0,0,0,0,0,0,0,0,0,0
0,3,,0,0,60,0,0,-25.0,80.0,1.0,0.0,448.0,18.0,26.0,4.392156862745098,240,0,0,0,0,0,0,1,0,0,0,0,0
1,1,8.0,0,0,60,0,1,-25.0,0.0,0.0,0.0,0.0,0.0,0.0,0.0,240,0,0,0,1,0,0,0,0,0,0,0,0
0,2,3.0,0,0,60,1,1,-22.0,67.0,1.0,0.0,216.0,10.0,18.0,2.958904109589041,240,0,0,0,0,1,0,0,0,0,0,0,0
0,1,0.0,0,0,60,0,1,-21.0,0.0,0.0,0.0,0.0,0.0,0.0,0.0,240,0,0,1,0,0,0,0,0,0,0,0,0
0,1,0.0,0,0,60,1,1,-27.0,82.0,1.0,0.0,199.0,17.0,20.0,2.7260273972602738,240,0,0,0,0,0,0,0,0,0,0,0,1
0,2,4.0,0,0,70,0,0,-27.0,87.0,1.0,0.0,162.0,15.0,12.0,2.8421052631578947,240,0,0,0,0,0,0,0,0,0,1,0,0
0,2,2.0,0,0,60,0,0,-15.0,79.0,1.0,0.0,105.0,10.0,16.0,2.142857142857143,240,0,0,1,0,0,0,0,0,0,0,0,0
0,2,2.0,0,0,60,0,0,-22.0,65.0,1.0,0.0,112.0,9.0,17.0,2.036363636363636,240,0,0,0,0,0,0,0,0,0,0,1,0
0,2,2.0,0,0,120,0,0,-23.0,82.0,1.0,0.0,176.0,13.0,20.0,2.550724637681159,240,0,0,0,0,0,0,0,0,0,0,0,1
0,3,4.0,1,0,120,0,0,-23.0,81.0,1.0,0.0,67.0,4.0,11.0,2.68,240,0,0,0,0,0,0,0,0,0,0,0,1
0,1,2.0,0,0,120,0,0,-24.0,90.0,1.0,0.0,65.0,4.0,10.0,2.6,240,0,0,0,0,0,0,1,0,0,0,0,0
0,2,5.0,0,0,120,0,0,-24.0,75.0,1.0,0.0,135.0,8.0,19.0,2.3684210526315788,240,0,0,0,0,0,0,1,0,0,0,0,0
0,1,7.0,0,0,60,0,0,-24.0,73.0,1.0,0.0,66.0,6.0,14.0,1.9411764705882353,240,0,0,0,0,0,0,0,0,0,0,1,0
0,2,0.0,0,0,60,1,1,-23.0,55.0,1.0,0.0,46.0,5.0,13.0,1.7692307692307692,240,0,0,0,0,0,0,0,0,0,0,0,1
0,2,4.0,1,0,60,0,0,-23.0,73.0,1.0,0.0,472.0,7.0,46.0,4.252252252252252,240,0,0,0,0,0,0,1,0,0,0,0,0
0,2,8.0,0,0,60,0,0,-25.0,73.0,1.0,0.0,341.0,20.0,16.0,3.5894736842105264,240,0,0,0,0,0,0,0,0,0,0,0,0
0,1,6.0,0,0,120,0,1,-23.0,55.0,1.0,0.0,206.0,20.0,21.0,2.575,240,0,0,0,0,0,0,0,0,0,0,0,0
0,1,7.0,1,0,60,0,1,-25.0,73.0,1.0,0.0,66.0,7.0,14.0,2.2758620689655173,240,0,0,0,0,0,0,0,0,1,0,0,0
0,2,2.0,0,0,60,0,0,-22.0,67.0,1.0,0.0,98.0,3.0,10.0,3.769230769230769,240,0,0,0,0,0,0,0,0,0,1,0,0
0,1,7.0,0,0,60,0,1,-25.0,53.0,1.0,0.0,232.0,12.0,19.0,2.8292682926829267,240,0,0,0,0,0,0,0,0,1,0,0,0
0,1,,0,0,60,0,0,-25.0,69.0,1.0,0.0,407.0,20.0,19.0,3.4786324786324787,240,1,0,0,0,0,0,0,0,0,0,0,0
1,1,7.0,1,0,60,0,1,-23.0,80.0,1.0,0.0,219.0,11.0,19.0,3.5901639344262297,240,0,0,0,0,0,0,0,0,1,0,0,0
1,2,4.0,0,0,60,0,0,-25.0,75.0,1.0,0.0,315.0,20.0,24.0,2.763157894736842,240,1,0,0,0,0,0,0,0,0,0,0,0
0,3,4.0,0,0,60,0,0,-19.0,62.0,1.0,0.0,428.0,25.0,33.0,3.242424242424242,240,0,0,0,0,0,0,0,0,0,1,0,0
0,1,3.0,0,0,60,0,1,-24.0,58.0,1.0,0.0,24.0,4.0,10.0,1.6,240,0,0,0,0,0,0,0,0,0,0,0,0
0,2,7.0,0,0,60,0,0,-23.0,71.0,1.0,0.0,815.0,28.0,31.0,3.721461187214612,240,0,0,0,0,0,0,0,0,0,0,0,0
0,2,,0,0,60,0,1,-25.0,78.0,1.0,0.0,55.0,4.0,13.0,2.75,240,0,0,0,1,0,0,0,0,0,0,0,0
0,1,2.0,1,0,60,0,1,-24.0,69.0,1.0,0.0,358.0,18.0,31.0,2.7751937984496124,240,0,0,1,0,0,0,0,0,0,0,0,0
0,2,2.0,0,0,120,0,0,-23.0,88.0,1.0,0.0,190.0,11.0,14.0,3.5849056603773586,240,0,0,0,1,0,0,0,0,0,0,0,0
0,2,4.0,1,0,60,0,1,-24.0,70.0,1.0,0.0,249.0,16.0,21.0,2.797752808988764,240,0,0,0,0,0,0,0,1,0,0,0,0
0,2,4.0,0,0,60,0,0,-24.0,70.0,1.0,0.0,131.0,2.0,16.0,4.366666666666666,240,1,0,0,0,0,0,0,0,0,0,0,0
0,2,,0,0,60,0,0,-23.0,61.0,1.0,0.0,1313.0,38.0,30.0,5.9411764705882355,240,0,0,1,0,0,0,0,0,0,0,0,0
0,1,3.0,0,0,60,0,1,-15.0,73.0,1.0,0.0,513.0,31.0,28.0,3.2468354430379747,240,0,0,0,0,0,1,0,0,0,0,0,0
0,2,6.0,0,0,60,0,1,-24.0,87.0,1.0,0.0,1041.0,34.0,17.0,4.526086956521739,240,0,0,0,0,0,0,0,0,0,0,1,0
0,1,4.0,0,0,60,0,1,-9.0,63.0,1.0,0.0,358.0,24.0,24.0,2.3096774193548386,240,0,0,0,0,0,1,0,0,0,0,0,0
0,3,7.0,0,0,60,0,1,-18.0,0.0,0.0,0.0,61.0,3.0,10.0,2.259259259259259,240,1,0,0,0,0,0,0,0,0,0,0,0
0,2,9.0,0,0,60,0,1,-22.0,0.0,0.0,0.0,36.0,8.0,13.0,1.3846153846153846,240,0,0,0,0,0,0,0,1,0,0,0,0
0,1,8.0,1,0,60,0,0,-16.0,55.0,1.0,0.0,698.0,31.0,18.0,4.847222222222222,240,0,0,0,0,1,0,0,0,0,0,0,0
0,1,4.0,0,0,60,0,1,-20.0,50.0,1.0,0.0,46.0,7.0,7.0,2.1904761904761907,240,0,0,0,0,0,0,0,0,0,0,1,0
0,1,4.0,0,0,60,0,0,-18.0,67.0,1.0,0.0,248.0,15.0,16.0,2.9879518072289155,240,0,0,0,0,0,1,0,0,0,0,0,0
0,2,0.0,0,0,60,0,1,-24.0,75.0,1.0,0.0,96.0,5.0,16.0,2.2857142857142856,240,0,0,0,1,0,0,0,0,0,0,0,0
0,2,6.0,0,0,60,0,0,-24.0,82.0,1.0,0.0,206.0,19.0,15.0,2.7466666666666666,240,0,0,1,0,0,0,0,0,0,0,0,0
0,1,6.0,1,0,60,0,0,-22.0,78.0,1.0,0.0,323.0,18.0,17.0,3.8452380952380953,240,0,0,0,0,0,1,0,0,0,0,0,0
0,1,6.0,0,0,60,1,0,-24.0,65.0,1.0,0.0,270.0,26.0,20.0,2.6732673267326734,240,0,0,0,0,0,0,1,0,0,0,0,0
0,1,8.0,0,0,60,0,0,-24.0,65.0,1.0,0.0,372.0,11.0,30.0,4.708860759493671,240,0,0,0,0,0,0,0,1,0,0,0,0
0,1,4.0,0,0,60,0,1,-24.0,82.0,1.0,0.0,196.0,21.0,11.0,2.45,240,0,0,0,0,0,0,1,0,0,0,0,0
1,3,8.0,0,0,120,0,0,-24.0,89.0,1.0,0.0,74.0,9.0,20.0,2.0,240,0,0,0,0,0,0,0,1,0,0,0,0
0,2,7.0,1,0,120,0,0,-24.0,75.0,1.0,0.0,377.0,20.0,47.0,2.7318840579710146,240,0,0,0,0,0,0,0,1,0,0,0,0
0,2,8.0,0,0,120,0,0,-21.0,87.0,1.0,0.0,420.0,26.0,30.0,3.3333333333333335,240,0,0,0,0,0,0,1,0,0,0,0,0
0,2,8.0,1,0,60,0,0,-23.0,83.0,1.0,0.0,2852.0,34.0,36.0,9.170418006430868,240,0,0,0,1,0,0,0,0,0,0,0,0
0,2,8.0,0,0,60,0,0,-22.0,63.0,1.0,0.0,133.0,7.0,14.0,2.8297872340425534,240,0,0,0,0,0,0,0,0,0,1,0,0
0,2,4.0,1,0,60,0,0,-23.0,51.0,1.0,0.0,588.0,19.0,41.0,3.161290322580645,240,1,0,0,0,0,0,0,0,0,0,0,0
0,3,8.0,1,0,60,0,0,-23.0,62.0,1.0,0.0,486.0,26.0,20.0,3.328767123287671,240,1,0,0,0,0,0,0,0,0,0,0,0
0,3,3.0,1,0,60,0,0,-23.0,52.0,1.0,0.0,241.0,16.0,27.0,2.3627450980392157,240,1,0,0,0,0,0,0,0,0,0,0,0
0,2,5.0,1,0,60,0,1,-23.0,57.0,1.0,0.0,110.0,6.0,5.0,5.0,240,1,0,0,0,0,0,0,0,0,0,0,0
0,2,4.0,0,0,60,0,0,-21.0,75.0,1.0,0.0,289.0,25.0,15.0,3.2111111111111112,240,0,0,0,0,0,0,0,0,0,0,0,0
0,2,,0,0,60,0,0,-22.0,75.0,1.0,0.0,107.0,9.0,16.0,2.018867924528302,240,1,0,0,0,0,0,0,0,0,0,0,0
0,2,3.0,0,0,60,0,1,-12.0,50.0,1.0,0.0,135.0,12.0,13.0,2.6470588235294117,240,0,0,0,0,0,0,0,0,1,0,0,0
0,4,9.0,1,0,60,0,0,-21.0,59.0,1.0,0.0,336.0,23.0,23.0,2.604651162790698,240,0,0,0,0,0,0,0,1,0,0,0,0
0,1,4.0,0,0,60,0,1,-9.0,68.0,1.0,0.0,50.0,4.0,13.0,2.380952380952381,240,0,0,0,0,0,1,0,0,0,0,0,0
0,2,4.0,1,0,60,0,1,-22.0,44.0,1.0,0.0,180.0,5.0,20.0,2.857142857142857,240,0,0,0,0,0,0,0,0,0,1,0,0
0,2,2.0,0,0,60,0,1,-16.0,55.0,1.0,0.0,120.0,9.0,24.0,2.0,240,0,0,1,0,0,0,0,0,0,0,0,0
0,1,0.0,0,0,120,0,1,-22.0,61.0,1.0,0.0,75.0,4.0,8.0,3.409090909090909,240,1,0,0,0,0,0,0,0,0,0,0,0
0,2,4.0,0,0,120,0,0,-15.0,71.0,1.0,0.0,119.0,12.0,18.0,1.9833333333333334,240,0,0,0,0,0,0,0,1,0,0,0,0
1,1,4.0,0,0,60,0,1,-22.0,72.0,1.0,0.0,84.0,9.0,14.0,2.048780487804878,240,0,0,0,0,0,0,0,0,0,0,1,0
0,1,2.0,0,0,60,0,1,-11.0,0.0,0.0,0.0,28.0,2.0,9.0,1.8666666666666667,240,0,0,0,0,0,1,0,0,0,0,0,0
0,3,2.0,1,0,60,0,0,5.0,55.0,1.0,0.0,123.0,4.0,22.0,3.236842105263158,240,1,0,0,0,0,0,0,0,0,0,0,0
1,1,4.0,0,0,60,0,1,-22.0,82.0,1.0,0.0,86.0,10.0,17.0,1.9111111111111112,240,0,0,0,0,0,0,0,0,0,0,0,0
0,1,6.0,0,0,60,0,0,-15.0,59.0,1.0,0.0,743.0,33.0,23.0,3.931216931216931,240,0,0,0,0,0,0,0,0,0,0,0,0
0,1,9.0,0,0,60,0,1,-22.0,72.0,1.0,0.0,537.0,24.0,23.0,4.296,240,0,0,0,0,0,1,0,0,0,0,0,0
0,2,0.0,0,0,120,0,0,-21.0,75.0,1.0,0.0,250.0,18.0,21.0,3.2051282051282053,240,0,0,0,1,0,0,0,0,0,0,0,0
0,2,7.0,0,0,60,0,0,-21.0,75.0,1.0,0.0,131.0,11.0,9.0,2.977272727272727,240,0,0,0,0,0,0,1,0,0,0,0,0
0,1,2.0,0,0,60,0,1,-15.0,63.0,1.0,0.0,106.0,9.0,14.0,2.717948717948718,240,0,0,0,0,0,0,0,0,1,0,0,0
0,3,5.0,1,0,120,0,0,-19.0,95.0,1.0,0.0,439.0,31.0,36.0,2.452513966480447,240,0,0,0,0,0,0,0,0,0,1,0,0
1,3,6.0,1,0,120,0,0,-19.0,80.0,1.0,0.0,103.0,10.0,15.0,2.861111111111111,240,0,0,0,0,0,0,0,0,0,1,0,0
0,2,7.0,1,0,60,0,0,-16.0,70.0,1.0,0.0,317.0,19.0,20.0,3.4086021505376345,240,0,0,0,0,0,0,0,0,0,0,1,0
0,3,6.0,0,0,120,0,0,-19.0,99.0,1.0,0.0,178.0,10.0,19.0,2.7384615384615385,240,0,0,0,0,0,0,1,0,0,0,0,0
1,2,,0,0,120,0,0,-18.0,85.0,1.0,0.0,686.0,27.0,28.0,3.5,240,0,0,0,1,0,0,0,0,0,0,0,0
0,2,3.0,1,0,120,0,0,-19.0,76.0,1.0,0.0,179.0,17.0,20.0,2.418918918918919,240,0,0,0,0,0,0,1,0,0,0,0,0
0,3,8.0,1,0,120,0,0,-19.0,77.0,1.0,0.0,372.0,17.0,34.0,2.6382978723404253,240,0,0,0,0,0,0,1,0,0,0,0,0
1,2,7.0,0,0,60,0,0,-15.0,76.0,1.0,0.0,193.0,18.0,15.0,2.5064935064935066,240,0,0,0,0,0,0,0,0,0,1,0,0
0,1,3.0,1,0,60,0,1,-9.0,68.0,1.0,0.0,243.0,11.0,30.0,3.0759493670886076,240,0,0,0,0,0,0,0,1,0,0,0,0
0,2,5.0,1,0,120,0,0,-18.0,91.0,1.0,0.0,161.0,12.0,17.0,2.236111111111111,240,0,0,0,0,0,0,0,0,1,0,0,0
0,1,0.0,0,0,120,0,0,-18.0,88.0,1.0,0.0,218.0,21.0,12.0,2.5057471264367814,240,0,0,0,0,0,0,0,0,1,0,0,0
0,2,5.0,1,0,120,0,0,-18.0,94.0,1.0,0.0,500.0,24.0,43.0,3.1055900621118013,240,0,0,0,0,0,0,0,0,1,0,0,0
0,2,2.0,0,0,120,0,0,-18.0,80.0,1.0,0.0,135.0,7.0,15.0,2.872340425531915,240,0,0,0,0,0,0,0,0,1,0,0,0
0,2,7.0,0,0,120,0,0,-18.0,83.0,1.0,0.0,446.0,24.0,21.0,3.4307692307692306,240,0,0,0,0,0,0,0,0,1,0,0,0
0,2,2.0,0,0,120,0,0,-18.0,70.0,1.0,0.0,207.0,14.0,23.0,2.090909090909091,240,0,0,0,0,0,0,0,0,1,0,0,0
0,3,7.0,0,0,120,0,0,-18.0,62.0,1.0,0.0,174.0,12.0,12.0,3.107142857142857,240,0,0,0,0,0,0,0,0,1,0,0,0
0,2,2.0,1,0,120,0,0,-18.0,85.0,1.0,0.0,300.0,17.0,21.0,3.1914893617021276,240,0,0,0,0,0,0,0,0,1,0,0,0
0,1,2.0,0,0,120,0,0,-18.0,75.0,1.0,0.0,233.0,19.0,17.0,2.647727272727273,240,0,0,0,0,0,0,0,0,1,0,0,0
1,2,5.0,0,0,60,0,1,-16.0,66.0,1.0,0.0,128.0,12.0,29.0,1.7777777777777777,240,0,0,0,0,0,0,0,0,0,1,0,0
1,1,9.0,0,0,60,0,0,-16.0,57.0,1.0,0.0,183.0,10.0,17.0,2.772727272727273,240,0,0,0,0,0,0,0,0,0,1,0,0
1,1,8.0,0,0,60,0,1,-16.0,60.0,1.0,0.0,251.0,11.0,22.0,3.984126984126984,240,0,0,0,0,0,0,0,0,0,1,0,0
0,1,8.0,0,0,60,0,0,-16.0,75.0,1.0,0.0,432.0,24.0,21.0,3.2977099236641223,240,0,0,0,0,0,0,0,0,0,1,0,0
1,1,8.0,0,0,60,0,1,-16.0,65.0,1.0,0.0,66.0,4.0,12.0,2.869565217391304,240,0,0,0,0,0,0,0,0,0,1,0,0
0,2,7.0,1,0,120,0,1,-15.0,0.0,0.0,0.0,0.0,0.0,0.0,0.0,240,0,0,0,0,0,0,0,0,0,0,1,0
0,1,0.0,0,0,120,0,0,-15.0,75.0,1.0,0.0,185.0,20.0,16.0,1.907216494845361,240,0,0,0,0,0,0,0,0,0,0,1,0
1,2,4.0,1,0,60,0,1,-15.0,0.0,0.0,0.0,0.0,0.0,0.0,0.0,240,0,0,0,0,0,0,0,0,0,1,0,0
0,3,,0,0,60,0,0,-15.0,81.0,1.0,0.0,341.0,14.0,23.0,3.627659574468085,240,0,0,0,0,1,0,0,0,0,0,0,0
1,1,7.0,1,0,60,0,1,-15.0,0.0,0.0,0.0,8.0,1.0,4.0,2.0,240,0,0,0,0,0,0,0,0,0,1,0,0
1,2,2.0,0,0,120,1,1,-11.0,63.0,1.0,0.0,258.0,10.0,18.0,4.095238095238095,240,0,0,0,0,0,0,0,0,0,1,0,0
0,2,3.0,1,0,60,0,1,-1.0,44.0,1.0,0.0,36.0,3.0,5.0,2.1176470588235294,240,0,0,1,0,0,0,0,0,0,0,0,0
1,2,4.0,1,0,60,0,0,-8.0,90.0,1.0,0.0,170.0,16.0,12.0,2.8333333333333335,240,0,0,1,0,0,0,0,0,0,0,0,0
0,2,6.0,0,0,120,0,0,-8.0,45.0,1.0,0.0,11.0,4.0,2.0,2.2,240,0,0,1,0,0,0,0,0,0,0,0,0
0,2,0.0,0,0,120,0,0,-5.0,80.0,1.0,0.0,617.0,25.0,34.0,3.6726190476190474,240,1,0,0,0,0,0,0,0,0,0,0,0
0,2,2.0,0,0,60,0,0,-5.0,72.0,1.0,0.0,337.0,15.0,27.0,4.109756097560975,240,1,0,0,0,0,0,0,0,0,0,0,0
0,3,5.0,1,0,120,0,0,-5.0,82.0,1.0,0.0,838.0,19.0,42.0,4.988095238095238,240,1,0,0,0,0,0,0,0,0,0,0,0
0,2,4.0,0,0,120,0,0,-5.0,63.0,1.0,0.0,155.0,8.0,9.0,3.875,240,1,0,0,0,0,0,0,0,0,0,0,0
0,3,3.0,1,0,60,0,1,16.0,0.0,0.0,0.0,0.0,0.0,0.0,0.0,240,0,0,0,0,1,0,0,0,0,0,0,0
0,2,6.0,0,0,60,1,1,-50.0,0.0,0.0,0.0,0.0,0.0,0.0,0.0,240,0,0,0,0,0,0,0,0,0,0,0,0
0,1,9.0,1,0,60,0,0,-48.0,70.0,1.0,0.0,487.0,29.0,32.0,3.2039473684210527,240,0,0,0,0,0,0,0,0,0,0,0,0
0,1,5.0,1,0,120,0,1,-30.0,75.0,1.0,0.0,125.0,13.0,19.0,2.1186440677966103,240,0,0,0,0,0,0,0,1,0,0,0,0
0,3,8.0,1,2,60,0,1,-53.0,86.0,1.0,0.0,171.0,12.0,14.0,3.0,240,0,0,0,0,0,1,0,0,0,0,0,0
1,2,,1,0,60,1,0,-67.0,77.0,1.0,0.0,455.0,19.0,20.0,4.55,240,0,0,0,0,0,1,0,0,0,0,0,0
0,1,7.0,1,0,60,0,0,-79.0,77.0,1.0,0.0,76.0,7.0,11.0,2.533333333333333,240,0,0,0,0,0,0,0,0,0,0,0,0
1,3,7.0,1,0,60,0,0,-4.0,75.0,1.0,0.0,49.0,3.0,15.0,2.5789473684210527,240,0,0,0,0,0,0,0,0,0,1,0,0
0,2,9.0,1,2,60,0,0,-64.0,83.0,1.0,0.0,354.0,15.0,17.0,3.5757575757575757,240,0,0,0,0,0,0,0,1,0,0,0,0
0,1,,1,0,60,0,1,-95.0,70.0,1.0,0.0,449.0,23.0,36.0,3.1180555555555554,240,0,0,1,0,0,0,0,0,0,0,0,0
0,2,3.0,1,0,90,0,0,-11.0,78.0,1.0,0.0,3989.0,40.0,33.0,12.623417721518987,240,0,0,0,0,0,1,0,0,0,0,0,0
0,2,9.0,1,0,60,0,0,-30.0,72.0,1.0,0.0,84.0,7.0,10.0,2.8,240,0,0,1,0,0,0,0,0,0,0,0,0
0,1,6.0,1,1,180,0,0,-83.0,57.0,1.0,0.0,347.0,12.0,39.0,3.0982142857142856,240,1,0,0,0,0,0,0,0,0,0,0,0
0,1,8.0,1,1,60,1,0,-225.0,74.0,1.0,0.0,217.0,17.0,26.0,2.552941176470588,240,0,0,0,0,0,0,0,0,0,0,0,0
0,2,8.0,1,0,120,0,0,-81.0,85.0,1.0,0.0,162.0,8.0,11.0,3.857142857142857,240,0,0,0,0,0,0,0,0,0,0,1,0
0,1,7.0,1,0,60,0,1,-30.0,60.0,1.0,0.0,327.0,18.0,16.0,4.1923076923076925,240,0,0,0,0,1,0,0,0,0,0,0,0
0,1,5.0,1,1,210,0,0,-28.0,75.0,1.0,0.0,788.0,32.0,60.0,2.717241379310345,240,0,1,0,0,0,0,0,0,0,0,0,0
1,2,0.0,0,1,60,0,0,-51.0,79.0,1.0,0.0,562.0,31.0,19.0,3.6493506493506493,240,0,0,0,0,0,0,1,0,0,0,0,0
0,3,5.0,1,0,120,0,0,-22.0,80.0,1.0,0.0,232.0,12.0,19.0,3.6825396825396823,240,0,0,0,0,0,0,0,0,0,1,0,0
0,1,8.0,1,0,60,0,1,-50.0,60.0,1.0,0.0,272.0,14.0,31.0,2.0923076923076924,240,0,0,0,0,0,0,0,0,0,0,1,0
1,3,6.0,1,1,120,0,1,11.0,64.0,1.0,0.0,41.0,4.0,9.0,2.1578947368421053,240,0,0,0,0,0,0,0,0,0,0,0,1
0,1,4.0,1,1,120,0,0,-102.0,57.0,1.0,0.0,57.0,4.0,11.0,3.0,240,0,0,0,0,0,0,0,0,0,0,0,1
1,3,2.0,1,1,120,0,0,-3.0,91.0,3.0,7.937253933193772,81.0,10.0,31.0,1.588235294117647,240,0,0,0,0,0,0,0,1,0,0,0,0
0,1,,1,0,120,0,0,-34.0,65.0,1.0,0.0,246.0,18.0,16.0,2.764044943820225,240,0,0,1,0,0,0,0,0,0,0,0,0
0,2,0.0,0,0,60,0,1,-116.0,62.0,1.0,0.0,142.0,15.0,13.0,2.491228070175439,240,0,0,0,0,0,0,1,0,0,0,0,0
0,1,9.0,1,1,120,0,0,-24.0,80.0,1.0,0.0,732.0,28.0,57.0,2.7111111111111112,240,0,0,0,0,0,0,0,0,0,0,0,0
0,1,3.0,1,0,60,1,1,-77.0,73.0,1.0,0.0,309.0,20.0,14.0,3.0,240,0,0,0,0,0,0,0,0,0,0,0,1
0,1,3.0,1,0,60,0,0,10.0,85.0,1.0,0.0,174.0,10.0,20.0,2.5588235294117645,240,0,0,0,0,0,0,0,0,1,0,0,0
0,3,5.0,1,0,60,0,0,-99.0,89.0,1.0,0.0,644.0,34.0,26.0,3.3541666666666665,240,0,0,0,0,0,0,1,0,0,0,0,0
0,2,5.0,1,1,60,0,1,-42.0,0.0,0.0,0.0,49.0,2.0,8.0,3.5,240,0,0,1,0,0,0,0,0,0,0,0,0
0,2,9.0,1,0,90,0,0,-42.0,87.0,1.0,0.0,254.0,12.0,22.0,3.2151898734177213,240,1,0,0,0,0,0,0,0,0,0,0,0
0,2,5.0,1,1,120,0,0,-16.0,78.0,1.0,0.0,8.0,1.0,2.0,1.6,240,0,0,0,0,0,1,0,0,0,0,0,0
0,1,3.0,1,0,60,0,0,-89.0,89.0,1.0,0.0,148.0,11.0,19.0,2.642857142857143,240,0,0,0,0,0,0,0,0,0,0,1,0
0,1,0.0,1,3,60,1,1,-21.0,0.0,0.0,0.0,348.0,6.0,25.0,4.702702702702703,240,0,0,0,0,0,0,0,0,0,0,1,0
0,2,2.0,1,0,60,0,0,-22.0,85.0,1.0,0.0,133.0,13.0,26.0,2.015151515151515,240,0,0,0,1,0,0,0,0,0,0,0,0
0,2,2.0,1,0,60,0,1,-29.0,72.0,1.0,0.0,227.0,15.0,18.0,2.8734177215189876,240,0,0,0,0,1,0,0,0,0,0,0,0
0,1,6.0,1,0,120,0,0,-16.0,91.0,1.0,0.0,382.0,23.0,18.0,3.7450980392156863,240,0,0,0,0,0,0,1,0,0,0,0,0
1,2,7.0,1,0,150,0,1,-60.0,87.0,1.0,0.0,2713.0,39.0,50.0,8.246200607902736,240,0,0,0,0,0,0,0,0,0,0,0,1
0,1,,1,3,120,1,0,-22.0,0.0,0.0,0.0,0.0,0.0,0.0,0.0,240,0,0,1,0,0,0,0,0,0,0,0,0
0,3,3.0,1,0,60,0,1,-24.0,0.0,0.0,0.0,68.0,5.0,13.0,2.8333333333333335,240,0,0,1,0,0,0,0,0,0,0,0,0
0,2,6.0,0,0,90,0,0,-57.0,70.0,1.0,0.0,837.0,15.0,25.0,5.978571428571429,240,0,0,0,0,0,0,0,1,0,0,0,0
0,2,2.0,1,0,60,0,0,-65.0,95.0,1.0,0.0,850.0,35.0,43.0,3.4412955465587043,240,0,0,0,0,0,0,0,0,0,0,0,1
0,1,,0,0,60,1,0,-60.0,75.0,1.0,0.0,374.0,14.0,21.0,4.065217391304348,240,0,0,0,0,0,0,0,0,0,0,1,0
0,1,2.0,0,0,90,0,0,-111.0,75.0,1.0,0.0,199.0,14.0,24.0,2.4875,240,0,0,0,0,1,0,0,0,0,0,0,0
0,2,4.0,1,0,90,0,1,-211.0,93.0,1.0,0.0,698.0,17.0,39.0,4.847222222222222,240,0,0,0,0,1,0,0,0,0,0,0,0
1,2,5.0,1,0,60,0,0,-8.0,86.0,1.0,0.0,35.0,7.0,7.0,1.8421052631578947,240,0,0,0,0,0,0,0,0,0,1,0,0
0,3,7.0,1,0,60,0,1,-14.0,0.0,0.0,0.0,0.0,0.0,0.0,0.0,240,0,0,0,0,0,0,0,0,0,0,0,0
0,2,9.0,1,0,120,1,0,-22.0,63.0,1.0,0.0,350.0,26.0,27.0,2.734375,240,0,0,0,0,0,0,0,1,0,0,0,0
1,3,3.0,1,0,120,0,0,-42.0,84.0,1.0,0.0,222.0,17.0,19.0,2.674698795180723,240,0,0,0,0,0,1,0,0,0,0,0,0
0,1,6.0,0,1,120,0,1,-51.0,39.0,1.0,0.0,6.0,2.0,3.0,1.5,240,0,0,0,0,0,0,0,0,0,0,0,0
0,2,7.0,1,0,60,0,1,-22.0,62.0,1.0,0.0,98.0,8.0,12.0,2.45,240,0,0,0,0,0,0,0,0,0,0,0,0
0,2,5.0,1,0,120,0,0,-43.0,75.0,1.0,0.0,678.0,32.0,42.0,3.138888888888889,240,0,0,0,0,0,0,0,1,0,0,0,0
0,2,8.0,1,0,60,0,0,-100.0,74.0,1.0,0.0,334.0,23.0,18.0,2.9557522123893807,240,0,0,0,0,0,0,0,0,0,0,0,0
0,2,5.0,0,0,60,0,0,-15.0,87.0,1.0,0.0,316.0,16.0,14.0,4.514285714285714,240,0,0,0,0,0,0,0,0,0,0,0,0
0,2,,0,0,60,0,1,-8.0,82.0,1.0,0.0,630.0,24.0,46.0,3.4239130434782608,240,0,0,0,0,1,0,0,0,0,0,0,0
0,2,5.0,1,2,60,0,1,-65.0,52.0,1.0,0.0,10.0,1.0,3.0,2.5,240,0,0,0,0,0,0,0,0,1,0,0,0
1,1,5.0,0,2,60,0,1,-81.0,0.0,0.0,0.0,34.0,1.0,6.0,4.25,240,0,0,0,0,0,0,0,0,0,0,0,1
0,1,5.0,1,2,120,0,0,-55.0,70.0,1.0,0.0,469.0,21.0,28.0,3.5,240,0,0,0,0,0,0,1,0,0,0,0,0
0,1,3.0,0,0,60,0,0,-65.0,80.0,1.0,0.0,195.0,15.0,12.0,3.4210526315789473,240,0,0,0,0,0,0,1,0,0,0,0,0
0,2,8.0,1,0,90,1,0,-89.0,67.0,1.0,0.0,578.0,22.0,35.0,3.1243243243243244,240,0,0,0,0,0,0,0,1,0,0,0,0
0,1,3.0,1,1,120,1,0,-19.0,77.0,1.0,0.0,836.0,33.0,34.0,2.9857142857142858,240,0,0,0,0,0,0,1,0,0,0,0,0
0,1,6.0,1,0,60,0,0,-109.0,70.0,1.0,0.0,85.0,5.0,14.0,2.9310344827586206,240,0,0,0,0,0,0,0,0,0,0,1,0
0,1,7.0,1,0,60,0,1,-109.0,75.0,1.0,0.0,135.0,5.0,15.0,3.857142857142857,240,0,0,0,0,0,0,0,0,1,0,0,0
0,3,,0,1,60,0,1,-12.0,91.0,1.0,0.0,55.0,3.0,11.0,2.619047619047619,240,0,0,0,0,0,1,0,0,0,0,0,0
0,2,7.0,1,0,60,0,1,-122.0,83.0,1.0,0.0,2533.0,35.0,26.0,10.554166666666667,240,0,0,0,0,0,0,0,0,0,0,0,0
0,2,2.0,1,1,60,1,1,-24.0,0.0,0.0,0.0,407.0,22.0,39.0,2.787671232876712,240,0,0,0,0,0,0,0,0,1,0,0,0
1,1,3.0,1,1,60,0,1,-73.0,0.0,0.0,0.0,55.0,2.0,6.0,3.9285714285714284,240,0,1,0,0,0,0,0,0,0,0,0,0
1,2,,0,0,60,0,0,-93.0,70.0,1.0,0.0,323.0,29.0,21.0,2.8839285714285716,240,0,0,0,0,0,1,0,0,0,0,0,0
0,3,9.0,1,1,60,1,1,-51.0,50.0,1.0,0.0,146.0,13.0,6.0,3.2444444444444445,240,0,0,0,0,0,0,0,1,0,0,0,0
0,3,3.0,1,0,120,0,0,-86.0,78.0,1.0,0.0,339.0,19.0,28.0,2.712,240,0,0,0,0,0,0,0,0,1,0,0,0
0,3,5.0,0,0,120,0,0,-71.0,87.0,1.0,0.0,51.0,8.0,4.0,2.4285714285714284,240,0,0,0,0,0,0,0,0,0,1,0,0
0,3,0.0,1,0,120,0,0,-30.0,55.0,1.0,0.0,142.0,7.0,22.0,2.784313725490196,240,0,0,0,0,0,0,0,0,0,0,1,0
0,1,2.0,0,5,120,0,1,-16.0,0.0,0.0,0.0,5.0,1.0,4.0,1.25,240,0,0,0,0,0,0,0,0,0,0,0,1
0,3,3.0,0,0,240,0,1,-21.0,73.0,1.0,0.0,240.0,15.0,20.0,2.857142857142857,240,0,0,0,0,0,0,1,0,0,0,0,0
0,1,4.0,0,0,90,0,1,-86.0,80.0,1.0,0.0,1592.0,28.0,34.0,7.269406392694064,240,0,0,0,0,0,0,0,0,0,0,0,0
0,2,3.0,1,0,120,0,0,-143.0,73.0,1.0,0.0,91.0,6.0,17.0,2.4594594594594597,240,0,0,0,0,0,0,0,0,0,0,1,0
0,3,5.0,1,0,60,0,0,-24.0,61.0,1.0,0.0,322.0,20.0,30.0,2.090909090909091,240,0,0,0,0,0,0,0,0,1,0,0,0
0,0,0.0,0,0,60,0,0,-248.0,93.0,1.0,0.0,389.0,26.0,38.0,2.969465648854962,240,1,0,0,0,0,0,0,0,0,0,0,0
0,3,0.0,1,0,120,0,0,-19.0,77.0,1.0,0.0,74.0,7.0,11.0,2.3125,240,0,0,0,0,0,1,0,0,0,0,0,0
0,3,0.0,1,0,60,0,1,-45.0,83.0,1.0,0.0,166.0,9.0,12.0,3.688888888888889,240,0,0,0,0,0,0,0,0,0,1,0,0
0,1,0.0,0,1,60,1,1,-85.0,75.0,1.0,0.0,351.0,23.0,17.0,3.8152173913043477,240,0,1,0,0,0,0,0,0,0,0,0,0
0,1,6.0,0,0,120,0,1,-16.0,0.0,0.0,0.0,26.0,1.0,7.0,2.6,240,0,0,0,1,0,0,0,0,0,0,0,0
1,2,0.0,1,1,180,0,1,-126.0,0.0,0.0,0.0,5.0,1.0,3.0,1.6666666666666667,240,0,0,1,0,0,0,0,0,0,0,0,0
0,2,0.0,1,0,60,1,1,-123.0,0.0,0.0,0.0,0.0,0.0,0.0,0.0,240,0,0,0,0,0,1,0,0,0,0,0,0
0,1,2.0,1,0,60,0,1,-112.0,62.0,1.0,0.0,454.0,27.0,30.0,3.174825174825175,240,0,0,0,0,0,0,0,0,0,0,0,0
0,1,2.0,0,0,60,0,0,-86.0,63.0,1.0,0.0,192.0,17.0,12.0,2.56,240,0,0,0,1,0,0,0,0,0,0,0,0
1,1,4.0,0,1,120,0,0,-80.0,70.0,1.0,0.0,8.0,4.0,2.0,1.6,240,0,0,0,0,0,0,0,0,0,0,0,0
0,1,8.0,1,0,60,0,0,-16.0,87.0,1.0,0.0,435.0,22.0,26.0,3.152173913043478,240,0,0,0,0,0,0,0,0,1,0,0,0
0,1,0.0,0,2,120,0,1,-94.0,60.0,1.0,0.0,101.0,14.0,14.0,2.148936170212766,240,0,0,0,0,0,0,0,0,0,0,1,0
1,1,4.0,1,0,60,0,1,-24.0,72.0,1.0,0.0,84.0,7.0,14.0,2.27027027027027,240,0,0,1,0,0,0,0,0,0,0,0,0
1,1,0.0,1,2,60,0,1,-53.0,63.0,1.0,0.0,19.0,1.0,3.0,3.1666666666666665,240,0,0,0,0,0,0,0,0,0,0,0,0
0,2,6.0,1,0,60,0,0,-50.0,68.0,1.0,0.0,247.0,7.0,14.0,5.040816326530612,240,0,0,0,0,0,0,0,0,1,0,0,0
0,2,4.0,0,0,60,1,0,-78.0,65.0,1.0,0.0,61.0,4.0,19.0,2.033333333333333,240,1,0,0,0,0,0,0,0,0,0,0,0
0,2,8.0,1,0,60,0,0,-3.0,65.0,1.0,0.0,144.0,7.0,28.0,2.5714285714285716,240,0,0,0,0,0,0,0,0,0,0,0,1
0,1,3.0,0,0,60,1,1,-30.0,63.0,1.0,0.0,2.0,1.0,2.0,1.0,240,0,0,0,0,1,0,0,0,0,0,0,0
0,2,3.0,1,1,60,0,1,-21.0,60.0,1.0,0.0,626.0,32.0,39.0,3.383783783783784,240,0,0,0,0,0,0,0,0,0,0,1,0
0,2,5.0,0,0,120,0,0,-60.0,80.0,1.0,0.0,78.0,6.0,16.0,2.5161290322580645,240,0,0,0,0,0,0,1,0,0,0,0,0
0,1,9.0,1,4,120,0,0,-73.0,73.0,1.0,0.0,83.0,7.0,10.0,2.2432432432432434,240,0,0,0,0,0,1,0,0,0,0,0,0
0,1,8.0,0,1,60,0,0,-49.0,74.0,1.0,0.0,295.0,15.0,22.0,2.8640776699029127,240,0,0,0,0,0,0,1,0,0,0,0,0
1,1,,1,0,120,1,0,-55.0,85.0,1.0,0.0,617.0,34.0,38.0,3.0544554455445545,240,0,0,1,0,0,0,0,0,0,0,0,0
0,2,9.0,1,0,60,0,0,-57.0,79.0,1.0,0.0,171.0,8.0,13.0,3.489795918367347,240,0,0,0,0,0,0,1,0,0,0,0,0
0,1,4.0,0,0,60,0,0,-36.0,74.0,1.0,0.0,285.0,11.0,22.0,3.392857142857143,240,0,0,0,0,0,0,0,0,0,1,0,0
0,2,5.0,1,0,120,0,0,-73.0,80.0,1.0,0.0,350.0,13.0,41.0,2.4475524475524475,240,0,0,0,0,0,0,1,0,0,0,0,0
0,3,5.0,1,0,60,0,0,-15.0,83.0,1.0,0.0,694.0,20.0,26.0,4.921985815602837,240,0,0,1,0,0,0,0,0,0,0,0,0
1,2,0.0,0,0,60,0,1,-86.0,0.0,0.0,0.0,0.0,0.0,0.0,0.0,240,1,0,0,0,0,0,0,0,0,0,0,0
0,2,3.0,0,1,120,0,0,-21.0,87.0,1.0,0.0,98.0,4.0,13.0,2.7222222222222223,240,0,0,0,0,0,0,0,0,0,1,0,0
0,1,9.0,1,0,120,0,1,-24.0,85.0,1.0,0.0,833.0,27.0,44.0,3.8036529680365296,240,0,0,0,0,0,0,0,0,0,1,0,0
0,3,3.0,1,0,210,0,0,-15.0,90.0,1.0,0.0,130.0,13.0,14.0,2.3214285714285716,240,0,0,0,0,0,0,0,0,1,0,0,0
0,2,4.0,0,0,120,0,0,-16.0,87.0,1.0,0.0,215.0,16.0,20.0,2.8289473684210527,240,0,0,0,0,0,0,0,0,0,1,0,0
0,1,0.0,0,0,60,0,1,-22.0,50.0,1.0,0.0,58.0,6.0,18.0,1.6111111111111112,240,0,0,0,0,0,0,0,0,0,0,0,1
0,3,7.0,0,0,120,0,0,-219.0,87.0,1.0,0.0,1082.0,32.0,29.0,5.724867724867725,240,0,0,0,0,0,1,0,0,0,0,0,0
0,1,,0,2,120,0,0,-45.0,73.0,1.0,0.0,8.0,2.0,4.0,1.6,240,0,0,0,0,0,0,0,0,0,0,0,0
0,2,,1,1,120,1,0,-74.0,65.0,1.0,0.0,165.0,12.0,21.0,3.5106382978723403,240,0,0,0,0,1,0,0,0,0,0,0,0
0,1,,1,0,120,0,0,-21.0,73.0,1.0,0.0,324.0,18.0,16.0,4.764705882352941,240,0,0,0,0,0,0,0,0,0,0,0,0
0,2,,1,2,60,0,1,-16.0,65.0,1.0,0.0,1330.0,24.0,53.0,5.155038759689923,240,0,0,0,0,0,0,0,0,0,0,0,1
0,3,5.0,1,0,120,0,1,-52.0,70.0,1.0,0.0,154.0,10.0,18.0,2.3692307692307693,240,0,0,0,0,1,0,0,0,0,0,0,0
0,2,3.0,1,0,60,0,0,-30.0,79.0,1.0,0.0,71.0,5.0,9.0,2.21875,240,0,0,0,0,0,0,0,1,0,0,0,0
0,0,0.0,1,1,60,0,1,-42.0,0.0,0.0,0.0,128.0,8.0,15.0,2.909090909090909,240,0,0,0,0,1,0,0,0,0,0,0,0
0,1,4.0,1,0,90,0,1,-22.0,65.0,1.0,0.0,214.0,11.0,20.0,2.779220779220779,240,0,0,0,0,0,0,0,0,0,0,0,0
0,1,4.0,1,0,60,0,1,-71.0,0.0,0.0,0.0,0.0,0.0,0.0,0.0,240,0,0,0,0,0,1,0,0,0,0,0,0
0,3,4.0,1,0,120,0,0,-23.0,81.0,1.0,0.0,184.0,9.0,14.0,4.088888888888889,240,0,0,0,0,0,0,0,0,0,0,0,1
0,1,3.0,1,0,240,0,1,-15.0,0.0,0.0,0.0,1.0,1.0,1.0,1.0,240,0,0,1,0,0,0,0,0,0,0,0,0
0,1,2.0,0,0,60,0,1,-45.0,81.0,1.0,0.0,218.0,13.0,24.0,3.1594202898550723,240,0,1,0,0,0,0,0,0,0,0,0,0
0,1,0.0,0,0,150,0,1,-51.0,70.0,1.0,0.0,69.0,15.0,17.0,1.38,240,0,0,1,0,0,0,0,0,0,0,0,0
0,1,0.0,0,3,60,1,1,-49.0,82.0,1.0,0.0,440.0,22.0,20.0,4.074074074074074,240,0,0,0,1,0,0,0,0,0,0,0,0
0,1,,0,0,60,0,1,-25.0,78.0,1.0,0.0,330.0,17.0,27.0,2.481203007518797,240,1,0,0,0,0,0,0,0,0,0,0,0
0,1,2.0,1,0,60,0,0,-51.0,72.0,1.0,0.0,256.0,17.0,23.0,2.4380952380952383,240,0,0,0,0,0,0,0,0,1,0,0,0
0,3,,1,0,120,0,0,-71.0,83.0,1.0,0.0,156.0,11.0,19.0,2.2285714285714286,240,0,0,0,0,0,0,0,0,0,1,0,0
0,1,4.0,0,0,120,0,0,-122.0,74.0,1.0,0.0,133.0,7.0,27.0,2.2542372881355934,240,0,0,0,0,0,0,1,0,0,0,0,0
0,3,4.0,0,1,120,0,1,-46.0,0.0,0.0,0.0,0.0,0.0,0.0,0.0,240,0,0,0,0,0,0,0,0,1,0,0,0
0,2,,1,0,90,0,1,-18.0,60.0,1.0,0.0,130.0,17.0,18.0,1.911764705882353,240,0,0,1,0,0,0,0,0,0,0,0,0
0,2,,0,0,120,0,1,-34.0,0.0,0.0,0.0,2.0,2.0,2.0,1.0,240,0,0,0,0,0,0,0,0,0,0,0,1
0,1,6.0,1,0,60,0,0,-77.0,62.0,1.0,0.0,1867.0,29.0,30.0,7.125954198473282,240,0,0,0,1,0,0,0,0,0,0,0,0
0,2,,0,0,60,0,0,-22.0,60.0,1.0,0.0,307.0,13.0,35.0,3.3369565217391304,240,0,0,0,0,0,0,0,0,0,0,0,0
0,1,3.0,1,5,120,0,1,-21.0,79.0,1.0,0.0,477.0,12.0,83.0,2.8058823529411763,240,0,0,0,0,0,1,0,0,0,0,0,0
0,2,9.0,0,0,60,0,0,-25.0,90.0,1.0,0.0,76.0,8.0,16.0,2.303030303030303,240,0,0,0,0,0,0,0,1,0,0,0,0
0,2,2.0,1,0,90,1,0,-135.0,75.0,1.0,0.0,142.0,11.0,16.0,2.491228070175439,240,1,0,0,0,0,0,0,0,0,0,0,0
0,3,8.0,1,0,120,0,0,-15.0,93.0,1.0,0.0,755.0,24.0,30.0,4.3895348837209305,240,1,0,0,0,0,0,0,0,0,0,0,0
0,1,,1,0,180,0,0,-185.0,63.0,1.0,0.0,349.0,24.0,27.0,2.585185185185185,240,0,0,0,0,1,0,0,0,0,0,0,0
1,1,2.0,0,0,60,0,0,-27.0,87.0,1.0,0.0,194.0,19.0,24.0,2.1797752808988764,240,0,0,0,0,0,0,0,1,0,0,0,0
1,1,2.0,1,0,60,0,0,-60.0,80.0,1.0,0.0,393.0,15.0,27.0,2.411042944785276,240,0,0,1,0,0,0,0,0,0,0,0,0
0,2,4.0,1,0,60,0,1,-14.0,76.0,1.0,0.0,532.0,23.0,33.0,2.8,240,0,0,0,0,0,0,0,0,0,1,0,0
0,1,2.0,1,1,120,0,0,-113.0,70.0,1.0,0.0,159.0,11.0,18.0,2.6065573770491803,240,0,0,0,0,0,0,0,1,0,0,0,0
0,3,9.0,1,0,60,0,0,-95.0,74.0,1.0,0.0,365.0,16.0,18.0,4.101123595505618,240,0,0,0,0,0,1,0,0,0,0,0,0
0,2,9.0,1,0,120,0,0,-73.0,88.0,1.0,0.0,96.0,9.0,14.0,2.742857142857143,240,0,0,0,0,0,0,0,0,0,1,0,0
0,3,4.0,1,0,120,0,0,-46.0,76.0,1.0,0.0,259.0,11.0,31.0,2.7263157894736842,240,1,0,0,0,0,0,0,0,0,0,0,0
0,3,7.0,1,0,120,0,0,-80.0,94.0,1.0,0.0,359.0,24.0,20.0,2.7196969696969697,240,0,0,0,0,0,0,0,1,0,0,0,0
0,1,8.0,0,1,180,0,0,-58.0,77.0,1.0,0.0,590.0,35.0,25.0,3.6645962732919255,240,0,0,0,0,0,0,1,0,0,0,0,0
0,2,2.0,0,1,120,0,0,-30.0,73.0,1.0,0.0,146.0,11.0,17.0,2.433333333333333,240,0,0,1,0,0,0,0,0,0,0,0,0
1,2,7.0,1,1,120,0,0,-115.0,70.0,1.0,0.0,70.0,7.0,16.0,1.8918918918918919,240,0,0,0,0,0,0,0,0,0,0,1,0
1,1,9.0,0,0,120,0,1,-30.0,0.0,0.0,0.0,0.0,0.0,0.0,0.0,240,0,0,0,0,0,0,0,0,0,0,0,0
0,2,4.0,1,0,120,0,1,-21.0,74.0,1.0,0.0,49.0,4.0,6.0,2.227272727272727,240,0,0,0,0,0,0,0,0,1,0,0,0
0,0,,0,0,60,0,1,-21.0,69.0,1.0,0.0,90.0,7.0,16.0,2.142857142857143,240,0,0,0,0,0,0,0,0,0,0,1,0
0,0,3.0,0,0,60,0,0,-57.0,78.0,1.0,0.0,182.0,9.0,15.0,2.9836065573770494,240,0,0,0,0,0,0,0,0,0,1,0,0
1,1,5.0,0,0,60,0,0,-79.0,74.0,1.0,0.0,317.0,24.0,38.0,2.6416666666666666,240,0,0,0,0,0,1,0,0,0,0,0,0
