gender,highest_education,imd_band,age_band,num_of_prev_attempts,studied_credits,disability,date_registration,avg_score,num_assessments_submitted,score_std,total_clicks,num_days_active,num_vle_resources,avg_clicks_per_day,module_presentation_length,region_East Midlands Region,region_Ireland,region_London Region,region_North Region,region_North Western Region,region_Scotland,region_South East Region,region_South Region,region_South West Region,region_Wales,region_West Midlands Region,region_Yorkshire Region
0,1,2.0,0,1.2938856435312154,0.8061079627580064,0,-2.487437673041666,-2.255364694252656,-2.1244256555430074,-0.07705602440045026,-0.6904317399000514,-1.069651704297609,-1.3765816707235579,-0.31509336377060226,-6.0,0,0,0,0,0,1,0,0,0,0,0,0
0,2,2.0,0,3.0201955466369994,-0.6617829563253504,0,-2.0604373135400706,-2.255364694252656,-2.1244256555430074,-0.07705602440045026,-0.7363329358479693,-1.3999884960308033,-1.6455648495780395,-1.7779701967465338,-6.0,0,0,1,0,0,0,0,0,0,0,0,0
1,1,0.0,0,6.472815352848567,0.8061079627580064,1,-3.366556060250832,0.2791004615325364,12.38747379639411,14.870052018089142,-0.6646123171793475,-1.1797639682086738,-1.1972595514872366,0.22205672333774773,-6.0,0,0,0,0,0,1,0,0,0,0,0,0
0,2,4.0,0,-0.43242425957456854,-0.6617829563253504,0,0.8280945301471898,0.5661362743564015,0.29422425311317907,-0.07705602440045026,-0.7363329358479693,-1.3999884960308033,-1.6455648495780395,-1.7779701967465338,-6.0,1,0,0,0,0,0,0,0,0,0,0,0
0,2,3.0,0,-0.43242425957456854,0.07216250321632804,0,-1.93484897251019,0.602779144078597,0.29422425311317907,-0.07705602440045026,-0.4465816364267371,-0.29886585692015605,-0.3903100149237914,-0.34150641769933426,-6.0,0,0,0,0,0,1,0,0,0,0,0,0
0,1,7.0,1,1.2938856435312154,-0.6617829563253504,0,0.6271531844993804,-0.5697926870316607,0.29422425311317907,-0.07705602440045026,-0.6158422964846847,-1.069651704297609,-0.8386153130145944,-0.09794758387573732,-6.0,0,0,0,0,0,1,0,0,0,0,0,0
0,1,4.0,0,-0.43242425957456854,0.8061079627580064,0,0.7025061891173089,0.01649322852346813,0.29422425311317907,-0.07705602440045026,0.13578978716247228,0.6921445182794265,-0.5696321341601126,0.5110017889687476,-6.0,0,0,0,0,0,0,0,0,0,1,0,0
0,3,4.0,1,-0.43242425957456854,0.8061079627580064,0,0.7025061891173089,0.9325649715783569,0.29422425311317907,-0.07705602440045026,0.01816797254593246,1.1325935739236852,0.8649448197304568,-0.024613263472646904,-6.0,0,0,0,0,0,0,0,0,0,1,0,0
0,1,6.0,0,1.2938856435312154,-0.6617829563253504,0,-0.17661219809185738,-0.4232212081428785,0.29422425311317907,-0.07705602440045026,1.2603690878864628,2.5640530047675267,-0.3903100149237914,1.2522746715607531,-6.0,0,0,0,0,0,0,0,0,0,0,0,0
0,3,6.0,0,-0.43242425957456854,0.8061079627580064,0,0.6271531844993804,0.4195647954676192,0.29422425311317907,-0.07705602440045026,0.18455980785713513,0.471919990457297,0.8649448197304568,0.17862756735877464,-6.0,0,0,0,0,0,0,0,1,0,0,0,0
0,1,8.0,0,-0.43242425957456854,-0.6617829563253504,1,-0.402671211945643,0.8959221018561614,0.29422425311317907,-0.07705602440045026,-0.35191041978415627,0.14158319872410283,0.3269784620214932,-0.5350549165550267,-6.0,0,0,0,0,0,0,1,0,0,0,0,0
0,1,0.0,0,3.0201955466369994,-0.6617829563253504,1,0.7778591937352375,0.4928505349120103,0.29422425311317907,-0.07705602440045026,-0.4982204818681448,-0.8494271764754796,-1.0179374322509154,0.6366077576824899,-6.0,0,0,0,0,0,0,0,0,0,0,1,0
0,2,6.0,0,-0.43242425957456854,0.8061079627580064,1,-4.120086106430118,0.4928505349120103,0.29422425311317907,-0.07705602440045026,-0.5297775540823385,-0.739314912564415,0.23731740240333266,-0.596415831650589,-6.0,0,0,0,0,0,0,0,0,0,0,0,0
0,1,0.0,0,3.0201955466369994,0.8061079627580064,0,0.4010941706455947,0.5294934046342059,0.29422425311317907,-0.07705602440045026,-0.6043669974977052,-0.9595394403865444,-0.30064895530563085,-0.43977036658105095,-6.0,0,0,0,1,0,0,0,0,0,0,0,0
0,1,3.0,0,-0.43242425957456854,-0.6617829563253504,0,-2.1357903181579996,-2.255364694252656,-2.1244256555430074,-0.07705602440045026,-0.7363329358479693,-1.3999884960308033,-1.6455648495780395,-1.7779701967465338,-6.0,0,0,0,0,0,0,0,0,1,0,0,0
0,1,3.0,0,-0.43242425957456854,-0.6617829563253504,1,-1.809260631480309,0.053136098245663684,0.29422425311317907,-0.07705602440045026,-0.38920514149183966,-0.18875359300909134,-0.3903100149237914,-0.22914934983326624,-6.0,0,0,0,0,0,0,0,0,0,1,0,0
0,1,5.0,0,3.0201955466369994,-0.6617829563253504,0,0.6773885209113327,0.16306470741225035,0.29422425311317907,-0.07705602440045026,-0.5297775540823385,-0.6292026486533502,0.1476563427851721,-0.5653222957270116,-6.0,0,0,0,0,0,0,0,0,0,1,0,0
1,2,7.0,0,1.2938856435312154,0.8061079627580064,0,-1.6083192858324997,1.0424935807449436,0.29422425311317907,-0.07705602440045026,-0.6818252656598167,-1.1797639682086738,-0.8386153130145944,-0.5619538293352907,-6.0,0,0,0,0,0,0,1,0,0,0,0,0
0,3,2.0,1,-0.43242425957456854,-0.6617829563253504,0,0.5266825116754756,-0.1300782503653141,0.29422425311317907,-0.07705602440045026,-0.6244487707249193,-1.069651704297609,-0.21098789568747026,-0.5893827699535893,-6.0,0,0,0,0,0,0,0,0,0,1,0,0
0,1,4.0,0,3.0201955466369994,-0.6617829563253504,0,0.8280945301471898,0.7493506229673792,0.29422425311317907,-0.07705602440045026,0.781275355180069,1.24270583783475,1.223589058203099,0.6403480677668031,-6.0,0,0,0,0,1,0,0,0,0,0,0,0
0,2,6.0,1,1.2938856435312154,-0.6617829563253504,0,-1.1310835899189522,0.4195647954676192,0.29422425311317907,-0.07705602440045026,-0.6674811419260924,-1.069651704297609,-0.9282763726327549,-0.49795296789259363,-6.0,0,0,0,0,0,0,0,0,0,0,0,0
0,1,2.0,0,4.746505449742783,-0.6617829563253504,0,-1.658554622244452,0.4195647954676192,0.29422425311317907,-0.07705602440045026,-0.564203451043277,-0.6292026486533502,-0.9282763726327549,-0.45381444275969907,-6.0,0,0,0,0,0,0,0,0,0,0,0,1
0,2,4.0,0,1.2938856435312154,0.8061079627580064,0,0.4010941706455947,0.5111719697731081,2.7128741617693652,4.44422976770045,-0.019126749161750903,0.5820322543683617,0.9546058793486173,-0.09373700088608608,-6.0,1,0,0,0,0,0,0,0,0,0,0,0
0,2,4.0,0,-0.43242425957456854,0.8061079627580064,0,-2.7134966868954513,0.4195647954676192,0.29422425311317907,-0.07705602440045026,-0.6014981727509603,-0.9595394403865444,-0.30064895530563085,-0.5246199934937175,-6.0,0,0,0,0,0,0,0,0,1,0,0,0
0,1,4.0,0,3.0201955466369994,1.540053422299685,0,0.9536828711770707,1.335636538522508,0.29422425311317907,-0.07705602440045026,-0.5527281520562974,-0.6292026486533502,-0.479971074541952,-0.5367413687669554,-6.0,0,0,0,0,0,0,0,0,0,0,0,0
0,4,9.0,1,-0.43242425957456854,-0.29481022655451117,0,-2.0353196453340945,1.1524221899115303,0.29422425311317907,-0.07705602440045026,-0.23141978042087158,-0.29886585692015605,1.492572237057581,-0.21350469481394013,-6.0,0,0,0,0,0,1,0,0,0,0,0,0
0,1,3.0,0,1.2938856435312154,0.8061079627580064,0,-1.4073779401846902,0.8959221018561614,0.29422425311317907,-0.07705602440045026,-0.019126749161750903,0.9123690461015559,0.6856227004941355,-0.22455122969078128,-6.0,0,0,0,0,0,0,0,0,0,0,0,0
0,2,4.0,0,-0.43242425957456854,0.8061079627580064,0,-4.496851129519761,0.8592792321339658,0.29422425311317907,-0.07705602440045026,-0.37772984250486014,0.14158319872410283,-0.3903100149237914,-0.44461891669034603,-6.0,0,0,0,0,0,0,0,1,0,0,0,0
0,1,0.0,1,1.2938856435312154,0.8061079627580064,0,-0.22684753450380976,-0.4232212081428785,0.29422425311317907,-0.07705602440045026,-0.6359240697118987,-0.739314912564415,-0.30064895530563085,-0.8446243007072025,-6.0,1,0,0,0,0,0,0,0,0,0,0,0
0,1,5.0,1,-0.43242425957456854,-0.6617829563253504,0,-1.658554622244452,0.30963618630103257,0.29422425311317907,-0.07705602440045026,-0.42076221370603323,-0.5190903847422855,-0.5696321341601126,0.17761168066920802,-6.0,0,0,0,0,1,0,0,0,0,0,0,0
1,3,8.0,0,1.2938856435312154,0.8061079627580064,0,-0.35243587553369066,0.45620766518981476,0.29422425311317907,-0.07705602440045026,0.3538204679150827,0.9123690461015559,0.9546058793486173,0.10732649691430826,-6.0,0,0,0,0,0,1,0,0,0,0,0,0
0,2,0.0,0,-0.43242425957456854,-0.6617829563253504,1,-0.0007885206500241326,-0.056792510920922974,0.29422425311317907,-0.07705602440045026,0.1902974573506249,0.25169546263516757,0.23731740240333266,0.2687900256288261,-6.0,1,0,0,0,0,0,0,0,0,0,0,0
1,2,4.0,0,-0.43242425957456854,-0.6617829563253504,0,0.8280945301471898,-0.7163641659204429,0.29422425311317907,-0.07705602440045026,-0.31174687332972806,-0.5190903847422855,-0.30064895530563085,0.3269470240355011,-6.0,0,0,0,0,0,0,0,0,0,1,0,0
0,2,0.0,0,-0.43242425957456854,0.8061079627580064,0,0.9788005393830469,-0.056792510920922974,0.29422425311317907,-0.07705602440045026,-0.5125646056018692,-0.07864132909802661,-0.8386153130145944,-0.3097151401199555,-6.0,0,0,1,0,0,0,0,0,0,0,0,0
0,2,2.0,0,-0.43242425957456854,-0.6617829563253504,1,-0.35243587553369066,1.0424935807449436,0.29422425311317907,-0.07705602440045026,-0.6502681934456231,-1.069651704297609,-1.1972595514872366,-0.49795296789259363,-6.0,0,0,0,0,0,0,0,0,0,0,0,0
0,1,2.0,0,-0.43242425957456854,3.7418898009247203,0,0.853212198353166,0.5661362743564015,0.29422425311317907,-0.07705602440045026,-0.6244487707249193,-0.9595394403865444,-1.107598491869076,0.14205564653437647,-6.0,0,0,1,0,0,0,0,0,0,0,0,0
0,2,2.0,0,-0.43242425957456854,-0.6617829563253504,0,0.12479982037985676,0.8226363624117703,0.29422425311317907,-0.07705602440045026,-0.20846918244691257,0.3618077265462323,-0.03166577645114908,0.15254759103317914,-6.0,0,0,0,0,0,1,0,0,0,0,0,0
0,3,2.0,0,1.2938856435312154,3.7418898009247203,0,-1.256671930948833,0.23635044685664144,0.29422425311317907,-0.07705602440045026,-0.5469905025628077,-0.07864132909802661,-0.6592931937782731,-0.6363332088497764,-6.0,0,0,1,0,0,0,0,0,0,0,0,0
0,2,2.0,0,-0.43242425957456854,0.8061079627580064,0,-1.4073779401846902,0.8592792321339658,0.29422425311317907,-0.07705602440045026,-0.48674518288116536,0.3618077265462323,-0.21098789568747026,-0.7273900183475451,-6.0,0,0,0,0,0,0,1,0,0,0,0,0
0,1,8.0,0,-0.43242425957456854,-0.6617829563253504,0,-0.8045539032412619,0.6394220138007926,0.29422425311317907,-0.07705602440045026,0.14152743665596204,-0.07864132909802661,0.1476563427851721,0.6700627534366269,-6.0,0,0,0,0,0,0,0,1,0,0,0,0
0,2,8.0,1,-0.43242425957456854,-0.6617829563253504,0,0.7025061891173089,0.38292192574542366,0.29422425311317907,-0.07705602440045026,2.7263385334730934,2.2337162130343327,2.120199654384705,1.6250712024312322,-6.0,0,0,0,0,1,0,0,0,0,0,0,0
1,2,2.0,0,-0.43242425957456854,0.8061079627580064,0,-2.1106726499520234,0.8592792321339658,0.29422425311317907,-0.07705602440045026,-0.004782625428026532,1.5730426295679443,0.1476563427851721,-0.32080772639941435,-6.0,0,0,0,0,0,0,1,0,0,0,0,0
0,2,3.0,0,1.2938856435312154,0.8061079627580064,0,-0.25196520270978595,0.8592792321339658,0.29422425311317907,-0.07705602440045026,0.4972617052523264,1.5730426295679443,1.8512164755302232,-0.2231470091555895,-6.0,0,0,0,0,0,0,0,1,0,0,0,0
0,2,3.0,1,-0.43242425957456854,-0.6617829563253504,0,0.2503881614097377,0.30963618630103257,0.29422425311317907,-0.07705602440045026,-0.5814163995237461,-1.069651704297609,-1.0179374322509154,0.25499834319795933,-6.0,0,0,0,0,0,0,0,0,1,0,0,0
0,2,9.0,1,-0.43242425957456854,-0.6617829563253504,0,0.8280945301471898,0.4195647954676192,0.29422425311317907,-0.07705602440045026,0.7095547365114471,0.6921445182794265,0.8649448197304568,0.3582174964401744,-6.0,0,0,0,0,0,0,0,0,0,1,0,0
0,1,4.0,0,-0.43242425957456854,0.07216250321632804,1,-1.7841429632743329,0.5661362743564015,0.29422425311317907,-0.07705602440045026,-0.3662545435178806,-0.6292026486533502,-0.6592931937782731,1.0689646743251606,-6.0,0,0,0,0,0,0,0,0,0,1,0,0
0,1,8.0,0,1.2938856435312154,-0.6617829563253504,0,-0.9803775806830951,0.12642183769005477,0.29422425311317907,-0.07705602440045026,-0.6301864202184091,-0.8494271764754796,-1.0179374322509154,-0.2979502758841655,-6.0,0,0,0,0,0,0,0,0,0,0,0,0
0,2,4.0,0,1.2938856435312154,0.8061079627580064,0,0.6020355162934041,0.30963618630103257,0.29422425311317907,-0.07705602440045026,-0.016257924415006026,0.25169546263516757,0.41663952163965384,0.11193759409075445,-6.0,1,0,0,0,0,0,0,0,0,0,0,0
0,3,5.0,1,-0.43242425957456854,-0.6617829563253504,0,1.3555655624726897,0.30963618630103257,0.29422425311317907,-0.07705602440045026,-0.6387928944586436,-0.6292026486533502,-0.479971074541952,-0.8318705058544912,-6.0,0,0,0,0,0,0,0,1,0,0,0,0
0,2,8.0,1,-0.43242425957456854,1.1730806925288457,0,0.6020355162934041,0.3462790560232281,0.29422425311317907,-0.07705602440045026,0.01816797254593246,0.03147093481303811,-0.479971074541952,1.2824346322406144,-6.0,0,0,0,0,0,0,0,0,1,0,0,0
0,1,6.0,0,-0.43242425957456854,-0.6617829563253504,0,0.6271531844993804,0.8592792321339658,0.29422425311317907,-0.07705602440045026,0.5316876022132648,1.3528181017458147,0.7752837601122962,0.058937644660744096,-6.0,1,0,0,0,0,0,0,0,0,0,0,0
0,0,4.0,0,-0.43242425957456854,-0.6617829563253504,0,0.5266825116754756,-0.31329259897629186,0.29422425311317907,-0.07705602440045026,-0.6674811419260924,-1.069651704297609,-1.3765816707235579,0.7820642609613466,-6.0,0,0,0,1,0,0,0,0,0,0,0,0
0,1,2.0,1,-0.43242425957456854,-0.6617829563253504,1,0.7025061891173089,0.1997075771344459,0.29422425311317907,-0.07705602440045026,-0.5269087293355936,-0.8494271764754796,-0.7489542533964337,0.4468216534043623,-6.0,0,0,0,0,0,0,0,0,0,1,0,0
0,1,5.0,1,-0.43242425957456854,0.8061079627580064,0,0.5266825116754756,0.9325649715783569,0.29422425311317907,-0.07705602440045026,-0.35191041978415627,-0.07864132909802661,-0.9282763726327549,0.008720518528757598,-6.0,0,0,0,0,0,0,0,0,0,1,0,0
0,2,4.0,0,-0.43242425957456854,-0.6617829563253504,0,0.6773885209113327,0.38292192574542366,0.29422425311317907,-0.07705602440045026,-0.21133800719365745,0.25169546263516757,-0.8386153130145944,0.20714126834050914,-6.0,0,0,0,0,0,0,0,0,0,1,0,0
0,2,4.0,1,-0.43242425957456854,-0.6617829563253504,0,0.8280945301471898,0.8592792321339658,0.29422425311317907,-0.07705602440045026,-0.43223751269301275,-0.739314912564415,-0.12132683606930966,-0.03845960368861503,-6.0,0,0,0,0,0,0,1,0,0,0,0,0
0,2,7.0,0,-0.43242425957456854,-0.6617829563253504,0,-0.10125919347392885,0.602779144078597,0.29422425311317907,-0.07705602440045026,-0.10519149156409711,0.03147093481303811,-0.03166577645114908,0.3553918513433666,-6.0,0,0,0,0,0,0,0,0,0,0,0,0
0,2,8.0,0,-0.43242425957456854,0.07216250321632804,0,-0.9803775806830951,0.7859934926895747,0.29422425311317907,-0.07705602440045026,0.029643271532911953,0.5820322543683617,0.41663952163965384,0.12072202605347754,-6.0,0,0,1,0,0,0,0,0,0,0,0,0
0,1,4.0,0,4.746505449742783,0.8061079627580064,0,0.6773885209113327,0.7493506229673792,0.29422425311317907,-0.07705602440045026,-0.3060092238362383,0.25169546263516757,-0.479971074541952,-0.12277550426299044,-6.0,0,1,0,0,0,0,0,0,0,0,0,0
0,3,2.0,0,-0.43242425957456854,0.8061079627580064,0,-0.05102385706197649,0.23635044685664144,0.29422425311317907,-0.07705602440045026,0.0009550240654632156,-0.18875359300909134,0.9546058793486173,0.25267441939829716,-6.0,0,0,0,0,0,0,0,0,0,1,0,0
0,1,2.0,1,3.0201955466369994,2.2739988818413632,0,3.4654496917746886,0.39757907363430206,9.968823887737924,23.270167795364998,-0.7363329358479693,-1.3999884960308033,-1.6455648495780395,-1.7779701967465338,-6.0,0,0,0,1,0,0,0,0,0,0,0,0
0,1,2.0,0,-0.43242425957456854,-0.6617829563253504,0,0.5266825116754756,0.8592792321339658,0.29422425311317907,-0.07705602440045026,-0.2687145021285549,0.03147093481303811,0.595961640875975,-0.4739526448515822,-6.0,0,0,0,0,0,0,1,0,0,0,0,0
0,2,5.0,0,-0.43242425957456854,-0.6617829563253504,0,-1.256671930948833,0.45620766518981476,0.29422425311317907,-0.07705602440045026,-0.6129734717379398,-0.9595394403865444,-0.9282763726327549,0.18777054756487446,-6.0,0,0,0,0,0,0,0,0,0,0,1,0
0,1,3.0,0,1.2938856435312154,3.7418898009247203,0,-2.211143322775928,1.2257079293559214,0.29422425311317907,-0.07705602440045026,0.0009550240654632156,1.1325935739236852,1.0442669389667778,-0.16539947216093276,-6.0,0,0,0,0,0,0,1,0,0,0,0,0
0,1,7.0,0,-0.43242425957456854,-0.6617829563253504,0,0.6522708527053566,0.38292192574542366,0.29422425311317907,-0.07705602440045026,-0.5125646056018692,-0.40897812083122076,-0.21098789568747026,-0.6686219317397857,-6.0,0,0,0,0,0,0,0,1,0,0,0,0
1,1,2.0,1,1.2938856435312154,1.540053422299685,0,-1.8594959678922613,-0.8995785145314207,0.29422425311317907,-0.07705602440045026,-0.4838763581344205,-0.9595394403865444,0.41663952163965384,-0.3699512450071995,-6.0,0,0,1,0,0,0,0,0,0,0,0,0
0,2,9.0,1,-0.43242425957456854,-0.6617829563253504,0,0.8280945301471898,0.3462790560232281,0.29422425311317907,-0.07705602440045026,0.09849506545478892,0.25169546263516757,1.223589058203099,-0.10010977514069339,-6.0,0,0,0,0,0,0,0,1,0,0,0,0
1,1,4.0,0,-0.43242425957456854,0.8061079627580064,0,-2.537673009453618,0.8592792321339658,0.29422425311317907,-0.07705602440045026,-0.40928691471905376,0.6921445182794265,-0.12132683606930966,-0.42684089962293026,-6.0,0,0,0,0,0,0,0,1,0,0,0,0
0,1,4.0,0,1.2938856435312154,-0.6617829563253504,0,0.14991748858583295,0.12642183769005477,0.29422425311317907,-0.07705602440045026,-0.43510633743975763,0.5820322543683617,-0.21098789568747026,-0.5990069596442206,-6.0,0,0,1,0,0,0,0,0,0,0,0,0
0,2,3.0,0,-0.43242425957456854,-0.6617829563253504,0,-0.7543185668293095,0.23635044685664144,0.29422425311317907,-0.07705602440045026,-0.25437037839483057,-0.18875359300909134,-0.30064895530563085,-0.09794758387573732,-6.0,0,0,0,0,1,0,0,0,0,0,0,0
0,1,4.0,1,-0.43242425957456854,-0.6617829563253504,0,0.07456448396790441,0.1997075771344459,0.29422425311317907,-0.07705602440045026,0.16160920988317615,1.0224813100126207,-0.479971074541952,0.5513634813423224,-6.0,0,0,0,0,0,0,0,0,0,1,0,0
0,3,4.0,1,-0.43242425957456854,-0.6617829563253504,0,0.07456448396790441,1.1524221899115303,0.29422425311317907,-0.07705602440045026,-0.28879627535576907,0.14158319872410283,0.057995283167011503,-0.026367673051668254,-6.0,1,0,0,0,0,0,0,0,0,0,0,0
0,1,0.0,0,-0.43242425957456854,0.8061079627580064,1,-0.025906188856000312,0.6760648835229881,0.29422425311317907,-0.07705602440045026,-0.6158422964846847,-0.6292026486533502,-1.107598491869076,-0.2846167630836035,-6.0,0,0,0,0,0,0,0,1,0,0,0,0
0,2,5.0,1,3.0201955466369994,0.8061079627580064,0,1.68209524915038,0.7493506229673792,9.968823887737924,15.275763463933657,-0.7334641111012244,-1.2898762321197386,-1.5559037899598789,-1.1379615823195637,-6.0,0,0,1,0,0,0,0,0,0,0,0,0
0,1,4.0,1,-0.43242425957456854,0.8061079627580064,0,-1.7590252950683567,-0.6064355567538563,0.29422425311317907,-0.07705602440045026,-0.33182864655694216,0.14158319872410283,0.057995283167011503,-0.3896438177587988,-6.0,0,0,0,0,0,0,0,0,0,0,0,1
0,1,0.0,0,4.746505449742783,0.8061079627580064,1,-1.4073779401846902,-2.255364694252656,-2.1244256555430074,-0.07705602440045026,-0.48674518288116536,-0.5190903847422855,-1.107598491869076,0.3635970899898662,-6.0,0,0,0,0,1,0,0,0,0,0,0,0
0,1,9.0,1,-0.43242425957456854,0.8061079627580064,0,-1.2315542627428568,-0.020149641198727423,0.29422425311317907,-0.07705602440045026,-0.6961693893935411,-1.2898762321197386,-1.2869206111053972,0.01405392364898233,-6.0,0,0,0,0,0,0,0,1,0,0,0,0
0,1,4.0,0,6.472815352848567,2.2739988818413632,0,2.9128609912432126,0.7004934633377853,5.131524070425551,0.9776909443559765,-0.7363329358479693,-1.3999884960308033,-1.6455648495780395,-1.7779701967465338,-6.0,0,0,0,0,1,0,0,0,0,0,0,0
0,2,3.0,0,1.2938856435312154,3.7418898009247203,0,1.2299772214428086,0.5661362743564015,7.5501739790817375,6.676619855602647,-0.7133823378740104,-1.1797639682086738,-1.4662427303417185,-0.49795296789259363,-6.0,0,0,0,0,0,0,0,0,1,0,0,0
1,3,6.0,1,-0.43242425957456854,-0.29481022655451117,0,-0.35243587553369066,0.8959221018561614,0.29422425311317907,-0.07705602440045026,-0.108060316310842,0.5820322543683617,0.41663952163965384,-0.3330022940712096,-6.0,0,0,0,0,0,1,0,0,0,0,0,0
0,2,2.0,1,-0.43242425957456854,1.540053422299685,0,-0.17661219809185738,0.053136098245663684,0.29422425311317907,-0.07705602440045026,-0.4695322344006961,-0.6292026486533502,-0.479971074541952,-0.36080826480109995,-6.0,0,0,0,0,0,0,0,0,1,0,0,0
0,1,2.0,0,1.2938856435312154,0.8061079627580064,0,0.09968215217388059,-0.24000685953190073,0.29422425311317907,-0.07705602440045026,-0.37486101775811526,0.14158319872410283,-0.8386153130145944,-0.2271800925581064,-6.0,0,0,1,0,0,0,0,0,0,0,0,0
0,0,0.0,1,4.746505449742783,0.8061079627580064,0,-1.7590252950683567,-1.9805431713361894,2.7128741617693652,9.61141353010148,-0.14535503801852534,-0.5190903847422855,-0.3903100149237914,1.7853210079009214,-6.0,0,0,0,0,0,0,0,0,0,1,0,0
0,3,0.0,1,-0.43242425957456854,-0.6617829563253504,0,-0.45290654835759536,0.16306470741225035,0.29422425311317907,-0.07705602440045026,-0.2170756566871472,0.3618077265462323,-0.5696321341601126,0.03205416592974098,-6.0,0,0,1,0,0,0,0,0,0,0,0,0
1,2,0.0,0,-0.43242425957456854,-0.6617829563253504,0,0.6522708527053566,0.3462790560232281,0.29422425311317907,-0.07705602440045026,-0.12240444004456637,0.03147093481303811,1.3132501178212597,-0.2728949935886041,-6.0,0,0,0,0,0,0,0,0,0,0,1,0
0,1,4.0,0,-0.43242425957456854,-0.6617829563253504,0,-1.7590252950683567,-0.16672112008750964,0.29422425311317907,-0.07705602440045026,-0.039208522388965016,1.1325935739236852,0.595961640875975,-0.2532437917881639,-6.0,0,0,0,0,0,0,0,0,0,0,0,0
0,2,2.0,1,8.19912525595435,1.540053422299685,1,-0.07614152526795268,-0.056792510920922974,0.29422425311317907,-0.07705602440045026,-0.7363329358479693,-1.3999884960308033,-1.6455648495780395,-1.7779701967465338,-6.0,0,0,0,0,0,0,0,0,1,0,0,0
0,1,4.0,1,-0.43242425957456854,0.07216250321632804,0,-3.065144041779118,0.8959221018561614,0.29422425311317907,-0.07705602440045026,1.4124167994639412,1.9033794213011384,1.0442669389667778,0.36205860774364745,-6.0,0,0,0,0,0,0,0,0,1,0,0,0
0,3,4.0,1,-0.43242425957456854,-0.6617829563253504,0,-0.402671211945643,0.9692078413005525,0.29422425311317907,-0.07705602440045026,-0.5441216778160628,-0.5190903847422855,-0.03166577645114908,-0.649533955520034,-6.0,0,0,0,0,0,0,0,1,0,0,0,0
1,1,2.0,1,-0.43242425957456854,-0.6617829563253504,0,0.7025061891173089,0.8592792321339658,0.29422425311317907,-0.07705602440045026,-0.007651450174771406,1.0224813100126207,0.595961640875975,-0.3643859527078346,-6.0,0,0,0,0,0,0,1,0,0,0,0,0
0,2,3.0,1,1.2938856435312154,-0.6617829563253504,0,1.5062715717085466,-0.4965069475872696,0.29422425311317907,-0.07705602440045026,0.26201807601924676,0.3618077265462323,0.7752837601122962,0.14205564653437647,-6.0,0,0,0,0,0,0,0,0,0,1,0,0
1,2,0.0,0,3.0201955466369994,0.8061079627580064,1,-2.211143322775928,0.8104220725043719,12.38747379639411,13.231159256457397,-0.721988812114245,-0.9595394403865444,-1.5559037899598789,-0.9779594287128213,-6.0,0,0,0,1,0,0,0,0,0,0,0,0
0,2,8.0,0,-0.43242425957456854,0.8061079627580064,0,-1.4827309448026187,0.053136098245663684,0.29422425311317907,-0.07705602440045026,-0.21420683194040233,0.25169546263516757,-0.12132683606930966,0.07094357826471309,-6.0,0,0,0,0,0,0,0,0,0,0,0,0
0,3,3.0,1,4.746505449742783,0.8061079627580064,0,-0.025906188856000312,-0.4232212081428785,0.29422425311317907,-0.07705602440045026,-0.5125646056018692,-0.739314912564415,-0.12132683606930966,-0.49795296789259363,-6.0,0,0,0,0,0,0,0,0,0,1,0,0
0,2,9.0,0,-0.43242425957456854,-0.6617829563253504,0,0.5266825116754756,-0.056792510920922974,0.29422425311317907,-0.07705602440045026,-0.4838763581344205,-0.18875359300909134,-0.479971074541952,-0.29584498438933987,-6.0,1,0,0,0,0,0,0,0,0,0,0,0
0,3,8.0,0,-0.43242425957456854,-0.6617829563253504,0,0.8280945301471898,0.6760648835229881,0.29422425311317907,-0.07705602440045026,0.6034082208818867,1.4629303656568795,-0.5696321341601126,0.13795302721112668,-6.0,0,0,0,0,0,0,0,0,0,1,0,0
0,1,2.0,0,3.0201955466369994,0.8061079627580064,0,-0.5533772211815001,0.30963618630103257,0.29422425311317907,-0.07705602440045026,-0.24576390415459595,-0.07864132909802661,-0.03166577645114908,0.4555292536006476,-6.0,0,0,0,0,0,0,0,0,0,1,0,0
0,2,8.0,0,-0.43242425957456854,-0.6617829563253504,0,0.6522708527053566,0.9325649715783569,0.29422425311317907,-0.07705602440045026,-0.01052027492151628,0.471919990457297,-0.12132683606930966,0.08320427969051722,-6.0,0,0,0,0,0,0,0,0,1,0,0,0
0,1,5.0,1,-0.43242425957456854,-0.6617829563253504,0,-5.325734180316974,0.1997075771344459,0.29422425311317907,-0.07705602440045026,1.0882396030817705,0.14158319872410283,4.54104826407504,0.47089985173718424,-6.0,0,0,0,1,0,0,0,0,0,0,0,0
0,1,6.0,1,-0.43242425957456854,0.8061079627580064,0,1.2299772214428086,-2.255364694252656,-2.1244256555430074,-0.07705602440045026,-0.6674811419260924,-1.069651704297609,-0.6592931937782731,-0.8179572751060787,-6.0,0,0,0,0,0,0,0,0,0,1,0,0
0,2,7.0,1,-0.43242425957456854,-0.6617829563253504,0,-1.3320249355667617,0.3462790560232281,0.29422425311317907,-0.07705602440045026,-0.5039581313616346,0.8022567821904911,-1.107598491869076,-0.7199967728978689,-6.0,0,0,0,0,0,0,0,1,0,0,0,0
0,1,0.0,0,-0.43242425957456854,1.540053422299685,1,-1.3320249355667617,0.1997075771344459,0.29422425311317907,-0.07705602440045026,-0.5584658015497872,-0.5190903847422855,-0.5696321341601126,-0.4552857269307955,-6.0,0,0,1,0,0,0,0,0,0,0,0,0
0,3,5.0,0,3.0201955466369994,2.2739988818413632,0,-0.9301422442711428,0.602779144078597,0.29422425311317907,-0.07705602440045026,-0.5728099252835116,-0.5190903847422855,-1.0179374322509154,0.2487237489388714,-6.0,0,1,0,0,0,0,0,0,0,0,0,0
0,2,9.0,0,-0.43242425957456854,-0.6617829563253504,0,1.003918207589023,0.8592792321339658,0.29422425311317907,-0.07705602440045026,-0.26584567738181003,-0.29886585692015605,-0.5696321341601126,0.28009672023431126,-6.0,0,0,0,0,0,0,0,0,0,0,0,1
0,2,9.0,0,-0.43242425957456854,0.8061079627580064,0,0.5266825116754756,1.0424935807449436,0.29422425311317907,-0.07705602440045026,-0.5699411005367667,-0.29886585692015605,-0.3903100149237914,-0.6531065713900409,-6.0,0,0,1,0,0,0,0,0,0,0,0,0
0,3,4.0,1,-0.43242425957456854,-0.6617829563253504,0,0.8280945301471898,-0.7163641659204429,0.29422425311317907,-0.07705602440045026,-0.33469747130368704,-0.40897812083122076,0.595961640875975,-0.20601921394344933,-6.0,0,0,0,0,0,0,0,0,0,1,0,0
0,2,7.0,0,-0.43242425957456854,-0.6617829563253504,0,-1.7841429632743329,0.45620766518981476,0.29422425311317907,-0.07705602440045026,-0.5584658015497872,-0.6292026486533502,-0.7489542533964337,0.20605650797707353,-6.0,0,0,0,0,0,0,0,0,1,0,0,0
0,2,3.0,0,-0.43242425957456854,-0.6617829563253504,0,-5.828087544436498,0.6394220138007926,0.29422425311317907,-0.07705602440045026,0.023905622039422206,0.25169546263516757,0.23731740240333266,0.6449195578698529,-6.0,1,0,0,0,0,0,0,0,0,0,0,0
0,2,4.0,1,-0.43242425957456854,1.540053422299685,0,-3.065144041779118,0.7859934926895747,0.29422425311317907,-0.07705602440045026,-0.22281330618063694,-0.739314912564415,0.6856227004941355,0.10008786853916526,-6.0,0,0,1,0,0,0,0,0,0,0,0,0
0,2,3.0,0,4.746505449742783,-0.6617829563253504,0,-0.07614152526795268,0.5661362743564015,0.29422425311317907,-0.07705602440045026,-0.5068269561083795,-0.8494271764754796,-0.21098789568747026,-0.3557288313532669,-6.0,0,1,0,0,0,0,0,0,0,0,0,0
0,1,2.0,1,-0.43242425957456854,-0.6617829563253504,0,-0.5533772211815001,-1.046149993420203,0.29422425311317907,-0.07705602440045026,-0.6244487707249193,-1.1797639682086738,-0.479971074541952,-0.21794919908079421,-6.0,0,0,0,0,0,0,0,1,0,0,0,0
0,1,4.0,0,1.2938856435312154,0.8061079627580064,0,-0.402671211945643,0.7859934926895747,0.29422425311317907,-0.07705602440045026,-0.35191041978415627,-0.6292026486533502,0.595961640875975,-0.24652101222485542,-6.0,0,0,0,0,0,0,0,0,0,0,1,0
0,1,3.0,0,1.2938856435312154,-0.6617829563253504,0,-2.1609079863639757,-2.255364694252656,-2.1244256555430074,-0.07705602440045026,-0.7363329358479693,-1.3999884960308033,-1.6455648495780395,-1.7779701967465338,-6.0,0,0,0,0,0,0,0,0,1,0,0,0
0,2,0.0,0,-0.43242425957456854,0.8061079627580064,1,-0.7543185668293095,0.6394220138007926,0.29422425311317907,-0.07705602440045026,-0.6359240697118987,-0.9595394403865444,-0.7489542533964337,-0.5335090020274253,-6.0,0,0,0,0,1,0,0,0,0,0,0,0
1,1,7.0,0,-0.43242425957456854,-0.6617829563253504,0,0.7025061891173089,0.01649322852346813,0.29422425311317907,-0.07705602440045026,-0.3260909970634524,0.471919990457297,-0.12132683606930966,-0.27762213341773495,-6.0,0,0,0,0,0,0,0,1,0,0,0,0
0,2,4.0,0,-0.43242425957456854,-0.6617829563253504,0,-1.4073779401846902,-0.1300782503653141,0.29422425311317907,-0.07705602440045026,-0.1596991617522497,0.5820322543683617,-0.7489542533964337,0.03388517649038138,-6.0,0,0,0,0,0,0,0,1,0,0,0,0
0,1,0.0,1,-0.43242425957456854,-0.6617829563253504,0,-0.9803775806830951,0.6760648835229881,0.29422425311317907,-0.07705602440045026,-0.1625679864989946,0.3618077265462323,0.23731740240333266,-0.23578076439238888,-6.0,0,0,0,0,0,0,0,0,0,1,0,0
0,2,9.0,0,-0.43242425957456854,0.8061079627580064,0,-0.17661219809185738,0.7859934926895747,0.29422425311317907,-0.07705602440045026,0.7439806334723855,1.0224813100126207,0.595961640875975,0.7820642609613466,-6.0,1,0,0,0,0,0,0,0,0,0,0,0
0,2,5.0,0,-0.43242425957456854,-0.6617829563253504,0,-1.1562012581249284,0.38292192574542366,0.29422425311317907,-0.07705602440045026,-0.6473993686988783,-0.9595394403865444,-0.5696321341601126,-0.7859568443847301,-6.0,0,0,0,0,0,0,0,0,0,0,0,0
0,3,8.0,0,-0.43242425957456854,0.07216250321632804,0,-1.6836722904504282,0.3462790560232281,0.29422425311317907,-0.07705602440045026,-0.5211710798421039,-0.40897812083122076,-1.0179374322509154,-0.27795000668332265,-6.0,0,0,0,0,0,0,0,1,0,0,0,0
0,1,2.0,0,-0.43242425957456854,-0.6617829563253504,0,-1.9599666407161662,0.4928505349120103,0.29422425311317907,-0.07705602440045026,-0.6674811419260924,-0.8494271764754796,-0.9282763726327549,-0.8179572751060787,-6.0,0,0,0,0,0,0,0,0,0,0,0,0
0,1,0.0,1,-0.43242425957456854,-0.6617829563253504,0,0.4010941706455947,-0.789649905364834,0.29422425311317907,-0.07705602440045026,-0.6703499666728373,-0.18875359300909134,-0.7489542533964337,-1.1379615823195637,-6.0,0,0,0,0,0,0,0,0,0,0,1,0
0,2,7.0,0,-0.43242425957456854,-0.6617829563253504,0,0.6522708527053566,0.45620766518981476,0.29422425311317907,-0.07705602440045026,-0.6674811419260924,-1.069651704297609,-1.0179374322509154,-0.24194952212180565,-6.0,0,0,0,0,0,0,0,1,0,0,0,0
1,4,8.0,1,1.2938856435312154,0.8061079627580064,0,0.7025061891173089,0.9325649715783569,0.29422425311317907,-0.07705602440045026,-0.15683033700550486,1.24270583783475,-0.03166577645114908,-0.1619484453184344,-6.0,0,0,0,0,0,0,0,0,0,1,0,0
0,2,7.0,1,9.925435159060134,0.8061079627580064,0,-0.17661219809185738,0.8592792321339658,0.29422425311317907,-0.07705602440045026,-0.7363329358479693,-1.3999884960308033,-1.6455648495780395,-1.7779701967465338,-6.0,0,0,0,0,0,0,0,1,0,0,0,0
0,2,4.0,0,-0.43242425957456854,0.8061079627580064,0,-1.0054952488890714,0.4928505349120103,0.29422425311317907,-0.07705602440045026,-0.027733223401985523,0.6921445182794265,0.41663952163965384,0.03906575455762264,-6.0,0,0,0,0,0,0,0,0,1,0,0,0
0,1,7.0,1,-0.43242425957456854,0.8061079627580064,0,1.2299772214428086,0.8592792321339658,0.29422425311317907,-0.07705602440045026,-0.18838740921969846,-0.18875359300909134,0.595961640875975,-0.2499496298021426,-6.0,0,0,0,0,0,0,0,0,0,0,0,0
1,2,0.0,0,-0.43242425957456854,-0.6617829563253504,0,-0.22684753450380976,1.0058507110227481,0.29422425311317907,-0.07705602440045026,-0.43510633743975763,0.03147093481303811,-0.3903100149237914,-0.6389718151392142,-6.0,0,0,0,0,0,0,0,0,0,0,1,0
1,2,3.0,1,1.2938856435312154,-0.6617829563253504,0,1.7072129173563562,0.9447792614857553,12.38747379639411,12.862415402175705,-0.48674518288116536,0.03147093481303811,-0.8386153130145944,-0.5124986182204793,-6.0,0,0,0,0,0,0,0,0,0,0,1,0
0,1,0.0,0,1.2938856435312154,-0.6617829563253504,0,-0.8045539032412619,0.5661362743564015,0.29422425311317907,-0.07705602440045026,-0.4810075333876756,0.25169546263516757,-1.107598491869076,-0.19572667774652436,-6.0,0,0,0,0,0,0,0,0,0,0,1,0
1,2,3.0,1,1.2938856435312154,-0.6617829563253504,0,0.6522708527053566,-0.056792510920922974,0.29422425311317907,-0.07705602440045026,-0.4064180899723089,0.471919990457297,-0.7489542533964337,-0.2759091628873182,-6.0,0,0,0,0,0,0,0,0,0,0,1,0
0,1,5.0,0,-0.43242425957456854,0.8061079627580064,0,0.7025061891173089,0.12642183769005477,0.29422425311317907,-0.07705602440045026,-0.7133823378740104,-1.069651704297609,-1.2869206111053972,-0.9246253775105737,-6.0,0,0,0,0,0,0,0,0,1,0,0,0
0,1,2.0,0,-0.43242425957456854,-0.6617829563253504,0,-0.0007885206500241326,0.38292192574542366,0.29422425311317907,-0.07705602440045026,-0.6445305439521334,-1.069651704297609,-1.107598491869076,-0.31509336377060226,-6.0,0,0,0,0,0,0,0,0,0,1,0,0
1,3,0.0,1,-0.43242425957456854,-0.6617829563253504,0,-1.256671930948833,-2.255364694252656,-2.1244256555430074,-0.07705602440045026,-0.6904317399000514,-0.8494271764754796,-1.107598491869076,-0.9902672866825706,-6.0,0,0,0,0,0,0,0,0,0,0,1,0
0,3,5.0,0,3.0201955466369994,0.8061079627580064,0,-1.7841429632743329,0.5661362743564015,0.29422425311317907,-0.07705602440045026,-0.6588746676858578,-0.5190903847422855,-0.9282763726327549,-0.9139585672701241,-6.0,0,0,0,0,0,1,0,0,0,0,0,0
0,2,5.0,0,-0.43242425957456854,0.07216250321632804,0,-1.5078486130085949,0.6394220138007926,0.29422425311317907,-0.07705602440045026,0.5374252517067546,0.5820322543683617,-0.12132683606930966,1.2450492160787294,-6.0,0,0,0,0,0,0,0,0,1,0,0,0
0,2,7.0,1,1.2938856435312154,0.8061079627580064,0,-1.3320249355667617,0.5294934046342059,0.29422425311317907,-0.07705602440045026,-0.24289507940785107,0.3618077265462323,-0.3903100149237914,-0.18258640426191275,-6.0,0,0,0,0,0,0,1,0,0,0,0,0
0,2,8.0,1,3.0201955466369994,-0.6617829563253504,0,-1.6836722904504282,-2.255364694252656,-2.1244256555430074,-0.07705602440045026,-0.7105135131272655,-1.1797639682086738,-1.4662427303417185,0.14205564653437647,-6.0,0,0,0,0,0,0,0,0,0,0,0,1
0,2,6.0,0,-0.43242425957456854,-0.6617829563253504,0,-1.1310835899189522,0.4928505349120103,0.29422425311317907,-0.07705602440045026,-0.48674518288116536,-0.5190903847422855,-0.5696321341601126,-0.09067475871179456,-6.0,0,1,0,0,0,0,0,0,0,0,0,0
0,1,2.0,0,1.2938856435312154,-0.6617829563253504,1,-0.5282595529755238,-0.16672112008750964,0.29422425311317907,-0.07705602440045026,-0.3404351207971768,-0.5190903847422855,-0.21098789568747026,0.024503043884524824,-6.0,0,0,0,0,0,0,0,0,1,0,0,0
0,3,7.0,1,-0.43242425957456854,-0.6617829563253504,0,0.17503515679180912,0.7127077532451837,0.29422425311317907,-0.07705602440045026,-0.20846918244691257,0.03147093481303811,0.057995283167011503,-0.14239262654427703,-6.0,0,0,0,0,0,1,0,0,0,0,0,0
0,1,3.0,0,1.2938856435312154,0.8061079627580064,0,0.6271531844993804,-0.020149641198727423,0.29422425311317907,-0.07705602440045026,-0.027733223401985523,0.8022567821904911,0.8649448197304568,-0.24319225729545033,-6.0,0,0,0,0,0,0,0,0,0,0,0,0
0,2,2.0,0,3.0201955466369994,-0.6617829563253504,0,-1.7590252950683567,0.7493506229673792,0.29422425311317907,-0.07705602440045026,-0.6760876161663271,-1.069651704297609,-1.1972595514872366,-0.43395210644989657,-6.0,0,0,0,0,0,0,0,0,0,1,0,0
0,1,5.0,0,1.2938856435312154,2.2739988818413632,0,-0.6287302257994286,-0.45986407786507405,0.29422425311317907,-0.07705602440045026,-0.7019070388870309,-1.069651704297609,-1.2869206111053972,-0.8179572751060787,-6.0,0,0,0,0,0,0,0,0,1,0,0,0
0,2,2.0,0,1.2938856435312154,2.2739988818413632,0,-2.0102019771281183,0.8592792321339658,0.29422425311317907,-0.07705602440045026,-0.6703499666728373,-0.9595394403865444,-1.1972595514872366,-0.7966236546251796,-6.0,0,0,0,0,0,0,1,0,0,0,0,0
0,2,3.0,0,-0.43242425957456854,-0.6617829563253504,0,0.14991748858583295,1.1524221899115303,0.29422425311317907,-0.07705602440045026,-0.4150245642125435,0.14158319872410283,-0.30064895530563085,-0.5630385896987261,-6.0,0,0,0,0,0,0,0,0,1,0,0,0
0,3,3.0,0,1.2938856435312154,-0.29481022655451117,1,-0.45290654835759536,0.5661362743564015,0.29422425311317907,-0.07705602440045026,-0.5498593273095526,-0.8494271764754796,-0.30064895530563085,-0.6223990873645044,-6.0,0,0,0,0,0,1,0,0,0,0,0,0
0,2,6.0,0,3.0201955466369994,-0.6617829563253504,0,0.6522708527053566,-0.2033639898097052,0.29422425311317907,-0.07705602440045026,-0.7047758636337758,-1.069651704297609,-1.1972595514872366,-0.7722423740755808,-6.0,0,0,0,0,0,0,0,0,0,1,0,0
0,2,4.0,0,1.2938856435312154,0.8061079627580064,0,-1.5078486130085949,0.9692078413005525,0.29422425311317907,-0.07705602440045026,-0.07650324409664838,-0.6292026486533502,0.057995283167011503,1.3539868525769367,-6.0,0,0,0,0,0,0,1,0,0,0,0,0
0,1,4.0,0,-0.43242425957456854,-0.6617829563253504,0,0.5266825116754756,0.30963618630103257,0.29422425311317907,-0.07705602440045026,-0.7019070388870309,-1.2898762321197386,-1.2869206111053972,-0.24194952212180565,-6.0,0,0,0,0,0,0,0,0,1,0,0,0
0,1,0.0,0,1.2938856435312154,0.8061079627580064,1,0.5266825116754756,0.01649322852346813,0.29422425311317907,-0.07705602440045026,-0.41789338895928835,-0.5190903847422855,-0.3903100149237914,0.19538969773662407,-6.0,0,0,0,0,0,0,0,0,0,0,1,0
0,2,3.0,0,3.0201955466369994,0.8061079627580064,0,-0.07614152526795268,0.7493506229673792,0.29422425311317907,-0.07705602440045026,0.2591492512725019,0.9123690461015559,-0.5696321341601126,0.8658749128505929,-6.0,0,0,0,0,0,1,0,0,0,0,0,0
0,3,8.0,1,-0.43242425957456854,0.8061079627580064,0,-0.8799069078591905,0.6760648835229881,0.29422425311317907,-0.07705602440045026,0.3968528391162558,0.03147093481303811,1.5822332966757413,0.6764317712015554,-6.0,0,0,0,0,0,0,0,0,0,1,0,0
0,1,4.0,1,-0.43242425957456854,-0.6617829563253504,1,0.8280945301471898,-0.4965069475872696,0.29422425311317907,-0.07705602440045026,-0.564203451043277,-0.8494271764754796,-0.8386153130145944,-0.17794866067910858,-6.0,0,0,0,0,0,0,0,0,0,0,0,0
1,1,5.0,1,-0.43242425957456854,-0.6617829563253504,0,0.7025061891173089,0.30963618630103257,0.29422425311317907,-0.07705602440045026,-0.2945339248492588,-0.07864132909802661,-0.6592931937782731,0.04723955550815854,-6.0,0,0,1,0,0,0,0,0,0,0,0,0
0,2,4.0,0,-0.43242425957456854,-0.6617829563253504,0,-0.07614152526795268,0.45620766518981476,0.29422425311317907,-0.07705602440045026,-0.6646123171793475,-0.8494271764754796,-1.0179374322509154,-0.7112891727015836,-6.0,0,0,0,0,0,0,0,0,0,1,0,0
0,2,9.0,0,-0.43242425957456854,0.8061079627580064,0,0.5266825116754756,0.8959221018561614,0.29422425311317907,-0.07705602440045026,0.3136569214606545,1.1325935739236852,2.0305385947665444,-0.26672404913188186,-6.0,0,0,0,0,0,0,1,0,0,0,0,0
0,1,4.0,0,6.472815352848567,2.2739988818413632,0,-1.6836722904504282,-2.255364694252656,-2.1244256555430074,-0.07705602440045026,-0.6760876161663271,-1.1797639682086738,-1.1972595514872366,0.4620599537478615,-6.0,1,0,0,0,0,0,0,0,0,0,0,0
0,1,2.0,0,-0.43242425957456854,-0.6617829563253504,0,-2.914438032543261,0.21802901199554367,2.7128741617693652,5.736025708300707,-0.4150245642125435,0.14158319872410283,-1.0179374322509154,-0.31509336377060226,-6.0,0,0,0,0,0,0,1,0,0,0,0,0
0,2,4.0,0,-0.43242425957456854,3.0079443413830416,0,0.853212198353166,0.272993316578837,0.29422425311317907,-0.07705602440045026,-0.518302255095359,-0.8494271764754796,-0.479971074541952,0.1676559911114553,-6.0,0,0,0,0,0,0,0,0,0,0,0,1
0,2,4.0,0,-0.43242425957456854,-0.6617829563253504,0,-0.2770828709157621,0.7493506229673792,0.29422425311317907,-0.07705602440045026,-0.13674856377829073,0.3618077265462323,1.223589058203099,-0.33967126755043986,-6.0,0,0,0,0,0,0,0,0,0,0,1,0
0,1,8.0,0,-0.43242425957456854,-0.6617829563253504,0,-0.17661219809185738,0.12642183769005477,0.29422425311317907,-0.07705602440045026,1.5529892120544402,1.4629303656568795,0.5063005812578144,1.2440823139796324,-6.0,0,0,0,0,0,0,0,0,1,0,0,0
0,3,9.0,1,-0.43242425957456854,-0.6617829563253504,0,0.7025061891173089,0.7859934926895747,0.29422425311317907,-0.07705602440045026,-0.2199444814338921,-0.5190903847422855,0.9546058793486173,-0.1998667639129089,-6.0,0,0,0,0,0,0,0,0,0,0,0,0
0,2,6.0,1,-0.43242425957456854,0.8061079627580064,0,0.8280945301471898,0.8592792321339658,0.29422425311317907,-0.07705602440045026,0.5087370042393059,0.9123690461015559,0.9546058793486173,0.3104789661204212,-6.0,0,0,0,0,0,0,0,0,0,0,0,1
0,2,4.0,0,-0.43242425957456854,-0.6617829563253504,0,-0.9301422442711428,0.6760648835229881,0.29422425311317907,-0.07705602440045026,0.8443894996084561,2.2337162130343327,1.0442669389667778,-0.09870949889291229,-6.0,0,0,0,0,0,0,0,0,0,0,0,0
0,3,6.0,0,-0.43242425957456854,-0.29481022655451117,0,-1.93484897251019,-0.5331498173094652,0.29422425311317907,-0.07705602440045026,-0.3031403990894934,-0.29886585692015605,1.3132501178212597,-0.3355627224409743,-6.0,0,0,0,0,0,1,0,0,0,0,0,0
0,2,5.0,0,-0.43242425957456854,0.07216250321632804,0,-0.22684753450380976,-0.16672112008750964,0.29422425311317907,-0.07705602440045026,-0.46666340965395126,-0.40897812083122076,0.057995283167011503,-0.23538533120460597,-6.0,0,0,0,0,0,0,0,0,0,0,0,0
0,1,2.0,0,-0.43242425957456854,0.8061079627580064,0,0.7025061891173089,0.4928505349120103,0.29422425311317907,-0.07705602440045026,0.009561498305697837,1.4629303656568795,0.5063005812578144,-0.2788509197103876,-6.0,0,0,0,0,0,0,0,0,0,1,0,0
0,1,6.0,0,-0.43242425957456854,0.8061079627580064,1,-0.6036125575934524,0.8592792321339658,0.29422425311317907,-0.07705602440045026,-0.38920514149183966,-0.5190903847422855,0.23731740240333266,0.15805586189505066,-6.0,0,0,0,0,0,0,0,1,0,0,0,0
0,1,4.0,0,3.0201955466369994,-0.6617829563253504,0,0.7025061891173089,1.0424935807449436,0.29422425311317907,-0.07705602440045026,-0.6846940904065616,-0.9595394403865444,-1.4662427303417185,0.14205564653437647,-6.0,0,0,0,0,0,0,0,1,0,0,0,0
0,2,3.0,0,-0.43242425957456854,-0.6617829563253504,0,0.5266825116754756,0.272993316578837,0.29422425311317907,-0.07705602440045026,-0.5957605232574705,-0.739314912564415,-0.6592931937782731,-0.2846167630836035,-6.0,0,0,0,0,0,0,0,0,0,1,0,0
0,2,2.0,0,-0.43242425957456854,0.8061079627580064,0,1.003918207589023,0.4928505349120103,0.29422425311317907,-0.07705602440045026,-0.18551858447295358,-0.07864132909802661,1.1339279985849384,-0.13954814381349034,-6.0,0,1,0,0,0,0,0,0,0,0,0,0
0,0,0.0,1,-0.43242425957456854,-0.6617829563253504,0,0.6271531844993804,-2.255364694252656,-2.1244256555430074,-0.07705602440045026,-0.7363329358479693,-1.3999884960308033,-1.6455648495780395,-1.7779701967465338,-6.0,0,0,0,0,0,0,0,0,0,1,0,0
0,1,8.0,1,-0.43242425957456854,0.07216250321632804,0,-2.7888496915133802,0.4928505349120103,2.7128741617693652,1.214739916199807,0.12144566342874792,0.9123690461015559,0.8649448197304568,-0.1964613065509631,-6.0,0,0,0,0,0,0,0,1,0,0,0,0
0,3,0.0,1,-0.43242425957456854,0.8061079627580064,0,0.14991748858583295,-0.31329259897629186,0.29422425311317907,-0.07705602440045026,-0.5469905025628077,-0.6292026486533502,-1.0179374322509154,-0.3699512450071995,-6.0,0,0,1,0,0,0,0,0,0,0,0,0
0,1,4.0,0,-0.43242425957456854,-0.6617829563253504,0,-2.889320364337285,0.602779144078597,0.29422425311317907,-0.07705602440045026,-0.6330552449651539,-0.8494271764754796,-1.0179374322509154,-0.7762175828608415,-6.0,0,0,0,0,0,1,0,0,0,0,0,0
0,1,7.0,0,-0.43242425957456854,0.07216250321632804,0,-1.7841429632743329,0.5661362743564015,0.29422425311317907,-0.07705602440045026,-0.5527281520562974,-0.18875359300909134,-0.6592931937782731,-0.49795296789259363,-6.0,0,0,0,0,0,0,0,0,0,0,1,0
0,1,4.0,0,-0.43242425957456854,-0.6617829563253504,0,-1.0054952488890714,0.01649322852346813,0.29422425311317907,-0.07705602440045026,-0.27445215162204467,0.25169546263516757,0.23731740240333266,-0.3266830569896016,-6.0,1,0,0,0,0,0,0,0,0,0,0,0
0,1,6.0,0,-0.43242425957456854,-0.6617829563253504,0,-1.8594959678922613,0.4195647954676192,0.29422425311317907,-0.07705602440045026,-0.6158422964846847,-1.069651704297609,-0.3903100149237914,-0.5561355692041363,-6.0,0,0,0,0,0,0,0,1,0,0,0,0
0,1,8.0,0,-0.43242425957456854,0.8061079627580064,0,-1.4324956083906664,-0.056792510920922974,0.29422425311317907,-0.07705602440045026,-0.5728099252835116,-0.5190903847422855,-0.30064895530563085,-0.6011801637679115,-6.0,0,0,0,1,0,0,0,0,0,0,0,0
0,3,3.0,0,-0.43242425957456854,0.8061079627580064,0,0.7025061891173089,0.38292192574542366,0.29422425311317907,-0.07705602440045026,-0.4465816364267371,0.9123690461015559,-0.6592931937782731,-0.43128540388978437,-6.0,0,0,1,0,0,0,0,0,0,0,0,0
0,3,4.0,0,-0.43242425957456854,-0.6617829563253504,0,0.8280945301471898,0.08977896796785924,0.29422425311317907,-0.07705602440045026,0.01816797254593246,0.3618077265462323,0.5063005812578144,-0.0061568747013428194,-6.0,0,0,0,0,0,0,0,0,0,1,0,0
0,2,2.0,0,-0.43242425957456854,0.8061079627580064,0,-0.2770828709157621,0.23635044685664144,0.29422425311317907,-0.07705602440045026,0.2017727563376044,1.0224813100126207,1.223589058203099,0.057843986741353964,-6.0,0,0,0,0,0,0,1,0,0,0,0,0
0,2,4.0,0,-0.43242425957456854,-0.6617829563253504,0,-2.3116139955998327,0.23635044685664144,0.29422425311317907,-0.07705602440045026,0.2964439729801852,0.471919990457297,0.8649448197304568,0.6994825042610925,-6.0,0,0,0,0,0,0,0,0,0,0,0,1
0,1,5.0,0,3.0201955466369994,-0.6617829563253504,0,0.8783298665591421,0.30963618630103257,0.29422425311317907,-0.07705602440045026,-0.13674856377829073,-0.6292026486533502,0.057995283167011503,0.6991001813134059,-6.0,0,0,0,0,0,0,0,1,0,0,0,0
1,2,2.0,0,-0.43242425957456854,-0.6617829563253504,0,0.6271531844993804,-0.1300782503653141,0.29422425311317907,-0.07705602440045026,-0.11666679055107661,0.25169546263516757,-0.03166577645114908,0.04100165478274958,-6.0,0,0,0,0,0,0,0,0,0,1,0,0
0,1,7.0,1,1.2938856435312154,-0.6617829563253504,0,-0.5784948893874763,0.8592792321339658,0.29422425311317907,-0.07705602440045026,-0.12240444004456637,-0.29886585692015605,-0.12132683606930966,0.667777008385102,-6.0,0,0,0,0,0,0,0,1,0,0,0,0
0,2,4.0,0,-0.43242425957456854,0.8061079627580064,0,0.9788005393830469,0.01649322852346813,0.29422425311317907,-0.07705602440045026,-0.7334641111012244,-1.2898762321197386,-1.5559037899598789,-1.1379615823195637,-6.0,0,0,0,0,1,0,0,0,0,0,0,0
0,2,8.0,1,-0.43242425957456854,-0.6617829563253504,0,-0.05102385706197649,-0.2033639898097052,0.29422425311317907,-0.07705602440045026,-0.4609257601604615,-0.5190903847422855,-0.479971074541952,-0.11740730526034106,-6.0,0,0,0,0,0,0,0,0,0,1,0,0
1,2,4.0,0,3.0201955466369994,3.7418898009247203,0,0.5266825116754756,1.0928775266129624,17.224773613706482,8.724203206951167,-0.3289598218101973,0.8022567821904911,0.3269784620214932,-0.5976945701409526,-6.0,0,0,0,0,0,0,0,0,0,0,1,0
0,2,2.0,0,-0.43242425957456854,-0.29481022655451117,0,0.6522708527053566,0.4928505349120103,0.29422425311317907,-0.07705602440045026,-0.7047758636337758,-0.9595394403865444,-1.1972595514872366,-0.995737445780237,-6.0,0,0,0,0,0,0,1,0,0,0,0,0
0,2,8.0,0,1.2938856435312154,2.2739988818413632,0,0.7025061891173089,-0.020149641198727423,0.29422425311317907,-0.07705602440045026,-0.37486101775811526,-0.29886585692015605,-0.12132683606930966,-0.1322337596486106,-6.0,0,0,0,0,0,0,0,0,0,0,0,0
0,1,0.0,0,4.746505449742783,0.8061079627580064,0,-1.8594959678922613,-0.056792510920922974,0.29422425311317907,-0.07705602440045026,-0.7105135131272655,-1.1797639682086738,-1.1972595514872366,-0.8179572751060787,-6.0,0,0,0,0,0,0,0,0,0,0,0,0
0,1,5.0,0,1.2938856435312154,0.8061079627580064,0,-1.9850843089221424,-2.255364694252656,-2.1244256555430074,-0.07705602440045026,-0.7363329358479693,-1.3999884960308033,-1.6455648495780395,-1.7779701967465338,-6.0,0,0,0,0,0,0,1,0,0,0,0,0
0,2,5.0,1,-0.43242425957456854,-0.6617829563253504,0,-0.45290654835759536,0.5661362743564015,0.29422425311317907,-0.07705602440045026,-0.19412505871318822,0.03147093481303811,-0.12132683606930966,0.34416363003763023,-6.0,0,0,0,0,0,0,0,0,0,0,0,0
0,2,2.0,0,3.0201955466369994,-0.6617829563253504,0,0.7025061891173089,0.9692078413005525,0.29422425311317907,-0.07705602440045026,-0.030602048148730396,0.14158319872410283,1.1339279985849384,-0.047837019284614556,-6.0,0,0,0,0,0,0,1,0,0,0,0,0
0,1,8.0,0,1.2938856435312154,-0.6617829563253504,0,-1.1310835899189522,0.4928505349120103,0.29422425311317907,-0.07705602440045026,-0.5240399045888487,-0.739314912564415,-0.3903100149237914,-0.2979502758841655,-6.0,0,0,0,0,0,0,1,0,0,0,0,0
0,1,4.0,0,-0.43242425957456854,0.8061079627580064,0,-0.10125919347392885,0.12642183769005477,0.29422425311317907,-0.07705602440045026,-0.7162511626207553,-1.069651704297609,-1.3765816707235579,-0.8819581365487758,-6.0,0,0,0,0,0,0,0,0,0,1,0,0
0,1,0.0,0,3.0201955466369994,-0.6617829563253504,0,-0.6287302257994286,0.7493506229673792,0.29422425311317907,-0.07705602440045026,-0.16830563599248435,-0.6292026486533502,0.057995283167011503,0.7564639163842678,-6.0,0,0,0,0,0,0,0,0,0,0,0,0
0,1,7.0,0,-0.43242425957456854,0.8061079627580064,1,0.7025061891173089,0.9692078413005525,0.29422425311317907,-0.07705602440045026,-0.6560058429391129,-0.8494271764754796,-1.0179374322509154,-0.7238383612197596,-6.0,0,0,0,0,0,0,0,0,0,0,0,0
0,1,8.0,1,3.0201955466369994,0.8061079627580064,0,1.003918207589023,0.8226363624117703,0.29422425311317907,-0.07705602440045026,0.3165257462073993,0.14158319872410283,0.3269784620214932,0.6435056949513839,-6.0,0,0,0,0,0,1,0,0,0,0,0,0
0,1,6.0,0,6.472815352848567,0.8061079627580064,0,0.12479982037985676,-0.056792510920922974,0.29422425311317907,-0.07705602440045026,-0.6158422964846847,-0.9595394403865444,-0.7489542533964337,-0.3632143122237577,-6.0,0,1,0,0,0,0,0,0,0,0,0,0
0,2,4.0,0,3.0201955466369994,0.07216250321632804,0,-3.3916737284568086,0.7127077532451837,0.29422425311317907,-0.07705602440045026,-0.26584567738181003,0.03147093481303811,0.23731740240333266,-0.3595727269354109,-6.0,0,0,0,0,0,0,0,0,0,0,0,1
1,1,3.0,1,-0.43242425957456854,-0.6617829563253504,0,0.12479982037985676,0.4928505349120103,0.29422425311317907,-0.07705602440045026,-0.27732097636878955,0.471919990457297,0.9546058793486173,-0.5137556497302966,-6.0,0,0,0,0,0,1,0,0,0,0,0,0
0,1,5.0,0,-0.43242425957456854,0.8061079627580064,1,0.6271531844993804,-0.1300782503653141,0.29422425311317907,-0.07705602440045026,-0.699038214140286,-1.069651704297609,-1.0179374322509154,-0.8535133092409104,-6.0,0,0,0,0,0,0,0,0,1,0,0,0
1,1,2.0,0,-0.43242425957456854,-0.6617829563253504,0,-1.4324956083906664,-2.255364694252656,-2.1244256555430074,-0.07705602440045026,-0.5986293480042154,-1.1797639682086738,-0.6592931937782731,0.41634505271736355,-6.0,0,0,0,0,0,0,0,1,0,0,0,0
1,2,0.0,1,-0.43242425957456854,-0.6617829563253504,0,-1.3320249355667617,0.1997075771344459,0.29422425311317907,-0.07705602440045026,-0.7019070388870309,-1.069651704297609,-1.3765816707235579,-0.9246253775105737,-6.0,0,0,0,0,1,0,0,0,0,0,0,0
0,1,0.0,0,-0.43242425957456854,0.8061079627580064,0,-1.5832016176265233,-2.255364694252656,-2.1244256555430074,-0.07705602440045026,-0.5125646056018692,-0.9595394403865444,1.671894356293902,-0.7991334923288149,-6.0,0,0,0,0,0,0,0,0,0,0,1,0
0,2,7.0,1,3.0201955466369994,-0.6617829563253504,1,-0.7794362350352857,-0.4965069475872696,0.29422425311317907,-0.07705602440045026,0.2763621997529711,1.4629303656568795,0.8649448197304568,-0.2817911179867957,-6.0,0,0,0,0,0,0,0,0,1,0,0,0
0,2,0.0,1,-0.43242425957456854,-0.6617829563253504,0,-1.0808482535069999,0.602779144078597,0.29422425311317907,-0.07705602440045026,-0.42076221370603323,-0.29886585692015605,-0.12132683606930966,-0.10175715896161214,-6.0,1,0,0,0,0,0,0,0,0,0,0,0
0,1,4.0,1,-0.43242425957456854,-0.6617829563253504,0,0.4010941706455947,-0.09343538064311853,0.29422425311317907,-0.07705602440045026,-0.06789676985641376,0.471919990457297,-0.6592931937782731,0.06304223734586158,-6.0,0,0,0,0,0,0,0,0,0,0,0,0
0,2,4.0,0,1.2938856435312154,-0.6617829563253504,0,-0.9301422442711428,-0.16672112008750964,0.29422425311317907,-0.07705602440045026,-0.678956440913072,-0.739314912564415,-0.7489542533964337,-0.9246253775105737,-6.0,0,0,0,0,0,0,0,0,0,0,1,0
0,1,0.0,0,1.2938856435312154,-0.6617829563253504,0,0.7025061891173089,0.4928505349120103,0.29422425311317907,-0.07705602440045026,-0.4982204818681448,-0.5190903847422855,0.1476563427851721,-0.6231720446283052,-6.0,0,0,0,0,0,0,0,0,0,0,1,0
0,2,7.0,0,-0.43242425957456854,0.8061079627580064,0,-2.2362609909819042,1.0424935807449436,0.29422425311317907,-0.07705602440045026,-0.2170756566871472,1.3528181017458147,0.057995283167011503,-0.47637964381078574,-6.0,0,0,0,0,0,0,1,0,0,0,0,0
0,1,0.0,1,-0.43242425957456854,0.07216250321632804,0,0.12479982037985676,-0.4232212081428785,0.29422425311317907,-0.07705602440045026,-0.48961400762791024,-0.8494271764754796,-0.3903100149237914,-0.0024624276910682687,-6.0,0,0,1,0,0,0,0,0,0,0,0,0
0,2,4.0,0,-0.43242425957456854,-0.6617829563253504,0,-0.20172986629783357,0.45620766518981476,0.29422425311317907,-0.07705602440045026,0.574719973414438,0.9123690461015559,0.7752837601122962,0.561901297598469,-6.0,0,0,0,0,0,1,0,0,0,0,0,0
0,1,6.0,0,1.2938856435312154,-0.6617829563253504,0,-3.190732382808999,0.8592792321339658,0.29422425311317907,-0.07705602440045026,-0.0736344193499035,0.9123690461015559,-0.3903100149237914,0.04723955550815854,-6.0,0,0,0,0,0,0,0,0,0,1,0,0
0,2,0.0,1,1.2938856435312154,0.8061079627580064,0,0.5266825116754756,0.16306470741225035,0.29422425311317907,-0.07705602440045026,-0.20273153295342283,-0.18875359300909134,0.3269784620214932,-0.0012298641582287693,-6.0,0,0,1,0,0,0,0,0,0,0,0,0
0,1,4.0,1,-0.43242425957456854,-0.6617829563253504,0,0.5266825116754756,0.6760648835229881,0.29422425311317907,-0.07705602440045026,0.04972504476012607,0.471919990457297,0.5063005812578144,-0.006633223484010491,-6.0,0,0,0,0,0,0,1,0,0,0,0,0
0,3,7.0,1,-0.43242425957456854,-0.6617829563253504,0,0.6271531844993804,0.6394220138007926,0.29422425311317907,-0.07705602440045026,-0.5613346262965321,-0.8494271764754796,-0.3903100149237914,-0.0034008567444802477,-6.0,0,0,0,0,0,0,1,0,0,0,0,0
0,2,4.0,0,-0.43242425957456854,0.8061079627580064,0,-2.4120846684237374,0.6760648835229881,0.29422425311317907,-0.07705602440045026,-0.19986270820667795,1.24270583783475,0.6856227004941355,-0.518163766242919,-6.0,0,0,0,0,0,0,0,0,0,0,1,0
1,3,4.0,0,1.2938856435312154,-0.6617829563253504,0,0.6522708527053566,0.9325649715783569,0.29422425311317907,-0.07705602440045026,-0.5096957808551243,-0.5190903847422855,-0.479971074541952,-0.37350684842068266,-6.0,0,0,0,0,0,0,0,1,0,0,0,0
0,1,2.0,0,3.0201955466369994,2.2739988818413632,0,1.1546242168248801,0.9325649715783569,0.29422425311317907,-0.07705602440045026,-0.5498593273095526,-0.6292026486533502,-0.7489542533964337,-0.29223591325535314,-6.0,0,0,0,0,0,0,0,0,0,1,0,0
1,2,4.0,0,-0.43242425957456854,0.8061079627580064,0,-0.10125919347392885,-0.020149641198727423,0.29422425311317907,-0.07705602440045026,-0.3031403990894934,0.14158319872410283,0.9546058793486173,-0.5389791611250917,-6.0,0,0,1,0,0,0,0,0,0,0,0,0
0,3,3.0,1,-0.43242425957456854,-0.6617829563253504,0,-2.0353196453340945,0.7859934926895747,0.29422425311317907,-0.07705602440045026,-0.3060092238362383,-0.29886585692015605,-0.30064895530563085,-0.1508296515932201,-6.0,0,0,0,0,0,0,0,0,1,0,0,0
0,1,5.0,0,-0.43242425957456854,-0.6617829563253504,0,0.09968215217388059,0.4928505349120103,0.29422425311317907,-0.07705602440045026,-0.0965850173238625,-0.40897812083122076,0.057995283167011503,0.6007284868737052,-6.0,0,0,0,0,0,0,1,0,0,0,0,0
0,0,6.0,0,-0.43242425957456854,2.2739988818413632,0,0.6271531844993804,0.38292192574542366,0.29422425311317907,-0.07705602440045026,-0.6387928944586436,-1.069651704297609,-0.5696321341601126,-0.41795189108922237,-6.0,0,0,1,0,0,0,0,0,0,0,0,0
0,3,6.0,1,1.2938856435312154,-0.6617829563253504,0,1.5313892399145228,0.30963618630103257,0.29422425311317907,-0.07705602440045026,-0.4465816364267371,-0.29886585692015605,-0.21098789568747026,-0.45876876700930985,-6.0,0,0,0,0,1,0,0,0,0,0,0,0
0,2,7.0,0,-0.43242425957456854,0.8061079627580064,0,-5.576910862376736,0.23635044685664144,0.29422425311317907,-0.07705602440045026,-0.6273175954716642,-1.1797639682086738,-0.8386153130145944,-0.42684089962293026,-6.0,0,0,0,0,0,0,0,0,0,0,0,0
0,2,0.0,0,-0.43242425957456854,-0.6617829563253504,0,0.14991748858583295,0.6760648835229881,0.29422425311317907,-0.07705602440045026,0.12431448817549279,0.5820322543683617,0.057995283167011503,0.3090144155153251,-6.0,0,0,1,0,0,0,0,0,0,0,0,0
0,2,2.0,0,-0.43242425957456854,2.2739988818413632,0,0.5266825116754756,0.08977896796785924,0.29422425311317907,-0.07705602440045026,-0.7133823378740104,-0.8494271764754796,-1.3765816707235579,-0.9246253775105737,-6.0,0,0,0,0,0,0,0,0,1,0,0,0
0,1,3.0,0,-0.43242425957456854,0.8061079627580064,0,-0.9301422442711428,1.1524221899115303,0.29422425311317907,-0.07705602440045026,1.6074968822425928,2.4539407408564617,0.9546058793486173,0.7480541413541164,-6.0,0,0,0,0,0,0,0,1,0,0,0,0
0,2,5.0,0,-0.43242425957456854,-0.6617829563253504,0,0.5266825116754756,0.4195647954676192,0.29422425311317907,-0.07705602440045026,-0.3691233682646255,-0.40897812083122076,0.1476563427851721,-0.20256437661860735,-6.0,0,0,0,0,0,0,0,0,1,0,0,0
0,2,3.0,0,-0.43242425957456854,0.8061079627580064,0,-0.7794362350352857,-0.020149641198727423,0.29422425311317907,-0.07705602440045026,-0.10232266681735225,0.471919990457297,0.7752837601122962,-0.00994639939202882,-6.0,0,0,0,0,0,1,0,0,0,0,0,0
0,2,3.0,0,1.2938856435312154,-0.6617829563253504,0,0.14991748858583295,0.272993316578837,0.29422425311317907,-0.07705602440045026,-0.6387928944586436,-0.9595394403865444,-0.8386153130145944,-0.569065036162257,-6.0,0,0,0,0,0,0,0,0,0,0,0,0
0,1,7.0,0,-0.43242425957456854,0.8061079627580064,0,-0.7543185668293095,0.4195647954676192,0.29422425311317907,-0.07705602440045026,-0.6703499666728373,-0.5190903847422855,-1.0179374322509154,-0.7966236546251796,-6.0,0,0,0,0,0,0,0,1,0,0,0,0
1,3,8.0,0,-0.43242425957456854,0.8061079627580064,0,-2.211143322775928,0.9692078413005525,0.29422425311317907,-0.07705602440045026,-0.6617434924326027,-0.739314912564415,-0.8386153130145944,-0.7379561983027074,-6.0,0,0,0,0,0,0,0,0,0,0,1,0
0,1,4.0,0,-0.43242425957456854,3.0079443413830416,0,0.8783298665591421,-2.255364694252656,-2.1244256555430074,-0.07705602440045026,-0.699038214140286,-1.2898762321197386,-1.107598491869076,-0.7379561983027074,-6.0,1,0,0,0,0,0,0,0,0,0,0,0
0,2,0.0,0,-0.43242425957456854,-0.6617829563253504,0,1.3806832306786658,0.4928505349120103,0.29422425311317907,-0.07705602440045026,-0.5928916985107257,-0.739314912564415,-0.9282763726327549,-0.00016849000495028783,-6.0,0,0,1,0,0,0,0,0,0,0,0,0
0,2,0.0,1,-0.43242425957456854,-0.6617829563253504,0,0.09968215217388059,0.4195647954676192,0.29422425311317907,-0.07705602440045026,0.8558647985954356,0.471919990457297,1.1339279985849384,0.6717179481291102,-6.0,0,0,0,0,0,0,0,0,0,1,0,0
0,3,7.0,0,-0.43242425957456854,-0.6617829563253504,0,0.6271531844993804,0.8592792321339658,0.29422425311317907,-0.07705602440045026,2.5943725951228296,2.343828476945397,1.8512164755302232,1.2798487388489899,-6.0,0,0,0,0,0,1,0,0,0,0,0,0
1,1,2.0,1,-0.43242425957456854,0.8061079627580064,0,0.17503515679180912,-2.255364694252656,-2.1244256555430074,-0.07705602440045026,-0.7305952863544797,-1.2898762321197386,-1.4662427303417185,-1.1379615823195637,-6.0,0,0,0,0,0,0,0,0,1,0,0,0
1,1,2.0,1,-0.43242425957456854,-0.6617829563253504,0,-1.0808482535069999,0.053136098245663684,0.29422425311317907,-0.07705602440045026,-0.41215573946579864,-0.29886585692015605,0.057995283167011503,-0.014044015520982235,-6.0,0,0,0,0,0,0,0,0,0,0,0,1
0,2,4.0,0,3.0201955466369994,0.8061079627580064,0,0.6271531844993804,0.053136098245663684,0.29422425311317907,-0.07705602440045026,-0.45231928592022685,0.3618077265462323,-0.9282763726327549,-0.40056035265370704,-6.0,1,0,0,0,0,0,0,0,0,0,0,0
1,1,9.0,1,3.0201955466369994,5.2097807200080775,0,-0.3022005391217383,0.5661362743564015,0.29422425311317907,-0.07705602440045026,2.849697997583123,2.6741652686785913,0.6856227004941355,1.474106096073436,-6.0,0,0,0,0,0,0,0,0,0,0,1,0
0,1,2.0,0,-0.43242425957456854,-0.6617829563253504,0,-2.0102019771281183,-0.5697926870316607,0.29422425311317907,-0.07705602440045026,-0.5555969768030423,-0.8494271764754796,-0.03166577645114908,-0.5920718817789127,-6.0,0,0,0,0,0,0,0,0,1,0,0,0
0,1,3.0,0,-0.43242425957456854,0.8061079627580064,0,-5.702499203406617,0.38292192574542366,2.7128741617693652,16.716291203402893,-0.678956440913072,-0.9595394403865444,-1.3765816707235579,-0.17794866067910858,-6.0,0,0,0,0,0,0,0,1,0,0,0,0
0,1,9.0,1,3.0201955466369994,2.2739988818413632,0,-1.6334369540384759,0.38902907069912307,12.38747379639411,16.103085635465728,-0.39494279098532936,-0.9595394403865444,0.23731740240333266,-0.12229573768545905,-6.0,0,0,0,0,0,0,0,1,0,0,0,0
0,2,4.0,0,-0.43242425957456854,0.8061079627580064,0,0.8280945301471898,0.4195647954676192,0.29422425311317907,-0.07705602440045026,-0.5928916985107257,-0.5190903847422855,0.3269784620214932,-0.7112891727015836,-6.0,0,0,1,0,0,0,0,0,0,0,0,0
0,1,7.0,0,-0.43242425957456854,-0.6617829563253504,0,0.853212198353166,0.45620766518981476,0.29422425311317907,-0.07705602440045026,-0.7019070388870309,-0.8494271764754796,-1.3765816707235579,-0.9246253775105737,-6.0,0,0,0,0,0,0,0,0,0,0,0,1
0,1,0.0,0,3.0201955466369994,0.07216250321632804,0,-0.7543185668293095,0.49692196488114326,19.64342352236267,21.351987503787385,0.029643271532911953,0.8022567821904911,0.057995283167011503,0.02079085643242414,-6.0,0,0,0,0,0,1,0,0,0,0,0,0
0,1,4.0,1,-0.43242425957456854,1.0507564492718993,0,-1.256671930948833,0.23635044685664144,0.29422425311317907,-0.07705602440045026,-0.2687145021285549,0.25169546263516757,-0.5696321341601126,0.11878260600975951,-6.0,0,0,0,0,0,0,0,0,0,0,1,0
0,1,4.0,0,1.2938856435312154,0.8061079627580064,0,0.14991748858583295,0.01649322852346813,0.29422425311317907,-0.07705602440045026,-0.6846940904065616,-0.8494271764754796,-1.0179374322509154,-0.8179572751060787,-6.0,0,0,0,0,1,0,0,0,0,0,0,0
0,2,4.0,0,-0.43242425957456854,0.8061079627580064,0,0.7025061891173089,0.9325649715783569,0.29422425311317907,-0.07705602440045026,-0.49248283237465507,-0.29886585692015605,-0.03166577645114908,-0.4827146675490944,-6.0,0,1,0,0,0,0,0,0,0,0,0,0
0,1,5.0,0,-0.43242425957456854,2.2739988818413632,0,0.2252704932037615,0.30963618630103257,0.29422425311317907,-0.07705602440045026,-0.5326463788290833,-0.6292026486533502,-0.5696321341601126,-0.2110525545287796,-6.0,0,0,0,0,0,0,0,0,0,0,1,0
0,2,2.0,0,-0.43242425957456854,0.8061079627580064,0,-0.4780242165635715,0.6760648835229881,0.29422425311317907,-0.07705602440045026,-0.3662545435178806,0.03147093481303811,3.4651155486571135,-0.8179572751060787,-6.0,0,0,0,0,1,0,0,0,0,0,0,0
0,1,4.0,0,3.0201955466369994,0.8061079627580064,0,-1.0557305853010237,-2.255364694252656,-2.1244256555430074,-0.07705602440045026,-0.7363329358479693,-1.3999884960308033,-1.6455648495780395,-1.7779701967465338,-6.0,1,0,0,0,0,0,0,0,0,0,0,0
0,3,9.0,0,-0.43242425957456854,-0.6617829563253504,0,-1.5832016176265233,0.6760648835229881,0.29422425311317907,-0.07705602440045026,-0.4695322344006961,-0.18875359300909134,-0.7489542533964337,-0.5632599693647333,-6.0,0,0,0,0,0,0,0,0,0,1,0,0
0,1,7.0,0,-0.43242425957456854,-0.6617829563253504,1,1.129506548618904,0.3462790560232281,0.29422425311317907,-0.07705602440045026,-0.40928691471905376,-0.40897812083122076,0.23731740240333266,-0.347362705674483,-6.0,0,0,0,0,0,0,0,0,0,1,0,0
0,1,6.0,1,-0.43242425957456854,-0.6617829563253504,0,-2.2362609909819042,0.16306470741225035,0.29422425311317907,-0.07705602440045026,0.28496867399320575,0.5820322543683617,0.6856227004941355,0.20327386182739093,-6.0,0,0,0,0,0,0,0,0,0,0,0,0
0,2,4.0,1,-0.43242425957456854,-0.6617829563253504,0,-1.7590252950683567,-2.255364694252656,-2.1244256555430074,-0.07705602440045026,-0.7363329358479693,-1.3999884960308033,-1.6455648495780395,-1.7779701967465338,-6.0,0,0,0,0,0,0,1,0,0,0,0,0
0,1,4.0,0,1.2938856435312154,0.8061079627580064,0,0.7025061891173089,0.4195647954676192,0.29422425311317907,-0.07705602440045026,4.783285876889168,2.2337162130343327,0.3269784620214932,2.0461806546742443,-6.0,0,0,0,0,0,0,0,0,1,0,0,0
0,1,4.0,0,-0.43242425957456854,2.6409716116122026,0,-0.35243587553369066,0.8592792321339658,0.29422425311317907,-0.07705602440045026,-0.019126749161750903,0.8022567821904911,0.23731740240333266,-0.09373700088608608,-6.0,0,0,0,0,0,0,0,0,1,0,0,0
0,1,3.0,1,-0.43242425957456854,-0.6617829563253504,0,0.7025061891173089,0.4928505349120103,0.29422425311317907,-0.07705602440045026,1.6964304493916837,1.7932671573900736,0.1476563427851721,2.3026862320810646,-6.0,0,0,0,1,0,0,0,0,0,0,0,0
0,2,4.0,0,-0.43242425957456854,-0.6617829563253504,0,0.17503515679180912,-2.255364694252656,-2.1244256555430074,-0.07705602440045026,-0.6273175954716642,-0.6292026486533502,-0.7489542533964337,-0.5619538293352907,-6.0,0,0,0,0,1,0,0,0,0,0,0,0
1,1,0.0,1,-0.43242425957456854,4.475835260466399,0,0.6271531844993804,-0.09343538064311853,0.29422425311317907,-0.07705602440045026,0.2907063234866955,1.3528181017458147,3.1961323698026316,-0.6149088568234106,-6.0,1,0,0,0,0,0,0,0,0,0,0,0
0,2,8.0,0,-0.43242425957456854,0.8061079627580064,0,0.4010941706455947,1.0058507110227481,0.29422425311317907,-0.07705602440045026,2.264457749247169,2.6741652686785913,0.3269784620214932,1.4251351175626086,-6.0,0,0,0,0,0,0,0,0,0,0,0,0
0,2,2.0,0,-0.43242425957456854,2.2739988818413632,0,0.5266825116754756,0.7859934926895747,0.29422425311317907,-0.07705602440045026,0.3193945709541442,0.03147093481303811,1.671894356293902,0.36314953151823876,-6.0,0,0,0,0,0,0,1,0,0,0,0,0
1,2,3.0,0,-0.43242425957456854,2.2739988818413632,0,-1.4576132765966425,-0.2033639898097052,2.7128741617693652,6.3819236786008355,-0.15396151225875998,0.6921445182794265,1.4029111774394203,-0.13339109891520565,-6.0,0,0,0,0,0,0,0,0,0,0,0,0
0,1,7.0,1,-0.43242425957456854,0.8061079627580064,0,0.8280945301471898,1.1890650596337258,0.29422425311317907,-0.07705602440045026,-0.34330394554392163,-0.5190903847422855,-0.5696321341601126,0.5917914296452202,-6.0,0,0,0,0,0,0,0,1,0,0,0,0
0,1,8.0,0,-0.43242425957456854,-0.6617829563253504,0,-0.025906188856000312,0.30963618630103257,0.29422425311317907,-0.07705602440045026,-0.4437128116799922,-0.6292026486533502,-0.6592931937782731,0.39805909230516445,-6.0,0,0,0,0,0,1,0,0,0,0,0,0
0,2,6.0,1,-0.43242425957456854,-0.6617829563253504,0,-0.35243587553369066,1.2257079293559214,0.29422425311317907,-0.07705602440045026,0.7066859117647022,0.3618077265462323,0.41663952163965384,1.8802608607167157,-6.0,0,0,0,0,1,0,0,0,0,0,0,0
0,2,0.0,0,-0.43242425957456854,-0.6617829563253504,0,-0.17661219809185738,0.01649322852346813,0.29422425311317907,-0.07705602440045026,-0.7047758636337758,-1.1797639682086738,-1.107598491869076,-1.1379615823195637,-6.0,0,0,0,0,0,1,0,0,0,0,0,0
0,2,2.0,0,-0.43242425957456854,-0.6617829563253504,0,0.6271531844993804,0.23635044685664144,0.29422425311317907,-0.07705602440045026,-0.6187111212314296,-0.8494271764754796,-0.3903100149237914,-0.5852268698599078,-6.0,0,0,0,0,0,1,0,0,0,0,0,0
0,1,9.0,0,1.2938856435312154,0.8061079627580064,0,-0.025906188856000312,0.053136098245663684,0.29422425311317907,-0.07705602440045026,-0.47240105914744096,-0.6292026486533502,0.23731740240333266,-0.43977036658105095,-6.0,0,0,0,0,0,0,0,0,0,0,0,0
0,2,4.0,1,3.0201955466369994,-0.6617829563253504,0,0.6271531844993804,-0.09343538064311853,0.29422425311317907,-0.07705602440045026,-0.5269087293355936,-0.40897812083122076,-0.30064895530563085,-0.5800053543575898,-6.0,0,0,0,0,0,0,0,0,0,0,0,0
0,1,9.0,0,-0.43242425957456854,-0.6617829563253504,0,0.8280945301471898,-2.255364694252656,-2.1244256555430074,-0.07705602440045026,-0.7363329358479693,-1.3999884960308033,-1.6455648495780395,-1.7779701967465338,-6.0,0,0,0,0,0,0,1,0,0,0,0,0
0,2,4.0,1,-0.43242425957456854,-0.6617829563253504,0,0.6271531844993804,0.01649322852346813,0.29422425311317907,-0.07705602440045026,-0.6617434924326027,-1.069651704297609,-0.7489542533964337,-0.3912848654880987,-6.0,0,0,0,0,0,0,0,0,0,0,0,1
0,2,6.0,1,1.2938856435312154,0.8061079627580064,0,0.6522708527053566,-0.16672112008750964,0.29422425311317907,-0.07705602440045026,-0.4006804404788191,-0.6292026486533502,0.3269784620214932,0.00491094344288279,-6.0,0,0,0,0,0,0,0,0,0,0,0,0
0,1,4.0,1,-0.43242425957456854,-0.6617829563253504,0,0.7025061891173089,0.4195647954676192,0.29422425311317907,-0.07705602440045026,-0.7363329358479693,-1.3999884960308033,-1.6455648495780395,-1.7779701967465338,-6.0,1,0,0,0,0,0,0,0,0,0,0,0
0,1,7.0,1,-0.43242425957456854,-0.6617829563253504,0,0.6522708527053566,1.2989936688003125,0.29422425311317907,-0.07705602440045026,-0.3834674919983499,0.3618077265462323,0.3269784620214932,-0.5479536408947007,-6.0,0,0,0,0,0,0,0,0,1,0,0,0
0,1,3.0,0,-0.43242425957456854,0.07216250321632804,0,0.07456448396790441,0.5661362743564015,0.29422425311317907,-0.07705602440045026,-0.43510633743975763,-0.5190903847422855,0.9546058793486173,-0.7441101272875821,-6.0,0,0,1,0,0,0,0,0,0,0,0,0
0,1,8.0,0,-0.43242425957456854,-0.6617829563253504,0,-1.4827309448026187,0.08977896796785924,0.29422425311317907,-0.07705602440045026,-0.5928916985107257,-1.1797639682086738,-0.5696321341601126,-0.09373700088608608,-6.0,1,0,0,0,0,0,0,0,0,0,0,0
0,2,5.0,0,-0.43242425957456854,-0.6617829563253504,0,-0.3775535437396668,0.7127077532451837,0.29422425311317907,-0.07705602440045026,-0.7076446883805206,-1.2898762321197386,-1.3765816707235579,-0.17794866067910858,-6.0,0,0,0,0,0,0,0,1,0,0,0,0
0,2,4.0,0,-0.43242425957456854,-0.6617829563253504,1,0.5266825116754756,-0.056792510920922974,0.29422425311317907,-0.07705602440045026,-0.30027157434274854,-0.29886585692015605,0.1476563427851721,-0.10070624169654328,-6.0,0,0,0,0,0,0,0,0,0,1,0,0
0,2,3.0,0,-0.43242425957456854,0.8061079627580064,0,0.5266825116754756,0.5294934046342059,0.29422425311317907,-0.07705602440045026,-0.380598667251605,-0.18875359300909134,-0.12132683606930966,-0.15835656023746655,-6.0,0,0,0,0,0,0,0,0,0,0,0,1
0,2,8.0,1,1.2938856435312154,0.8061079627580064,0,-0.7794362350352857,0.6360908438260474,24.480723339675045,19.98721959894182,-0.7305952863544797,-1.2898762321197386,-1.5559037899598789,-0.49795296789259363,-6.0,0,0,0,0,0,0,0,0,1,0,0,0
0,1,2.0,1,-0.43242425957456854,0.8061079627580064,0,-1.6836722904504282,-2.255364694252656,-2.1244256555430074,-0.07705602440045026,-0.40928691471905376,-0.9595394403865444,0.057995283167011503,0.3679410398615424,-6.0,0,0,1,0,0,0,0,0,0,0,0,0
0,2,4.0,0,-0.43242425957456854,-0.6617829563253504,0,-0.5784948893874763,0.45620766518981476,0.29422425311317907,-0.07705602440045026,-0.4408439869332474,-0.739314912564415,-0.12132683606930966,-0.40461837828866043,-6.0,0,0,0,0,0,0,0,0,0,0,0,1
1,1,7.0,0,-0.43242425957456854,0.8061079627580064,0,1.003918207589023,0.9692078413005525,0.29422425311317907,-0.07705602440045026,-0.2056003577001677,0.9123690461015559,1.0442669389667778,-0.6503359713275866,-6.0,0,0,0,0,0,0,0,1,0,0,0,0
0,3,0.0,0,-0.43242425957456854,1.540053422299685,0,-0.6287302257994286,-0.24000685953190073,0.29422425311317907,-0.07705602440045026,0.7296365097386612,0.3618077265462323,0.595961640875975,0.7572577255184407,-6.0,0,0,0,1,0,0,0,0,0,0,0,0
1,1,4.0,0,-0.43242425957456854,-0.6617829563253504,1,-1.0054952488890714,0.30963618630103257,0.29422425311317907,-0.07705602440045026,-0.2830586258622793,-0.40897812083122076,1.3132501178212597,-0.3537256745006003,-6.0,0,0,0,0,1,0,0,0,0,0,0,0
0,1,4.0,0,3.0201955466369994,0.8061079627580064,0,0.5266825116754756,0.01649322852346813,0.29422425311317907,-0.07705602440045026,-0.7363329358479693,-1.3999884960308033,-1.6455648495780395,-1.7779701967465338,-6.0,0,0,1,0,0,0,0,0,0,0,0,0
0,2,9.0,0,1.2938856435312154,-0.6617829563253504,0,1.003918207589023,0.01649322852346813,0.29422425311317907,-0.07705602440045026,-0.5756787500302565,-0.07864132909802661,-0.5696321341601126,-0.45054492237948485,-6.0,0,0,0,0,0,0,0,0,0,0,0,0
0,1,6.0,0,3.0201955466369994,0.8061079627580064,1,-1.0808482535069999,0.15085041750485198,5.131524070425551,11.70357524988122,-0.721988812114245,-1.2898762321197386,-1.4662427303417185,-0.17794866067910858,-6.0,0,0,0,0,0,0,0,0,0,0,0,0
0,2,4.0,0,-0.43242425957456854,-0.6617829563253504,1,-0.5784948893874763,-2.255364694252656,-2.1244256555430074,-0.07705602440045026,0.9447983657445267,1.3528181017458147,0.23731740240333266,0.7223301236148294,-6.0,0,0,0,0,0,0,1,0,0,0,0,0
0,2,2.0,0,-0.43242425957456854,0.8061079627580064,0,-4.321027452077927,0.7127077532451837,0.29422425311317907,-0.07705602440045026,-0.6387928944586436,-0.739314912564415,-0.9282763726327549,-0.569065036162257,-6.0,0,0,0,0,0,0,0,0,0,0,0,1
0,1,4.0,0,-0.43242425957456854,-0.6617829563253504,0,-2.2864963273938566,0.45620766518981476,0.29422425311317907,-0.07705602440045026,-0.5928916985107257,-0.6292026486533502,-0.479971074541952,-0.5471843997715913,-6.0,0,0,0,0,0,0,1,0,0,0,0,0
0,1,2.0,1,-0.43242425957456854,0.8061079627580064,1,0.6271531844993804,-0.789649905364834,0.29422425311317907,-0.07705602440045026,-0.039208522388965016,-0.40897812083122076,0.7752837601122962,-0.14089553037017877,-6.0,0,0,0,0,0,0,0,0,0,1,0,0
1,1,0.0,0,1.2938856435312154,2.2739988818413632,1,0.6271531844993804,0.38292192574542366,0.29422425311317907,-0.07705602440045026,0.7152923860049368,0.6921445182794265,0.9546058793486173,0.5518453349084796,-6.0,0,1,0,0,0,0,0,0,0,0,0,0
0,1,7.0,0,-0.43242425957456854,-0.6617829563253504,0,0.9788005393830469,-0.056792510920922974,0.29422425311317907,-0.07705602440045026,-0.653137018192368,-0.8494271764754796,-1.3765816707235579,-0.3502586722556005,-6.0,0,0,0,0,0,0,1,0,0,0,0,0
0,2,4.0,1,-0.43242425957456854,0.8061079627580064,0,-2.361849332011785,0.16306470741225035,0.29422425311317907,-0.07705602440045026,-0.2629768526350652,-0.5190903847422855,0.6856227004941355,-0.046799354444073654,-6.0,0,0,0,0,0,0,0,0,0,0,0,1
0,2,4.0,0,3.0201955466369994,-0.6617829563253504,0,-0.17661219809185738,-0.9728642539758118,0.29422425311317907,-0.07705602440045026,-0.6818252656598167,-1.1797639682086738,-1.3765816707235579,0.2487237489388714,-6.0,0,0,0,0,1,0,0,0,0,0,0,0
1,1,7.0,0,-0.43242425957456854,-0.6617829563253504,0,-1.0557305853010237,0.272993316578837,0.29422425311317907,-0.07705602440045026,-0.4006804404788191,0.25169546263516757,0.8649448197304568,-0.3379508142858511,-6.0,0,0,0,0,0,0,0,0,0,0,0,0
0,1,5.0,0,1.2938856435312154,-0.6617829563253504,0,-0.45290654835759536,0.7859934926895747,0.29422425311317907,-0.07705602440045026,-0.6732187914195822,-1.069651704297609,-1.3765816707235579,-0.01794650707236606,-6.0,0,0,0,0,0,0,0,0,0,1,0,0
0,2,7.0,0,-0.43242425957456854,-0.6617829563253504,0,-2.2864963273938566,0.6760648835229881,0.29422425311317907,-0.07705602440045026,-0.18264975972620873,1.4629303656568795,0.595961640875975,-0.5902619026657143,-6.0,0,0,0,0,0,0,1,0,0,0,0,0
0,2,7.0,0,-0.43242425957456854,-0.6617829563253504,0,0.7025061891173089,-2.255364694252656,-2.1244256555430074,-0.07705602440045026,-0.7162511626207553,-1.2898762321197386,-1.1972595514872366,-0.8819581365487758,-6.0,0,0,0,0,0,0,0,1,0,0,0,0
0,1,7.0,0,4.746505449742783,0.8061079627580064,0,1.9332719312101416,-0.08732823568941936,12.38747379639411,9.969374248385567,-0.7305952863544797,-1.2898762321197386,-1.5559037899598789,-0.49795296789259363,-6.0,0,1,0,0,0,0,0,0,0,0,0,0
0,2,2.0,0,-0.43242425957456854,-0.6617829563253504,0,0.8280945301471898,0.8592792321339658,0.29422425311317907,-0.07705602440045026,-0.38920514149183966,-0.8494271764754796,-0.03166577645114908,0.3150309477308548,-6.0,0,0,0,0,0,0,0,0,0,0,1,0
0,1,0.0,1,1.2938856435312154,2.2739988818413632,0,0.2503881614097377,0.3462790560232281,2.7128741617693652,5.090127738000579,-0.19125623396644334,0.03147093481303811,-0.479971074541952,0.2487237489388714,-6.0,0,0,0,0,0,0,0,0,0,0,1,0
0,1,3.0,0,-0.43242425957456854,0.8061079627580064,0,0.6271531844993804,0.8592792321339658,0.29422425311317907,-0.07705602440045026,0.41693461234346996,0.5820322543683617,0.595961640875975,0.12783323288044385,-6.0,0,0,0,0,0,0,0,0,0,0,0,0
0,1,8.0,0,1.2938856435312154,2.2739988818413632,0,-0.6287302257994286,0.7127077532451837,0.29422425311317907,-0.07705602440045026,-0.25723920314157545,0.6921445182794265,0.23731740240333266,-0.2935057716173114,-6.0,0,0,0,0,0,0,0,1,0,0,0,0
0,2,3.0,1,-0.43242425957456854,-0.6617829563253504,0,-0.17661219809185738,0.5661362743564015,0.29422425311317907,-0.07705602440045026,-0.6502681934456231,-0.6292026486533502,-0.6592931937782731,-0.7674302792302653,-6.0,0,0,0,0,0,0,1,0,0,0,0,0
1,1,0.0,0,1.2938856435312154,0.8061079627580064,1,0.8280945301471898,1.1121150332171152,22.062073431018856,9.380933226758804,-0.7334641111012244,-1.2898762321197386,-1.5559037899598789,-1.1379615823195637,-6.0,0,0,0,0,0,1,0,0,0,0,0,0
0,2,3.0,0,-0.43242425957456854,-0.6617829563253504,0,0.07456448396790441,0.272993316578837,0.29422425311317907,-0.07705602440045026,-0.4379751621865025,-0.6292026486533502,-0.12132683606930966,-0.07128055827461366,-6.0,0,0,0,0,0,1,0,0,0,0,0,0
1,2,5.0,0,-0.43242425957456854,-0.6617829563253504,0,-0.5282595529755238,-0.16672112008750964,0.29422425311317907,-0.07705602440045026,-0.7076446883805206,-1.069651704297609,-1.0179374322509154,-0.9779594287128213,-6.0,0,0,0,0,0,0,0,0,0,1,0,0
0,1,4.0,0,1.2938856435312154,0.8061079627580064,0,0.6271531844993804,-2.255364694252656,-2.1244256555430074,-0.07705602440045026,-0.7363329358479693,-1.3999884960308033,-1.6455648495780395,-1.7779701967465338,-6.0,0,0,0,0,0,0,0,0,0,0,0,0
0,1,0.0,0,1.2938856435312154,0.8061079627580064,0,-1.5078486130085949,-2.255364694252656,-2.1244256555430074,-0.07705602440045026,-0.7363329358479693,-1.3999884960308033,-1.6455648495780395,-1.7779701967465338,-6.0,0,0,0,0,0,0,0,0,0,0,1,0
0,3,8.0,0,1.2938856435312154,0.8061079627580064,0,-1.4324956083906664,-0.2033639898097052,0.29422425311317907,-0.07705602440045026,-0.7133823378740104,-1.2898762321197386,-1.1972595514872366,-0.7539564136633816,-6.0,0,0,0,0,0,1,0,0,0,0,0,0
0,2,2.0,1,-0.43242425957456854,1.540053422299685,0,-0.3022005391217383,-0.1300782503653141,0.29422425311317907,-0.07705602440045026,-0.48674518288116536,-0.739314912564415,0.1476563427851721,-0.14030109512458108,-6.0,0,0,0,0,0,0,0,0,0,0,1,0
0,2,4.0,0,-0.43242425957456854,-0.6617829563253504,0,-0.8045539032412619,0.12642183769005477,0.29422425311317907,-0.07705602440045026,-0.5154334303486141,-0.5190903847422855,-0.5696321341601126,0.04723955550815854,-6.0,1,0,0,0,0,0,0,0,0,0,0,0
0,1,2.0,0,-0.43242425957456854,0.07216250321632804,0,-0.05102385706197649,1.0424935807449436,0.29422425311317907,-0.07705602440045026,0.8185700768877523,1.5730426295679443,-0.5696321341601126,0.45999540983035503,-6.0,0,0,0,1,0,0,0,0,0,0,0,0
0,2,5.0,1,-0.43242425957456854,0.8061079627580064,0,-1.658554622244452,0.6394220138007926,0.29422425311317907,-0.07705602440045026,0.09562624070804406,0.25169546263516757,0.3269784620214932,0.09680251218095447,-6.0,0,0,0,0,0,0,1,0,0,0,0,0
0,1,0.0,0,-0.43242425957456854,0.07216250321632804,0,-1.7087899586564044,0.9325649715783569,2.7128741617693652,3.7983317974003206,-0.40928691471905376,-0.18875359300909134,-0.479971074541952,-0.22560887664707435,-6.0,0,0,0,0,0,0,0,0,0,0,0,0
0,1,7.0,0,-0.43242425957456854,-0.6617829563253504,0,0.12479982037985676,0.16306470741225035,0.29422425311317907,-0.07705602440045026,-0.7076446883805206,-1.1797639682086738,-1.107598491869076,-0.8636721761365765,-6.0,0,0,0,0,0,0,0,0,0,0,1,0
0,1,7.0,1,-0.43242425957456854,0.8061079627580064,0,-1.5078486130085949,0.602779144078597,0.29422425311317907,-0.07705602440045026,-0.42076221370603323,0.14158319872410283,-0.5696321341601126,-0.10175715896161214,-6.0,0,0,0,0,0,0,0,0,1,0,0,0
0,3,2.0,0,-0.43242425957456854,-0.6617829563253504,0,0.8280945301471898,0.45620766518981476,2.7128741617693652,1.214739916199807,0.32800104519437884,0.14158319872410283,1.492572237057581,0.30486485546755315,-6.0,0,0,0,0,0,0,0,0,0,0,0,1
0,2,4.0,0,-0.43242425957456854,-0.6617829563253504,0,-1.8594959678922613,0.272993316578837,0.29422425311317907,-0.07705602440045026,-0.7133823378740104,-1.1797639682086738,-1.4662427303417185,-0.07128055827461366,-6.0,0,0,0,0,0,0,0,0,1,0,0,0
1,2,4.0,0,1.2938856435312154,0.8061079627580064,0,0.14991748858583295,0.8592792321339658,0.29422425311317907,-0.07705602440045026,-0.6101046469911949,-0.9595394403865444,-0.7489542533964337,0.23348544859537215,-6.0,0,0,0,0,0,0,0,0,0,1,0,0
0,1,2.0,0,1.2938856435312154,2.2739988818413632,0,-1.7590252950683567,0.30963618630103257,0.29422425311317907,-0.07705602440045026,-0.6359240697118987,-1.069651704297609,-0.7489542533964337,-0.05487008098161421,-6.0,1,0,0,0,0,0,0,0,0,0,0,0
0,1,0.0,1,-0.43242425957456854,-0.6617829563253504,0,0.12479982037985676,0.23635044685664144,0.29422425311317907,-0.07705602440045026,0.3739022411422968,1.1325935739236852,0.7752837601122962,0.20349647351936564,-6.0,0,0,0,0,0,0,0,0,1,0,0,0
0,2,7.0,0,-0.43242425957456854,2.2739988818413632,0,-2.361849332011785,0.9325649715783569,0.29422425311317907,-0.07705602440045026,-0.5756787500302565,-0.739314912564415,-0.6592931937782731,-0.14885736002333724,-6.0,0,0,0,0,0,0,0,1,0,0,0,0
0,2,4.0,0,-0.43242425957456854,-0.6617829563253504,0,0.4010941706455947,0.5661362743564015,0.29422425311317907,-0.07705602440045026,-0.518302255095359,-0.6292026486533502,0.1476563427851721,-0.5307739224785921,-6.0,0,0,0,0,0,0,0,0,0,0,1,0
0,2,8.0,0,-0.43242425957456854,-0.6617829563253504,0,0.6271531844993804,0.3462790560232281,0.29422425311317907,-0.07705602440045026,-0.7133823378740104,-1.2898762321197386,-1.2869206111053972,-0.49795296789259363,-6.0,0,0,0,0,0,0,0,0,0,0,1,0
0,0,0.0,0,-0.43242425957456854,0.07216250321632804,0,0.7025061891173089,0.7859934926895747,0.29422425311317907,-0.07705602440045026,0.11570801393525817,1.24270583783475,0.23731740240333266,0.2228988399356779,-6.0,0,0,0,1,0,0,0,0,0,0,0,0
0,1,0.0,1,-0.43242425957456854,-0.6617829563253504,0,-0.07614152526795268,0.30963618630103257,0.29422425311317907,-0.07705602440045026,-0.25437037839483057,-0.07864132909802661,-0.12132683606930966,-0.04375330604119562,-6.0,0,0,0,0,0,0,0,0,0,0,0,1
1,2,0.0,0,1.2938856435312154,2.2739988818413632,0,-2.0102019771281183,0.053136098245663684,0.29422425311317907,-0.07705602440045026,-0.6301864202184091,-0.9595394403865444,-0.8386153130145944,-0.1992822811600075,-6.0,1,0,0,0,0,0,0,0,0,0,0,0
0,1,4.0,0,-0.43242425957456854,-0.6617829563253504,1,-1.0557305853010237,0.30963618630103257,0.29422425311317907,-0.07705602440045026,-0.47240105914744096,0.03147093481303811,-0.03166577645114908,-0.5763213696591614,-6.0,0,0,0,0,0,0,0,0,0,0,0,0
1,2,4.0,1,1.2938856435312154,-0.6617829563253504,0,0.7025061891173089,1.1157793201893347,2.7128741617693652,10.257311500401608,-0.653137018192368,-1.069651704297609,-1.4662427303417185,0.2842797830737032,-6.0,0,0,0,0,0,0,0,0,0,0,1,0
0,1,3.0,0,1.2938856435312154,0.8061079627580064,0,-1.7087899586564044,0.6394220138007926,0.29422425311317907,-0.07705602440045026,-0.5699411005367667,-0.07864132909802661,-0.3903100149237914,-0.5805347245928479,-6.0,0,0,0,0,0,0,1,0,0,0,0,0
0,3,8.0,0,-0.43242425957456854,0.8061079627580064,0,-0.9301422442711428,0.1997075771344459,0.29422425311317907,-0.07705602440045026,-0.6445305439521334,-1.069651704297609,-0.8386153130145944,-0.07128055827461366,-6.0,0,0,0,0,0,0,0,0,0,0,0,1
0,1,2.0,1,-0.43242425957456854,0.8061079627580064,0,0.6271531844993804,0.7493506229673792,0.29422425311317907,-0.07705602440045026,0.28209984924646087,-0.29886585692015605,0.9546058793486173,0.5404283555144294,-6.0,1,0,0,0,0,0,0,0,0,0,0,0
0,1,3.0,1,-0.43242425957456854,-0.6617829563253504,0,-0.5282595529755238,-0.789649905364834,0.29422425311317907,-0.07705602440045026,1.0165189844131486,0.6921445182794265,-0.21098789568747026,1.7769867433887274,-6.0,0,0,0,0,0,0,0,0,0,0,0,0
0,2,2.0,0,3.0201955466369994,0.8061079627580064,0,0.6271531844993804,0.16306470741225035,0.29422425311317907,-0.07705602440045026,-0.18838740921969846,-0.40897812083122076,0.23731740240333266,0.25939055917932086,-6.0,0,0,0,0,0,1,0,0,0,0,0,0
0,2,4.0,0,1.2938856435312154,2.2739988818413632,0,0.17503515679180912,0.4928505349120103,0.29422425311317907,-0.07705602440045026,-0.5441216778160628,-0.739314912564415,-0.9282763726327549,0.4789022857064659,-6.0,0,0,0,0,0,0,0,0,0,1,0,0
1,1,5.0,0,-0.43242425957456854,2.2739988818413632,1,-0.10125919347392885,0.38292192574542366,0.29422425311317907,-0.07705602440045026,-0.7105135131272655,-1.1797639682086738,-1.2869206111053972,-0.8179572751060787,-6.0,0,0,0,0,0,0,1,0,0,0,0,0
0,2,2.0,0,3.0201955466369994,0.8061079627580064,0,-0.5784948893874763,-2.255364694252656,-2.1244256555430074,-0.07705602440045026,-0.7248576368609899,-1.2898762321197386,-1.3765816707235579,-0.9246253775105737,-6.0,0,0,0,0,0,0,0,0,0,1,0,0
1,2,0.0,1,1.2938856435312154,-0.6617829563253504,0,1.405800898884642,-2.255364694252656,-2.1244256555430074,-0.07705602440045026,-0.5555969768030423,-1.1797639682086738,0.595961640875975,-0.5179532370934364,-6.0,0,0,0,0,0,0,1,0,0,0,0,0
0,2,8.0,0,-0.43242425957456854,-0.6617829563253504,0,0.09968215217388059,0.272993316578837,0.29422425311317907,-0.07705602440045026,-0.48674518288116536,-0.739314912564415,-0.479971074541952,-0.037946776273208874,-6.0,0,0,0,0,0,0,0,0,0,0,0,0
0,1,0.0,1,-0.43242425957456854,-0.6617829563253504,0,0.576917848087428,0.12642183769005477,0.29422425311317907,-0.07705602440045026,0.38250871538253145,0.5820322543683617,0.3269784620214932,0.5547714820059741,-6.0,0,0,0,0,0,0,0,0,1,0,0,0
0,1,0.0,0,1.2938856435312154,-0.6617829563253504,0,-1.6083192858324997,0.3536076299676673,22.062073431018856,18.109302167287854,-0.7162511626207553,-1.2898762321197386,-1.1972595514872366,-0.8819581365487758,-6.0,1,0,0,0,0,0,0,0,0,0,0,0
1,1,9.0,0,-0.43242425957456854,-0.6617829563253504,0,0.7025061891173089,-0.38657833842068295,0.29422425311317907,-0.07705602440045026,-0.6875629151533065,-0.9595394403865444,-1.3765816707235579,-0.569065036162257,-6.0,0,1,0,0,0,0,0,0,0,0,0,0
0,1,7.0,0,1.2938856435312154,-0.6617829563253504,0,0.7025061891173089,-0.056792510920922974,0.29422425311317907,-0.07705602440045026,-0.27445215162204467,-0.29886585692015605,-0.9282763726327549,0.41439973777989575,-6.0,0,0,0,0,0,0,0,1,0,0,0,0
0,2,2.0,0,-0.43242425957456854,0.8061079627580064,0,0.5266825116754756,0.053136098245663684,0.29422425311317907,-0.07705602440045026,-0.721988812114245,-1.2898762321197386,-1.5559037899598789,1.4220728753883167,-6.0,1,0,0,0,0,0,0,0,0,0,0,0
0,2,4.0,1,-0.43242425957456854,-0.6617829563253504,0,0.7025061891173089,0.4928505349120103,0.29422425311317907,-0.07705602440045026,-0.07937206884339325,-0.07864132909802661,-0.03166577645114908,0.202597001953144,-6.0,0,0,0,0,0,0,0,0,0,0,0,0
0,1,8.0,0,-0.43242425957456854,0.8061079627580064,0,0.6271531844993804,1.2257079293559214,0.29422425311317907,-0.07705602440045026,-0.30027157434274854,0.03147093481303811,0.3269784620214932,-0.15661504019820965,-6.0,0,0,0,0,0,0,0,1,0,0,0,0
0,1,8.0,0,-0.43242425957456854,0.8061079627580064,0,-1.7087899586564044,0.1997075771344459,0.29422425311317907,-0.07705602440045026,-0.6703499666728373,-1.1797639682086738,-0.9282763726327549,-0.43977036658105095,-6.0,0,0,0,0,0,0,0,1,0,0,0,0
0,2,4.0,0,1.2938856435312154,-0.6617829563253504,0,-1.8594959678922613,0.16306470741225035,0.29422425311317907,-0.07705602440045026,-0.6588746676858578,-0.8494271764754796,-0.5696321341601126,-0.9139585672701241,-6.0,0,0,0,0,0,0,0,1,0,0,0,0
0,1,2.0,0,-0.43242425957456854,-0.6617829563253504,0,0.17503515679180912,0.4195647954676192,0.29422425311317907,-0.07705602440045026,-0.5871540490172359,-0.739314912564415,-0.9282763726327549,-0.19318696102260782,-6.0,1,0,0,0,0,0,0,0,0,0,0,0
0,1,7.0,1,1.2938856435312154,0.8061079627580064,0,-1.9599666407161662,-0.24000685953190073,0.29422425311317907,-0.07705602440045026,-0.3605168940243909,0.3618077265462323,-0.12132683606930966,-0.38061805524764925,-6.0,0,0,1,0,0,0,0,0,0,0,0,0
0,2,4.0,0,1.2938856435312154,0.07216250321632804,0,-0.2770828709157621,-0.7530070356426385,0.29422425311317907,-0.07705602440045026,-0.7076446883805206,-0.8494271764754796,-1.3765816707235579,-0.8636721761365765,-6.0,0,0,1,0,0,0,0,0,0,0,0,0
0,1,2.0,0,-0.43242425957456854,0.07216250321632804,0,-2.1609079863639757,-2.255364694252656,-2.1244256555430074,-0.07705602440045026,-0.7363329358479693,-1.3999884960308033,-1.6455648495780395,-1.7779701967465338,-6.0,0,0,0,0,0,0,0,0,0,0,0,1
0,2,0.0,0,-0.43242425957456854,-0.6617829563253504,0,0.6522708527053566,0.7127077532451837,0.29422425311317907,-0.07705602440045026,-0.6818252656598167,-1.1797639682086738,-0.9282763726327549,-0.6725007718272218,-6.0,0,0,0,0,0,0,0,0,0,0,1,0
0,1,3.0,1,-0.43242425957456854,-0.6617829563253504,0,0.3508588342336424,-0.09343538064311853,0.29422425311317907,-0.07705602440045026,-0.3461727702906665,-0.29886585692015605,0.057995283167011503,-0.03714676550517504,-6.0,1,0,0,0,0,0,0,0,0,0,0,0
0,1,4.0,0,1.2938856435312154,0.8061079627580064,0,0.6271531844993804,0.16306470741225035,2.7128741617693652,1.214739916199807,-0.6588746676858578,-1.2898762321197386,-1.4662427303417185,0.6906344589003509,-6.0,0,0,0,0,0,1,0,0,0,0,0,0
0,1,4.0,1,1.2938856435312154,0.8061079627580064,1,-2.7888496915133802,0.6655954921737891,14.806123705050297,20.175145203671796,-0.7162511626207553,-1.2898762321197386,-1.3765816707235579,-0.6579551214993362,-6.0,0,0,0,0,0,0,0,0,0,1,0,0
0,2,7.0,0,1.2938856435312154,0.8061079627580064,0,-2.487437673041666,1.2989936688003125,0.29422425311317907,-0.07705602440045026,0.233329828551798,0.471919990457297,0.41663952163965384,0.49911308405679133,-6.0,0,0,0,0,0,0,0,0,1,0,0,0
0,1,4.0,0,1.2938856435312154,2.2739988818413632,0,-1.4576132765966425,0.4195647954676192,0.29422425311317907,-0.07705602440045026,-0.4408439869332474,0.03147093481303811,-0.30064895530563085,-0.4326459664204539,-6.0,0,0,0,0,0,1,0,0,0,0,0,0
0,2,6.0,0,-0.43242425957456854,-0.6617829563253504,0,0.7025061891173089,-0.1300782503653141,0.29422425311317907,-0.07705602440045026,0.1128391891885133,-0.5190903847422855,1.1339279985849384,0.23737607847030825,-6.0,0,0,0,0,0,0,1,0,0,0,0,0
0,3,6.0,1,-0.43242425957456854,-0.6617829563253504,0,0.7025061891173089,0.1997075771344459,0.29422425311317907,-0.07705602440045026,-0.49248283237465507,-0.5190903847422855,-0.6592931937782731,-0.22366356170960658,-6.0,0,0,0,0,0,0,0,0,1,0,0,0
1,2,0.0,0,3.0201955466369994,0.8061079627580064,0,0.5266825116754756,0.7585113403979281,7.5501739790817375,11.144356279290074,-0.7363329358479693,-1.3999884960308033,-1.6455648495780395,-1.7779701967465338,-6.0,0,0,0,0,1,0,0,0,0,0,0,0
0,2,4.0,1,-0.43242425957456854,-0.6617829563253504,0,-2.361849332011785,-0.789649905364834,0.29422425311317907,-0.07705602440045026,2.0292141200140894,1.0224813100126207,1.1339279985849384,1.4522303493665507,-6.0,0,1,0,0,0,0,0,0,0,0,0,0
0,3,3.0,0,-0.43242425957456854,0.07216250321632804,0,-0.7040832304173572,0.9325649715783569,0.29422425311317907,-0.07705602440045026,-0.13674856377829073,0.14158319872410283,0.8649448197304568,-0.32403758353743867,-6.0,0,0,0,0,0,1,0,0,0,0,0,0
0,2,5.0,0,-0.43242425957456854,-0.6617829563253504,0,0.2503881614097377,1.0791364504671392,0.29422425311317907,-0.07705602440045026,-0.5670722757900218,-1.069651704297609,-0.6592931937782731,0.020149243786382023,-6.0,0,0,0,0,0,0,0,0,0,1,0,0
0,2,0.0,0,-0.43242425957456854,-0.6617829563253504,0,-0.7292008986233334,0.9325649715783569,0.29422425311317907,-0.07705602440045026,-0.5699411005367667,-0.739314912564415,-0.5696321341601126,-0.3502586722556005,-6.0,0,0,1,0,0,0,0,0,0,0,0,0
0,1,3.0,1,1.2938856435312154,2.2739988818413632,1,-1.0808482535069999,0.15259531606305138,14.806123705050297,23.529693255491328,-0.7248576368609899,-0.9595394403865444,-1.5559037899598789,-1.1379615823195637,-6.0,0,0,0,0,0,0,1,0,0,0,0,0
1,2,6.0,0,-0.43242425957456854,0.8061079627580064,0,0.6271531844993804,0.3462790560232281,0.29422425311317907,-0.07705602440045026,0.3107880967139096,1.0224813100126207,0.057995283167011503,0.23585001244177728,-6.0,0,0,0,0,0,0,1,0,0,0,0,0
1,3,2.0,1,1.2938856435312154,0.8061079627580064,0,-1.5832016176265233,0.01649322852346813,0.29422425311317907,-0.07705602440045026,-0.12527326479131123,-0.07864132909802661,0.595961640875975,0.015738156844842997,-6.0,1,0,0,0,0,0,0,0,0,0,0,0
0,2,5.0,0,-0.43242425957456854,-0.6617829563253504,0,-1.0054952488890714,0.9325649715783569,0.29422425311317907,-0.07705602440045026,-0.4810075333876756,-0.739314912564415,-0.5696321341601126,-0.15051972006080996,-6.0,0,0,0,0,1,0,0,0,0,0,0,0
0,2,4.0,0,-0.43242425957456854,2.2739988818413632,1,-0.8799069078591905,0.5661362743564015,0.29422425311317907,-0.07705602440045026,-0.4637945849072064,-0.739314912564415,-1.0179374322509154,0.6540625380759525,-6.0,0,0,0,0,0,1,0,0,0,0,0,0
0,1,2.0,0,-0.43242425957456854,-0.6617829563253504,0,-1.6836722904504282,0.30963618630103257,0.29422425311317907,-0.07705602440045026,-0.7334641111012244,-1.2898762321197386,-1.5559037899598789,-1.1379615823195637,-6.0,0,0,0,0,1,0,0,0,0,0,0,0
1,1,0.0,0,-0.43242425957456854,-0.6617829563253504,0,0.7025061891173089,-0.24000685953190073,0.29422425311317907,-0.07705602440045026,-0.4379751621865025,-0.5190903847422855,-0.30064895530563085,-0.4195845661260258,-6.0,0,0,0,0,0,0,0,0,0,0,1,0
1,1,4.0,0,-0.43242425957456854,-0.6617829563253504,0,0.6522708527053566,-2.255364694252656,-2.1244256555430074,-0.07705602440045026,-0.7305952863544797,-1.2898762321197386,-1.5559037899598789,-0.49795296789259363,-6.0,0,0,1,0,0,0,0,0,0,0,0,0
1,1,2.0,0,-0.43242425957456854,-0.6617829563253504,1,0.8280945301471898,0.12642183769005477,0.29422425311317907,-0.07705602440045026,-0.6387928944586436,-1.069651704297609,-1.3765816707235579,-0.22366356170960658,-6.0,0,0,0,0,0,0,0,0,0,0,0,0
0,2,5.0,0,-0.43242425957456854,-0.6617829563253504,0,-0.25196520270978595,-0.16672112008750964,0.29422425311317907,-0.07705602440045026,-0.6359240697118987,-0.9595394403865444,-0.5696321341601126,-0.6579551214993362,-6.0,0,0,0,0,0,0,0,1,0,0,0,0
0,2,3.0,1,3.0201955466369994,0.8061079627580064,0,1.5062715717085466,0.9692078413005525,2.7128741617693652,15.424495262802635,0.04972504476012607,0.6921445182794265,-0.03166577645114908,0.011441643590096992,-6.0,0,0,0,0,0,0,0,0,1,0,0,0
1,3,4.0,1,-0.43242425957456854,1.0507564492718993,0,-1.4827309448026187,0.16306470741225035,0.29422425311317907,-0.07705602440045026,-0.6244487707249193,-0.5190903847422855,-1.2869206111053972,-0.5893827699535893,-6.0,1,0,0,0,0,0,0,0,0,0,0,0
0,2,5.0,1,1.2938856435312154,0.8061079627580064,0,-1.1310835899189522,0.01649322852346813,0.29422425311317907,-0.07705602440045026,-0.42936868794626787,-0.5190903847422855,-0.03166577645114908,-0.18539062131198034,-6.0,0,0,0,0,0,0,0,0,1,0,0,0
0,1,2.0,0,1.2938856435312154,0.8061079627580064,0,-0.3775535437396668,1.0791364504671392,0.29422425311317907,-0.07705602440045026,0.6751288395505086,1.4629303656568795,0.057995283167011503,0.45525135146672363,-6.0,0,0,0,0,0,0,0,0,0,1,0,0
0,2,9.0,0,-0.43242425957456854,-0.6617829563253504,1,-0.20172986629783357,0.602779144078597,0.29422425311317907,-0.07705602440045026,-0.35477924453090115,0.14158319872410283,1.4029111774394203,-0.6579551214993362,-6.0,0,0,0,0,0,0,0,1,0,0,0,0
1,3,5.0,0,1.2938856435312154,-0.6617829563253504,0,-0.5533772211815001,0.8959221018561614,0.29422425311317907,-0.07705602440045026,-0.14535503801852534,0.25169546263516757,0.595961640875975,-0.1502939674631283,-6.0,0,0,0,0,0,0,0,0,0,0,1,0
0,2,4.0,0,-0.43242425957456854,0.8061079627580064,0,-0.6287302257994286,-2.255364694252656,-2.1244256555430074,-0.07705602440045026,-0.7363329358479693,-1.3999884960308033,-1.6455648495780395,-1.7779701967465338,-6.0,0,0,1,0,0,0,0,0,0,0,0,0
0,0,6.0,0,-0.43242425957456854,-0.6617829563253504,0,0.09968215217388059,-0.2766497292540963,0.29422425311317907,-0.07705602440045026,-0.7047758636337758,-1.1797639682086738,-1.107598491869076,-1.0739607208768667,-6.0,0,0,0,0,0,0,1,0,0,0,0,0
0,2,5.0,0,-0.43242425957456854,-0.6617829563253504,0,-0.4277888801516192,0.45620766518981476,0.29422425311317907,-0.07705602440045026,-0.37772984250486014,-0.5190903847422855,-0.12132683606930966,0.22205672333774773,-6.0,0,0,0,0,0,0,0,0,0,0,1,0
0,3,9.0,1,-0.43242425957456854,-0.6617829563253504,0,-1.1310835899189522,0.053136098245663684,0.29422425311317907,-0.07705602440045026,-0.6904317399000514,-0.6292026486533502,-1.4662427303417185,-0.31509336377060226,-6.0,0,0,0,0,0,0,0,1,0,0,0,0
0,2,3.0,0,-0.43242425957456854,1.540053422299685,0,0.7025061891173089,0.5661362743564015,0.29422425311317907,-0.07705602440045026,-0.7248576368609899,-1.2898762321197386,-1.4662427303417185,-0.9246253775105737,-6.0,0,0,0,0,0,0,0,0,0,0,0,0
0,2,0.0,0,-0.43242425957456854,0.8061079627580064,0,-0.07614152526795268,0.6394220138007926,0.29422425311317907,-0.07705602440045026,-0.1424862132717805,-0.07864132909802661,-0.03166577645114908,0.3938623145056434,-6.0,0,0,0,0,1,0,0,0,0,0,0,0
0,2,5.0,0,-0.43242425957456854,0.8061079627580064,0,0.5518001798814518,0.30963618630103257,0.29422425311317907,-0.07705602440045026,-0.721988812114245,-1.1797639682086738,-1.3765816707235579,-0.9779594287128213,-6.0,1,0,0,0,0,0,0,0,0,0,0,0
0,2,9.0,0,-0.43242425957456854,-0.6617829563253504,0,0.7527415255292612,0.9692078413005525,0.29422425311317907,-0.07705602440045026,0.4943928805055815,1.24270583783475,0.5063005812578144,0.8122533465475245,-6.0,0,0,0,0,0,0,1,0,0,0,0,0
1,1,4.0,0,1.2938856435312154,-0.6617829563253504,0,-0.17661219809185738,-0.39268548337438214,12.38747379639411,34.69321812830672,-0.7363329358479693,-1.3999884960308033,-1.6455648495780395,-1.7779701967465338,-6.0,0,0,0,0,0,0,0,0,0,0,1,0
0,1,8.0,0,-0.43242425957456854,-0.6617829563253504,0,-0.7794362350352857,0.38292192574542366,0.29422425311317907,-0.07705602440045026,-0.12814208953805611,0.14158319872410283,-0.12132683606930966,0.055567995936137295,-6.0,0,0,0,0,0,0,0,0,0,0,0,1
0,1,9.0,0,1.2938856435312154,-0.6617829563253504,0,0.5518001798814518,0.6882791734303864,5.131524070425551,15.540680322654318,-0.7363329358479693,-1.3999884960308033,-1.6455648495780395,-1.7779701967465338,-6.0,0,0,0,0,0,1,0,0,0,0,0,0
0,3,5.0,0,1.2938856435312154,0.8061079627580064,0,0.8280945301471898,0.3462790560232281,0.29422425311317907,-0.07705602440045026,-0.4810075333876756,-0.8494271764754796,-0.479971074541952,0.256342899110621,-6.0,0,0,0,0,0,0,0,0,0,1,0,0
0,2,3.0,1,1.2938856435312154,0.8061079627580064,0,-0.5282595529755238,0.4928505349120103,0.29422425311317907,-0.07705602440045026,-0.31461569807647294,0.471919990457297,-0.3903100149237914,-0.06740171818717731,-6.0,0,0,1,0,0,0,0,0,0,0,0,0
0,2,6.0,0,-0.43242425957456854,0.8061079627580064,1,-0.8045539032412619,0.08977896796785924,0.29422425311317907,-0.07705602440045026,1.3923350262367271,1.0224813100126207,1.4029111774394203,0.7751824479029921,-6.0,0,0,0,0,0,0,0,0,0,0,0,0
0,2,4.0,0,-0.43242425957456854,0.8061079627580064,0,-3.8689094243703557,0.8226363624117703,0.29422425311317907,-0.07705602440045026,-0.5986293480042154,-0.739314912564415,-0.7489542533964337,-0.38158776526950827,-6.0,0,0,0,0,0,0,0,0,0,0,0,1
0,1,6.0,0,1.2938856435312154,0.8061079627580064,0,0.6522708527053566,-2.255364694252656,-2.1244256555430074,-0.07705602440045026,-0.7363329358479693,-1.3999884960308033,-1.6455648495780395,-1.7779701967465338,-6.0,0,0,0,0,0,0,0,0,0,0,0,0
0,2,7.0,0,-0.43242425957456854,-0.6617829563253504,0,0.6522708527053566,0.5294934046342059,0.29422425311317907,-0.07705602440045026,-0.4695322344006961,-0.739314912564415,-0.6592931937782731,-0.02735839846099794,-6.0,0,0,0,0,0,0,0,0,0,0,0,0
0,2,8.0,0,1.2938856435312154,2.2739988818413632,0,-1.3320249355667617,0.45620766518981476,0.29422425311317907,-0.07705602440045026,-0.46666340965395126,0.14158319872410283,-0.12132683606930966,-0.47012650639576875,-6.0,0,0,0,0,0,0,0,0,1,0,0,0
1,1,9.0,1,-0.43242425957456854,-0.6617829563253504,0,-0.17661219809185738,-2.255364694252656,-2.1244256555430074,-0.07705602440045026,-0.7363329358479693,-1.3999884960308033,-1.6455648495780395,-1.7779701967465338,-6.0,0,0,0,0,0,0,0,0,1,0,0,0
0,2,5.0,0,-0.43242425957456854,-0.6617829563253504,0,0.6522708527053566,0.602779144078597,0.29422425311317907,-0.07705602440045026,-0.5498593273095526,-1.069651704297609,-0.7489542533964337,0.4115329578720481,-6.0,0,0,0,0,0,0,0,0,1,0,0,0
0,1,4.0,0,-0.43242425957456854,-0.6617829563253504,0,1.0541535440009755,0.7859934926895747,0.29422425311317907,-0.07705602440045026,0.02677444678616708,0.14158319872410283,-0.30064895530563085,0.13486453850710725,-6.0,1,0,0,0,0,0,0,0,0,0,0,0
0,1,2.0,1,-0.43242425957456854,-0.6617829563253504,0,-0.45290654835759536,0.08977896796785924,0.29422425311317907,-0.07705602440045026,0.32800104519437884,0.8022567821904911,1.5822332966757413,-0.22605388333211626,-6.0,0,0,1,0,0,0,0,0,0,0,0,0
0,2,9.0,0,-0.43242425957456854,-0.6617829563253504,0,-1.6836722904504282,0.12642183769005477,0.29422425311317907,-0.07705602440045026,0.15300273564294153,0.471919990457297,-0.21098789568747026,0.5290375994437073,-6.0,0,0,0,0,0,0,0,1,0,0,0,0
0,2,8.0,1,-0.43242425957456854,-0.29481022655451117,0,-0.25196520270978595,0.23635044685664144,0.29422425311317907,-0.07705602440045026,0.1013638902015338,0.3618077265462323,-0.12132683606930966,0.7474692007220509,-6.0,0,0,0,0,0,0,0,0,0,0,0,0
0,1,3.0,0,1.2938856435312154,0.8061079627580064,0,-0.8045539032412619,0.1997075771344459,0.29422425311317907,-0.07705602440045026,-0.5699411005367667,-0.6292026486533502,-0.479971074541952,-0.010327356900616444,-6.0,0,0,0,0,0,0,0,0,1,0,0,0
0,1,4.0,0,-0.43242425957456854,-0.6617829563253504,0,-0.7794362350352857,-2.255364694252656,-2.1244256555430074,-0.07705602440045026,-0.7363329358479693,-1.3999884960308033,-1.6455648495780395,-1.7779701967465338,-6.0,0,0,0,0,0,0,0,0,0,0,0,0
0,1,4.0,0,-0.43242425957456854,-0.29481022655451117,0,-2.1609079863639757,-0.1300782503653141,0.29422425311317907,-0.07705602440045026,-0.17978093497946385,0.6921445182794265,0.23731740240333266,-0.44289846342575756,-6.0,0,0,0,0,1,0,0,0,0,0,0,0
0,2,2.0,1,-0.43242425957456854,0.8061079627580064,0,-1.6836722904504282,0.38292192574542366,0.29422425311317907,-0.07705602440045026,-0.5814163995237461,-0.6292026486533502,-0.7489542533964337,0.04100165478274958,-6.0,0,0,0,0,1,0,0,0,0,0,0,0
1,2,3.0,0,1.2938856435312154,0.8061079627580064,0,-2.0353196453340945,0.8592792321339658,0.29422425311317907,-0.07705602440045026,-0.6244487707249193,-0.40897812083122076,-1.107598491869076,-0.5299533986139422,-6.0,0,0,0,0,0,1,0,0,0,0,0,0
1,1,0.0,1,-0.43242425957456854,0.8061079627580064,0,-1.2315542627428568,0.45620766518981476,0.29422425311317907,-0.07705602440045026,-0.3490415950374114,1.0224813100126207,0.057995283167011503,-0.36155768940815736,-6.0,0,0,0,0,1,0,0,0,0,0,0,0
0,1,4.0,0,-0.43242425957456854,-0.6617829563253504,0,-5.124792834669165,0.30963618630103257,0.29422425311317907,-0.07705602440045026,-0.5269087293355936,-0.5190903847422855,-0.479971074541952,-0.4430950866559961,-6.0,0,0,0,0,0,0,0,0,0,0,0,0
0,2,7.0,1,-0.43242425957456854,-0.6617829563253504,0,0.09968215217388059,0.01649322852346813,0.29422425311317907,-0.07705602440045026,-0.426499863199523,-0.8494271764754796,-1.0179374322509154,0.6055101604297686,-6.0,0,0,1,0,0,0,0,0,0,0,0,0
0,1,5.0,1,-0.43242425957456854,-0.6617829563253504,0,0.8280945301471898,0.3462790560232281,0.29422425311317907,-0.07705602440045026,0.3423451689281032,0.8022567821904911,0.1476563427851721,0.33293540873189387,-6.0,0,0,0,0,0,0,0,0,0,0,0,0
0,1,4.0,0,-0.43242425957456854,0.8061079627580064,0,-1.0808482535069999,0.4928505349120103,0.29422425311317907,-0.07705602440045026,-0.29740274959600366,0.03147093481303811,0.23731740240333266,-0.08967161041331971,-6.0,0,0,0,1,0,0,0,0,0,0,0,0
0,2,5.0,0,-0.43242425957456854,-0.6617829563253504,0,-1.4073779401846902,-0.5331498173094652,0.29422425311317907,-0.07705602440045026,-0.6416617192053885,-0.9595394403865444,-0.8386153130145944,-0.3699512450071995,-6.0,0,0,0,0,0,0,0,0,1,0,0,0
0,2,3.0,0,-0.43242425957456854,-0.6617829563253504,0,0.5266825116754756,0.7859934926895747,0.29422425311317907,-0.07705602440045026,0.07554446748082994,-0.07864132909802661,0.23731740240333266,0.6369956416912335,-6.0,0,0,0,0,0,0,1,0,0,0,0,0
0,2,8.0,1,-0.43242425957456854,-0.6617829563253504,0,-1.9850843089221424,-0.24000685953190073,0.29422425311317907,-0.07705602440045026,1.4783997686390735,1.6831548934790088,-0.03166577645114908,1.6061849425522394,-6.0,0,0,0,0,0,0,0,0,0,0,0,0
0,1,5.0,0,1.2938856435312154,0.8061079627580064,0,-0.402671211945643,0.12642183769005477,0.29422425311317907,-0.07705602440045026,-0.7248576368609899,-1.1797639682086738,-1.5559037899598789,-0.49795296789259363,-6.0,1,0,0,0,0,0,0,0,0,0,0,0
0,2,4.0,0,-0.43242425957456854,-0.6617829563253504,0,0.09968215217388059,0.6760648835229881,0.29422425311317907,-0.07705602440045026,-0.5096957808551243,-0.5190903847422855,-0.5696321341601126,-0.03449845399720156,-6.0,0,0,0,0,0,0,0,0,0,1,0,0
0,1,4.0,1,-0.43242425957456854,-0.6617829563253504,0,0.6271531844993804,0.4928505349120103,0.29422425311317907,-0.07705602440045026,-0.5010893066148897,-0.9595394403865444,-0.7489542533964337,0.9841722444646004,-6.0,0,0,0,0,0,0,0,0,1,0,0,0
0,1,3.0,1,-0.43242425957456854,-0.6617829563253504,1,0.12479982037985676,0.602779144078597,0.29422425311317907,-0.07705602440045026,1.0423384071338524,1.4629303656568795,0.1476563427851721,1.016433612723336,-6.0,0,0,1,0,0,0,0,0,0,0,0,0
0,1,3.0,0,1.2938856435312154,0.8061079627580064,0,-2.4120846684237374,-0.789649905364834,0.29422425311317907,-0.07705602440045026,-0.46666340965395126,-0.5190903847422855,0.1476563427851721,-0.37888159776664576,-6.0,0,0,0,0,0,0,0,0,0,0,0,0
0,2,2.0,1,1.2938856435312154,0.8061079627580064,0,1.9583895994161178,0.8470649422265675,12.38747379639411,16.054022185650894,-0.5613346262965321,-0.8494271764754796,-0.9282763726327549,0.518531302079653,-6.0,0,0,0,0,0,0,0,0,0,0,1,0
0,1,9.0,1,1.2938856435312154,0.8061079627580064,0,-0.35243587553369066,0.12642183769005477,0.29422425311317907,-0.07705602440045026,-0.20846918244691257,0.14158319872410283,0.7752837601122962,-0.5117165940093027,-6.0,1,0,0,0,0,0,0,0,0,0,0,0
0,1,8.0,0,-0.43242425957456854,-0.6617829563253504,0,0.6271531844993804,-0.056792510920922974,0.29422425311317907,-0.07705602440045026,-0.5297775540823385,-1.2898762321197386,-0.30064895530563085,0.7820642609613466,-6.0,0,0,0,0,0,0,0,1,0,0,0,0
0,1,3.0,1,-0.43242425957456854,-0.6617829563253504,0,-0.8045539032412619,-0.020149641198727423,0.29422425311317907,-0.07705602440045026,-0.4465816364267371,-0.8494271764754796,-0.8386153130145944,0.8076646055384255,-6.0,0,0,0,0,0,0,0,0,1,0,0,0
0,2,4.0,0,-0.43242425957456854,0.07216250321632804,0,0.6522708527053566,0.4928505349120103,0.29422425311317907,-0.07705602440045026,-0.40928691471905376,-0.6292026486533502,-0.7489542533964337,0.6540625380759525,-6.0,0,0,0,0,0,0,0,1,0,0,0,0
0,1,8.0,0,-0.43242425957456854,-0.6617829563253504,0,0.5266825116754756,1.1157793201893347,0.29422425311317907,-0.07705602440045026,0.6005393961351418,0.14158319872410283,-0.9282763726327549,2.0953286905647395,-6.0,0,0,0,0,0,0,0,1,0,0,0,0
1,1,4.0,1,-0.43242425957456854,-0.6617829563253504,0,0.14991748858583295,0.01649322852346813,0.29422425311317907,-0.07705602440045026,-0.49535165712139995,-0.5190903847422855,-0.30064895530563085,-0.04375330604119562,-6.0,0,0,1,0,0,0,0,0,0,0,0,0
0,1,0.0,0,-0.43242425957456854,-0.6617829563253504,0,0.7025061891173089,0.602779144078597,0.29422425311317907,-0.07705602440045026,-0.2170756566871472,0.25169546263516757,-0.03166577645114908,-0.12309077944251107,-6.0,1,0,0,0,0,0,0,0,0,0,0,0
0,1,4.0,0,-0.43242425957456854,0.8061079627580064,0,0.7025061891173089,-0.056792510920922974,0.29422425311317907,-0.07705602440045026,-0.5527281520562974,-0.8494271764754796,-0.8386153130145944,-0.13954814381349034,-6.0,0,0,1,0,0,0,0,0,0,0,0,0
0,1,4.0,0,-0.43242425957456854,-0.6617829563253504,0,0.9788005393830469,0.38292192574542366,0.29422425311317907,-0.07705602440045026,-0.33182864655694216,-0.8494271764754796,0.23731740240333266,0.14205564653437647,-6.0,1,0,0,0,0,0,0,0,0,0,0,0
0,1,2.0,0,-0.43242425957456854,-0.6617829563253504,0,1.0541535440009755,0.8959221018561614,0.29422425311317907,-0.07705602440045026,-0.04494617188245477,0.471919990457297,-0.5696321341601126,-0.044913162174625924,-6.0,0,0,0,0,1,0,0,0,0,0,0,0
0,1,7.0,0,1.2938856435312154,2.2739988818413632,0,-0.45290654835759536,-2.255364694252656,-2.1244256555430074,-0.07705602440045026,-0.7363329358479693,-1.3999884960308033,-1.6455648495780395,-1.7779701967465338,-6.0,0,1,0,0,0,0,0,0,0,0,0,0
0,1,0.0,0,-0.43242425957456854,-0.6617829563253504,0,-0.25196520270978595,0.4928505349120103,0.29422425311317907,-0.07705602440045026,0.43701638557068406,0.6921445182794265,0.23731740240333266,0.3853647065644643,-6.0,0,0,0,0,0,0,0,0,0,0,1,0
0,1,4.0,1,-0.43242425957456854,0.8061079627580064,0,-0.8045539032412619,0.38292192574542366,0.29422425311317907,-0.07705602440045026,-0.60723582224445,-0.40897812083122076,-0.9282763726327549,-0.6259546907779876,-6.0,0,0,0,0,0,0,0,0,0,0,1,0
0,2,0.0,1,-0.43242425957456854,-0.6617829563253504,1,0.2503881614097377,0.6394220138007926,0.29422425311317907,-0.07705602440045026,0.781275355180069,1.9033794213011384,1.7615554159120625,-0.2930379290629057,-6.0,0,0,0,0,0,1,0,0,0,0,0,0
0,2,9.0,1,-0.43242425957456854,-0.6617829563253504,0,0.12479982037985676,1.0424935807449436,0.29422425311317907,-0.07705602440045026,0.06980681798734019,-0.18875359300909134,-0.21098789568747026,0.6523327850639878,-6.0,0,0,0,0,0,0,1,0,0,0,0,0
0,1,3.0,0,-0.43242425957456854,-0.6617829563253504,0,0.8280945301471898,0.602779144078597,0.29422425311317907,-0.07705602440045026,-0.6646123171793475,-0.8494271764754796,-1.107598491869076,-0.5471843997715913,-6.0,0,0,0,0,0,0,0,0,0,0,0,0
0,1,9.0,0,1.2938856435312154,0.8061079627580064,0,0.6271531844993804,0.4928505349120103,0.29422425311317907,-0.07705602440045026,-0.32035334756996264,0.14158319872410283,-0.479971074541952,-0.20506766976499707,-6.0,0,0,0,0,0,0,0,0,0,0,0,0
0,1,4.0,0,1.2938856435312154,2.2739988818413632,0,-1.2817895991548094,0.23635044685664144,0.29422425311317907,-0.07705602440045026,-0.07650324409664838,0.471919990457297,-0.3903100149237914,0.26650176600628744,-6.0,0,1,0,0,0,0,0,0,0,0,0,0
0,1,3.0,0,-0.43242425957456854,0.8061079627580064,0,-0.22684753450380976,0.272993316578837,0.29422425311317907,-0.07705602440045026,0.1989039315908595,0.5820322543683617,0.7752837601122962,-0.09536690397885446,-6.0,0,0,0,0,0,1,0,0,0,0,0,0
0,2,8.0,0,-0.43242425957456854,0.8061079627580064,1,-0.4277888801516192,0.4928505349120103,0.29422425311317907,-0.07705602440045026,-0.059290295616179135,0.25169546263516757,1.1339279985849384,-0.1362089684338715,-6.0,1,0,0,0,0,0,0,0,0,0,0,0
1,3,4.0,0,-0.43242425957456854,0.8061079627580064,0,-1.3320249355667617,0.053136098245663684,0.29422425311317907,-0.07705602440045026,-0.38920514149183966,0.6921445182794265,0.6856227004941355,-0.7024001641678758,-6.0,0,0,1,0,0,0,0,0,0,0,0,0
0,3,8.0,0,-0.43242425957456854,0.8061079627580064,0,-0.6287302257994286,1.0058507110227481,0.29422425311317907,-0.07705602440045026,-0.11092914105758686,1.3528181017458147,-0.21098789568747026,-0.35427756465388605,-6.0,0,0,0,0,0,1,0,0,0,0,0,0
1,3,2.0,0,1.2938856435312154,2.2739988818413632,0,-0.402671211945643,1.2257079293559214,0.29422425311317907,-0.07705602440045026,-0.6043669974977052,0.03147093481303811,-0.7489542533964337,-0.726527473045083,-6.0,0,0,0,0,0,0,1,0,0,0,0,0
0,2,8.0,0,-0.43242425957456854,0.8061079627580064,0,-0.3775535437396668,0.9325649715783569,0.29422425311317907,-0.07705602440045026,1.3808597272497476,0.6921445182794265,1.0442669389667778,1.413424110328493,-6.0,0,0,0,0,0,0,0,1,0,0,0,0
0,2,7.0,0,-0.43242425957456854,0.8061079627580064,0,-1.658554622244452,0.6760648835229881,0.29422425311317907,-0.07705602440045026,-0.5412528530693179,-1.069651704297609,-0.21098789568747026,0.11422918503755156,-6.0,0,0,0,0,0,0,0,0,1,0,0,0
0,1,7.0,1,1.2938856435312154,0.8061079627580064,0,0.853212198353166,-0.789649905364834,0.29422425311317907,-0.07705602440045026,-0.6359240697118987,-1.069651704297609,-0.9282763726327549,-0.37795135268753677,-6.0,0,0,0,0,0,0,0,0,0,0,0,0
0,2,2.0,0,1.2938856435312154,2.2739988818413632,0,-2.1106726499520234,0.8592792321339658,0.29422425311317907,-0.07705602440045026,-0.5527281520562974,-0.8494271764754796,-0.7489542533964337,-0.20256437661860735,-6.0,0,0,0,0,0,0,0,1,0,0,0,0
0,2,2.0,1,-0.43242425957456854,0.8061079627580064,0,0.14991748858583295,0.30963618630103257,0.29422425311317907,-0.07705602440045026,-0.449450461173482,-0.739314912564415,-0.3903100149237914,0.22205672333774773,-6.0,0,0,0,0,0,0,1,0,0,0,0,0
0,1,2.0,1,-0.43242425957456854,0.8061079627580064,0,-2.0353196453340945,0.4195647954676192,0.29422425311317907,-0.07705602440045026,-0.4982204818681448,-0.8494271764754796,-0.03166577645114908,-0.30239478015101956,-6.0,0,0,0,0,0,0,1,0,0,0,0,0
0,1,2.0,0,-0.43242425957456854,0.8061079627580064,0,1.003918207589023,0.3462790560232281,0.29422425311317907,-0.07705602440045026,-0.699038214140286,-1.1797639682086738,-1.0179374322509154,-0.7379561983027074,-6.0,1,0,0,0,0,0,0,0,0,0,0,0
0,2,0.0,1,-0.43242425957456854,-0.6617829563253504,0,-0.9552599124771189,-0.056792510920922974,0.29422425311317907,-0.07705602440045026,-0.6875629151533065,-1.2898762321197386,-1.0179374322509154,-0.22366356170960658,-6.0,0,1,0,0,0,0,0,0,0,0,0,0
0,1,0.0,1,-0.43242425957456854,-0.6617829563253504,0,-0.10125919347392885,-2.255364694252656,-2.1244256555430074,-0.07705602440045026,-0.7363329358479693,-1.3999884960308033,-1.6455648495780395,-1.7779701967465338,-6.0,0,0,1,0,0,0,0,0,0,0,0,0
0,2,3.0,0,-0.43242425957456854,0.8061079627580064,0,-4.270792115665975,0.01649322852346813,0.29422425311317907,-0.07705602440045026,-0.6646123171793475,-0.6292026486533502,-0.9282763726327549,-0.8367810578833424,-6.0,0,0,1,0,0,0,0,0,0,0,0,0
0,1,4.0,1,-0.43242425957456854,0.8061079627580064,0,0.5518001798814518,0.4195647954676192,0.29422425311317907,-0.07705602440045026,0.6550470663232945,1.1325935739236852,0.9546058793486173,0.5044134649967053,-6.0,0,0,0,0,0,0,0,0,0,0,0,0
0,2,2.0,0,-0.43242425957456854,-0.6617829563253504,0,-0.402671211945643,0.602779144078597,0.29422425311317907,-0.07705602440045026,-0.6904317399000514,-1.069651704297609,-1.1972595514872366,-0.6401771044319204,-6.0,0,0,0,0,0,0,0,0,0,0,1,0
0,2,0.0,1,-0.43242425957456854,0.8061079627580064,1,-0.10125919347392885,-0.16672112008750964,0.29422425311317907,-0.07705602440045026,-0.6502681934456231,-0.8494271764754796,-0.7489542533964337,-0.7674302792302653,-6.0,0,0,0,0,0,1,0,0,0,0,0,0
0,2,7.0,0,-0.43242425957456854,0.8061079627580064,0,-4.798263147991475,-0.2033639898097052,0.29422425311317907,-0.07705602440045026,-0.4810075333876756,-0.40897812083122076,-0.30064895530563085,-0.31743771766960216,-6.0,0,0,1,0,0,0,0,0,0,0,0,0
0,1,8.0,0,1.2938856435312154,0.8061079627580064,0,-0.6036125575934524,0.4928505349120103,0.29422425311317907,-0.07705602440045026,-0.4006804404788191,0.14158319872410283,0.41663952163965384,-0.6927381983703672,-6.0,0,0,0,0,0,0,1,0,0,0,0,0
0,1,4.0,0,-0.43242425957456854,-0.6617829563253504,0,-1.3069072673607856,-0.5697926870316607,0.29422425311317907,-0.07705602440045026,-0.6273175954716642,-1.069651704297609,-0.6592931937782731,-0.49795296789259363,-6.0,0,0,0,0,0,0,0,0,1,0,0,0
0,1,0.0,0,1.2938856435312154,0.8061079627580064,0,-5.702499203406617,0.6760648835229881,0.29422425311317907,-0.07705602440045026,-0.3232221723167075,-0.40897812083122076,-0.21098789568747026,0.029112949870793624,-6.0,0,0,0,0,1,0,0,0,0,0,0,0
0,1,6.0,0,-0.43242425957456854,0.8061079627580064,0,-5.049439830051236,1.0424935807449436,0.29422425311317907,-0.07705602440045026,0.13005213766898255,1.6831548934790088,-0.21098789568747026,-0.21923953902923565,-6.0,0,0,0,0,0,0,0,1,0,0,0,0
0,3,4.0,0,1.2938856435312154,1.540053422299685,0,-2.0102019771281183,-2.255364694252656,-2.1244256555430074,-0.07705602440045026,-0.7363329358479693,-1.3999884960308033,-1.6455648495780395,-1.7779701967465338,-6.0,0,0,0,0,0,0,0,0,0,0,1,0
0,1,2.0,1,1.2938856435312154,0.8061079627580064,0,-0.7292008986233334,-2.255364694252656,-2.1244256555430074,-0.07705602440045026,-0.35477924453090115,-1.1797639682086738,-0.9282763726327549,3.8967728511726016,-6.0,0,0,0,0,1,0,0,0,0,0,0,0
0,1,6.0,1,1.2938856435312154,0.8061079627580064,0,-0.8045539032412619,0.6760648835229881,0.29422425311317907,-0.07705602440045026,-0.4150245642125435,-0.739314912564415,-0.03166577645114908,-0.14885736002333724,-6.0,0,0,0,0,0,0,1,0,0,0,0,0
0,3,9.0,0,-0.43242425957456854,-0.6617829563253504,0,0.7025061891173089,0.272993316578837,0.29422425311317907,-0.07705602440045026,-0.4609257601604615,-0.6292026486533502,-0.479971074541952,-0.1611063287205042,-6.0,0,0,0,0,0,0,0,1,0,0,0,0
0,1,0.0,0,1.2938856435312154,0.8061079627580064,0,1.129506548618904,-0.38657833842068295,0.29422425311317907,-0.07705602440045026,-0.7277264616077348,-1.1797639682086738,-1.4662427303417185,-1.1379615823195637,-6.0,0,0,0,0,0,0,0,0,1,0,0,0
0,3,3.0,0,-0.43242425957456854,0.8061079627580064,0,0.7025061891173089,-0.056792510920922974,0.29422425311317907,-0.07705602440045026,-0.48674518288116536,-0.6292026486533502,-0.30064895530563085,-0.48306904662685013,-6.0,0,0,0,0,0,0,0,0,1,0,0,0
0,1,3.0,0,-0.43242425957456854,0.8061079627580064,0,-1.8594959678922613,0.45620766518981476,0.29422425311317907,-0.07705602440045026,-0.2400262546611062,-0.739314912564415,1.1339279985849384,-0.0204862237962826,-6.0,0,0,0,1,0,0,0,0,0,0,0,0
0,1,2.0,0,1.2938856435312154,0.8061079627580064,0,-1.2817895991548094,0.4928505349120103,0.29422425311317907,-0.07705602440045026,-0.5957605232574705,-0.8494271764754796,-0.8386153130145944,-0.6965763309906188,-6.0,1,0,0,0,0,0,0,0,0,0,0,0
0,1,5.0,0,1.2938856435312154,0.8061079627580064,0,0.6271531844993804,0.602779144078597,0.29422425311317907,-0.07705602440045026,-0.1396173885250356,0.03147093481303811,-0.30064895530563085,0.179703212088904,-6.0,0,0,0,0,0,0,0,0,0,1,0,0
0,2,0.0,1,-0.43242425957456854,-0.6617829563253504,0,-0.9552599124771189,0.8226363624117703,0.29422425311317907,-0.07705602440045026,-0.5928916985107257,-0.8494271764754796,-0.3903100149237914,-0.38664712190529454,-6.0,0,1,0,0,0,0,0,0,0,0,0,0
0,2,0.0,0,-0.43242425957456854,-0.6617829563253504,0,0.6522708527053566,0.5661362743564015,0.29422425311317907,-0.07705602440045026,-0.31461569807647294,-0.5190903847422855,-0.7489542533964337,0.516694835467237,-6.0,0,0,0,0,0,0,0,0,0,0,1,0
0,2,6.0,0,-0.43242425957456854,2.2739988818413632,0,2.109095608651975,-2.255364694252656,-2.1244256555430074,-0.07705602440045026,0.40259048860974556,-0.9595394403865444,-0.7489542533964337,7.994469031234511,-6.0,0,0,0,0,0,0,0,1,0,0,0,0
1,2,5.0,0,-0.43242425957456854,3.7418898009247203,0,-0.2770828709157621,-0.24000685953190073,0.29422425311317907,-0.07705602440045026,-0.25723920314157545,0.3618077265462323,0.3269784620214932,-0.10794771847615874,-6.0,1,0,0,0,0,0,0,0,0,0,0,0
0,1,9.0,0,-0.43242425957456854,2.2739988818413632,0,-1.1562012581249284,0.7859934926895747,0.29422425311317907,-0.07705602440045026,-0.1711744607392292,1.24270583783475,-0.03166577645114908,-0.14054555983597392,-6.0,0,0,0,0,0,0,0,0,1,0,0,0
0,1,7.0,0,1.2938856435312154,0.8061079627580064,0,-1.809260631480309,0.1997075771344459,0.29422425311317907,-0.07705602440045026,-0.3461727702906665,-0.739314912564415,-0.12132683606930966,0.45385471510136194,-6.0,0,0,0,0,0,0,0,0,1,0,0,0
0,1,2.0,0,-0.43242425957456854,0.8061079627580064,0,-5.35085184852295,0.8592792321339658,0.29422425311317907,-0.07705602440045026,-0.2400262546611062,0.14158319872410283,-0.12132683606930966,-0.24017172041506407,-6.0,0,0,0,0,0,0,0,0,0,0,1,0
0,2,5.0,0,-0.43242425957456854,0.8061079627580064,0,0.6271531844993804,0.12642183769005477,0.29422425311317907,-0.07705602440045026,-0.6014981727509603,-0.739314912564415,-0.9282763726327549,-0.19479099263771296,-6.0,0,0,0,0,0,0,0,0,0,0,0,0
0,1,0.0,0,-0.43242425957456854,-0.6617829563253504,0,-0.025906188856000312,-0.4232212081428785,0.29422425311317907,-0.07705602440045026,-0.5986293480042154,-0.739314912564415,-0.3903100149237914,-0.6401771044319204,-6.0,0,0,0,0,1,0,0,0,0,0,0,0
0,1,0.0,1,1.2938856435312154,2.2739988818413632,0,-0.5282595529755238,-2.255364694252656,-2.1244256555430074,-0.07705602440045026,-0.7076446883805206,-1.1797639682086738,-1.2869206111053972,-0.49795296789259363,-6.0,0,0,0,0,0,0,0,0,0,0,1,0
0,1,4.0,0,1.2938856435312154,0.8061079627580064,0,-0.5784948893874763,0.8592792321339658,0.29422425311317907,-0.07705602440045026,-0.6904317399000514,-0.9595394403865444,-1.1972595514872366,-0.9246253775105737,-6.0,0,0,0,0,0,0,0,0,0,0,0,0
1,3,0.0,0,-0.43242425957456854,0.8061079627580064,0,-5.124792834669165,0.45620766518981476,0.29422425311317907,-0.07705602440045026,-0.47240105914744096,0.03147093481303811,0.057995283167011503,-0.49795296789259363,-6.0,0,0,0,0,1,0,0,0,0,0,0,0
0,2,0.0,0,-0.43242425957456854,-0.6617829563253504,0,0.7025061891173089,0.01649322852346813,0.29422425311317907,-0.07705602440045026,-0.3490415950374114,-0.18875359300909134,0.23731740240333266,-0.235092286967231,-6.0,0,0,0,0,0,0,0,0,0,0,1,0
0,2,5.0,0,-0.43242425957456854,0.8061079627580064,0,-0.8045539032412619,0.08977896796785924,0.29422425311317907,-0.07705602440045026,-0.027733223401985523,-0.07864132909802661,0.1476563427851721,0.17366101020978253,-6.0,0,0,1,0,0,0,0,0,0,0,0,0
0,2,9.0,1,-0.43242425957456854,0.8061079627580064,0,-0.2770828709157621,0.38292192574542366,0.29422425311317907,-0.07705602440045026,-0.6445305439521334,-0.9595394403865444,-1.0179374322509154,-0.6401771044319204,-6.0,0,0,0,0,0,0,0,0,0,0,0,0
0,1,8.0,1,-0.43242425957456854,-0.6617829563253504,0,0.2503881614097377,0.4928505349120103,0.29422425311317907,-0.07705602440045026,0.7669312314463446,1.0224813100126207,0.23731740240333266,1.0167340862512353,-6.0,0,0,0,0,0,0,0,0,0,1,0,0
0,1,4.0,0,1.2938856435312154,0.8061079627580064,1,-1.6083192858324997,-2.255364694252656,-2.1244256555430074,-0.07705602440045026,-0.7248576368609899,-1.2898762321197386,-1.2869206111053972,-1.1379615823195637,-6.0,0,0,0,0,0,0,0,1,0,0,0,0
0,2,5.0,1,-0.43242425957456854,0.8061079627580064,0,-0.22684753450380976,1.0791364504671392,0.29422425311317907,-0.07705602440045026,0.9935683864391895,2.4539407408564617,0.595961640875975,0.242580559795157,-6.0,1,0,0,0,0,0,0,0,0,0,0,0
0,1,5.0,0,-0.43242425957456854,0.8061079627580064,0,-2.487437673041666,0.4928505349120103,0.29422425311317907,-0.07705602440045026,-0.30027157434274854,0.25169546263516757,-0.21098789568747026,-0.36809614757407794,-6.0,0,0,0,0,0,0,0,1,0,0,0,0
0,2,8.0,1,-0.43242425957456854,-0.6617829563253504,0,0.09968215217388059,0.45620766518981476,0.29422425311317907,-0.07705602440045026,-0.584285224270491,-1.1797639682086738,-0.479971074541952,-0.08194736851506312,-6.0,0,0,0,0,0,0,0,1,0,0,0,0
0,2,3.0,1,-0.43242425957456854,0.8061079627580064,0,-1.1562012581249284,0.38292192574542366,0.29422425311317907,-0.07705602440045026,1.1599602217503924,1.24270583783475,0.41663952163965384,1.5795353122711426,-6.0,0,0,0,0,0,0,0,0,0,0,0,1
0,1,8.0,1,-0.43242425957456854,0.8061079627580064,0,-4.471733461313784,1.0791364504671392,0.29422425311317907,-0.07705602440045026,-0.5154334303486141,-0.29886585692015605,-0.8386153130145944,-0.5143634451855928,-6.0,0,0,0,0,0,0,1,0,0,0,0,0
0,2,5.0,0,-0.43242425957456854,0.8061079627580064,0,0.4010941706455947,0.30963618630103257,0.29422425311317907,-0.07705602440045026,0.3538204679150827,0.03147093481303811,0.23731740240333266,1.262070721781574,-6.0,0,0,0,0,1,0,0,0,0,0,0,0
0,2,5.0,1,-0.43242425957456854,0.8061079627580064,0,0.09968215217388059,0.4195647954676192,0.29422425311317907,-0.07705602440045026,-0.5928916985107257,-0.8494271764754796,-0.9282763726327549,-0.17794866067910858,-6.0,0,0,0,0,0,0,1,0,0,0,0,0
0,2,9.0,0,-0.43242425957456854,-0.6617829563253504,0,-0.20172986629783357,0.6394220138007926,0.29422425311317907,-0.07705602440045026,0.28496867399320575,1.0224813100126207,0.9546058793486173,0.05947388983412233,-6.0,0,0,0,0,0,1,0,0,0,0,0,0
0,1,4.0,0,1.2938856435312154,0.8061079627580064,0,0.6522708527053566,-0.24000685953190073,0.29422425311317907,-0.07705602440045026,-0.4810075333876756,-0.5190903847422855,-1.107598491869076,0.12072202605347754,-6.0,0,0,0,0,0,0,0,0,0,1,0,0
0,2,0.0,0,-0.43242425957456854,-0.6617829563253504,0,-0.6287302257994286,0.3462790560232281,0.29422425311317907,-0.07705602440045026,-0.5498593273095526,-1.1797639682086738,-0.479971074541952,0.302057800141119,-6.0,0,0,0,0,0,0,0,0,0,0,0,1
0,1,3.0,1,-0.43242425957456854,0.8061079627580064,0,-1.2817895991548094,-2.255364694252656,-2.1244256555430074,-0.07705602440045026,-0.7248576368609899,-1.1797639682086738,-1.4662427303417185,-0.9246253775105737,-6.0,0,0,0,0,0,0,0,0,1,0,0,0
0,1,2.0,0,-0.43242425957456854,3.7418898009247203,1,0.6271531844993804,0.053136098245663684,0.29422425311317907,-0.07705602440045026,-0.6646123171793475,-0.8494271764754796,-1.107598491869076,-0.3234051639579653,-6.0,0,0,0,0,0,0,0,0,0,1,0,0
0,3,5.0,1,1.2938856435312154,0.8061079627580064,1,-1.658554622244452,-2.255364694252656,-2.1244256555430074,-0.07705602440045026,-0.7363329358479693,-1.3999884960308033,-1.6455648495780395,-1.7779701967465338,-6.0,0,0,0,0,0,1,0,0,0,0,0,0
0,2,4.0,0,-0.43242425957456854,0.8061079627580064,0,-0.402671211945643,0.4928505349120103,0.29422425311317907,-0.07705602440045026,-0.4982204818681448,0.25169546263516757,-0.03166577645114908,-0.6231720446283052,-6.0,0,0,0,0,0,0,0,1,0,0,0,0
0,2,4.0,0,-0.43242425957456854,0.8061079627580064,0,-3.1656147146030227,0.8959221018561614,0.29422425311317907,-0.07705602440045026,-0.31174687332972806,-0.29886585692015605,0.057995283167011503,0.07930970394349698,-6.0,0,0,0,0,0,0,0,0,1,0,0,0
0,1,4.0,0,-0.43242425957456854,0.8061079627580064,0,-4.019615433606213,0.8226363624117703,0.29422425311317907,-0.07705602440045026,-0.5125646056018692,-0.739314912564415,-0.03166577645114908,-0.16762594109157683,-6.0,0,0,0,0,1,0,0,0,0,0,0,0
0,2,8.0,1,-0.43242425957456854,-0.6617829563253504,0,-2.361849332011785,0.9325649715783569,0.29422425311317907,-0.07705602440045026,-0.41789338895928835,-0.8494271764754796,-0.30064895530563085,0.5900616766332557,-6.0,0,0,0,0,0,0,0,0,1,0,0,0
0,1,0.0,0,-0.43242425957456854,-0.6617829563253504,1,-4.396380456695856,0.30963618630103257,0.29422425311317907,-0.07705602440045026,-0.0965850173238625,0.9123690461015559,1.0442669389667778,-0.5369100139881484,-6.0,0,0,1,0,0,0,0,0,0,0,0,0
0,0,3.0,0,-0.43242425957456854,0.8061079627580064,0,-3.215850051014975,-2.255364694252656,-2.1244256555430074,-0.07705602440045026,-0.7363329358479693,-1.3999884960308033,-1.6455648495780395,-1.7779701967465338,-6.0,0,0,0,0,0,0,0,0,1,0,0,0
0,1,0.0,1,1.2938856435312154,0.8061079627580064,0,0.09968215217388059,-0.24000685953190073,0.29422425311317907,-0.07705602440045026,-0.6904317399000514,-0.9595394403865444,-1.1972595514872366,-0.84704857576185,-6.0,0,0,0,0,0,0,0,0,0,1,0,0
0,2,3.0,0,-0.43242425957456854,-0.6617829563253504,0,-4.220556779254022,-0.056792510920922974,0.29422425311317907,-0.07705602440045026,-0.22568213092738182,-1.1797639682086738,-0.3903100149237914,3.4002813199807704,-6.0,0,0,0,0,0,0,1,0,0,0,0,0
0,1,0.0,0,-0.43242425957456854,0.07216250321632804,0,0.3508588342336424,0.4195647954676192,0.29422425311317907,-0.07705602440045026,-0.33469747130368704,-0.18875359300909134,-0.3903100149237914,-0.20601921394344933,-6.0,0,0,0,0,0,0,0,0,0,0,1,0
0,2,4.0,0,-0.43242425957456854,0.8061079627580064,0,0.3508588342336424,0.6394220138007926,0.29422425311317907,-0.07705602440045026,-0.20846918244691257,-0.29886585692015605,0.6856227004941355,0.21798887197486452,-6.0,0,0,0,1,0,0,0,0,0,0,0,0
0,1,4.0,0,1.2938856435312154,0.8061079627580064,0,-1.4324956083906664,-0.09343538064311853,0.29422425311317907,-0.07705602440045026,-0.7334641111012244,-1.2898762321197386,-1.5559037899598789,-1.1379615823195637,-6.0,0,0,0,0,0,0,0,0,0,1,0,0
0,1,3.0,1,-0.43242425957456854,-0.6617829563253504,0,0.7025061891173089,0.4928505349120103,0.29422425311317907,-0.07705602440045026,-0.5527281520562974,-0.8494271764754796,-0.3903100149237914,-0.45666208954246656,-6.0,0,0,0,1,0,0,0,0,0,0,0,0
0,2,8.0,1,-0.43242425957456854,0.8061079627580064,0,-0.9301422442711428,0.8592792321339658,0.29422425311317907,-0.07705602440045026,-0.678956440913072,-0.6292026486533502,-1.1972595514872366,-0.8636721761365765,-6.0,0,0,0,0,0,0,1,0,0,0,0,0
0,1,8.0,0,-0.43242425957456854,0.8061079627580064,0,-1.6334369540384759,0.1997075771344459,0.29422425311317907,-0.07705602440045026,-0.2945339248492588,-0.07864132909802661,0.057995283167011503,0.19325633568853412,-6.0,0,0,0,0,0,0,0,1,0,0,0,0
1,2,0.0,0,-0.43242425957456854,2.2739988818413632,0,0.6271531844993804,0.602779144078597,0.29422425311317907,-0.07705602440045026,-0.6473993686988783,-0.8494271764754796,-0.7489542533964337,-0.5379535062942793,-6.0,0,0,0,0,0,0,0,0,0,0,1,0
0,2,6.0,0,-0.43242425957456854,3.7418898009247203,0,-0.9301422442711428,0.12642183769005477,0.29422425311317907,-0.07705602440045026,-0.5211710798421039,-0.40897812083122076,-0.5696321341601126,-0.00016849000495028783,-6.0,0,0,0,0,0,0,0,0,0,0,0,1
0,2,4.0,0,-0.43242425957456854,-0.6617829563253504,0,-0.05102385706197649,0.01649322852346813,0.29422425311317907,-0.07705602440045026,0.8329142006214767,0.5820322543683617,1.3132501178212597,0.6198702970312241,-6.0,0,0,0,0,0,0,0,0,0,0,0,0
0,3,6.0,0,-0.43242425957456854,-0.6617829563253504,0,0.2503881614097377,0.272993316578837,2.7128741617693652,2.506535856800064,-0.6904317399000514,-1.2898762321197386,-1.4662427303417185,-0.31509336377060226,-6.0,0,0,0,0,0,0,0,0,0,0,0,1
0,2,2.0,1,1.2938856435312154,0.8061079627580064,0,0.9788005393830469,-2.255364694252656,-2.1244256555430074,-0.07705602440045026,-0.6846940904065616,-1.2898762321197386,-0.7489542533964337,-0.8179572751060787,-6.0,0,0,0,0,0,0,0,1,0,0,0,0
0,1,8.0,0,1.2938856435312154,2.2739988818413632,0,-0.10125919347392885,0.7859934926895747,0.29422425311317907,-0.07705602440045026,0.009561498305697837,1.0224813100126207,1.0442669389667778,-0.45731750030992874,-6.0,1,0,0,0,0,0,0,0,0,0,0,0
1,3,8.0,0,-0.43242425957456854,-0.4171344698114576,0,0.12479982037985676,0.6394220138007926,0.29422425311317907,-0.07705602440045026,-0.48961400762791024,-0.6292026486533502,0.6856227004941355,-0.5814323523830679,-6.0,0,0,0,1,0,0,0,0,0,0,0,0
0,2,2.0,0,-0.43242425957456854,2.2739988818413632,0,-0.7794362350352857,0.7493506229673792,0.29422425311317907,-0.07705602440045026,-0.21420683194040233,0.6921445182794265,0.23731740240333266,-0.30351997110465345,-6.0,0,0,0,0,0,0,0,0,0,0,0,1
0,1,4.0,0,-0.43242425957456854,0.8061079627580064,1,-3.592615074104618,0.4928505349120103,0.29422425311317907,-0.07705602440045026,0.7009482622712124,0.9123690461015559,0.057995283167011503,0.6511534080103754,-6.0,0,0,0,0,1,0,0,0,0,0,0,0
0,1,0.0,0,1.2938856435312154,0.8061079627580064,0,0.5266825116754756,-2.255364694252656,-2.1244256555430074,-0.07705602440045026,-0.7191199873675002,-1.2898762321197386,-1.4662427303417185,0.14205564653437647,-6.0,0,0,0,0,1,0,0,0,0,0,0,0
0,1,2.0,1,-0.43242425957456854,-0.29481022655451117,0,0.6773885209113327,-2.255364694252656,-2.1244256555430074,-0.07705602440045026,-0.584285224270491,-0.9595394403865444,-0.6592931937782731,-0.23613126199065126,-6.0,0,0,0,0,0,0,0,0,0,1,0,0
0,2,4.0,0,-0.43242425957456854,2.2739988818413632,0,-1.93484897251019,0.6394220138007926,0.29422425311317907,-0.07705602440045026,-0.678956440913072,-0.9595394403865444,-1.4662427303417185,0.050625844473380775,-6.0,1,0,0,0,0,0,0,0,0,0,0,0
0,2,3.0,1,-0.43242425957456854,1.540053422299685,0,0.5266825116754756,0.12642183769005477,0.29422425311317907,-0.07705602440045026,0.712423561258192,-0.07864132909802661,0.41663952163965384,1.2711274474574277,-6.0,1,0,0,0,0,0,0,0,0,0,0,0
0,1,4.0,0,-0.43242425957456854,0.8061079627580064,0,0.4010941706455947,0.6760648835229881,0.29422425311317907,-0.07705602440045026,-0.5412528530693179,-0.40897812083122076,-0.9282763726327549,-0.2772603422281213,-6.0,1,0,0,0,0,0,0,0,0,0,0,0
1,2,4.0,1,-0.43242425957456854,0.8061079627580064,0,-1.5078486130085949,-0.4232212081428785,0.29422425311317907,-0.07705602440045026,-0.699038214140286,-1.069651704297609,-1.107598491869076,-0.8535133092409104,-6.0,0,0,1,0,0,0,0,0,0,0,0,0
0,1,3.0,0,-0.43242425957456854,0.8061079627580064,0,0.6773885209113327,0.7859934926895747,0.29422425311317907,-0.07705602440045026,-0.380598667251605,-0.29886585692015605,0.1476563427851721,-0.476969078894988,-6.0,0,0,0,0,0,0,0,1,0,0,0,0
1,1,8.0,1,-0.43242425957456854,0.8061079627580064,0,0.8280945301471898,0.12642183769005477,0.29422425311317907,-0.07705602440045026,-0.721988812114245,-1.069651704297609,-1.3765816707235579,-0.9779594287128213,-6.0,0,0,0,0,0,0,0,0,0,0,0,0
0,3,0.0,0,-0.43242425957456854,-0.6617829563253504,0,-1.3320249355667617,0.4928505349120103,0.29422425311317907,-0.07705602440045026,1.005043685426169,0.03147093481303811,1.4029111774394203,1.1650997195956696,-6.0,0,0,0,0,0,1,0,0,0,0,0,0
0,2,4.0,0,-0.43242425957456854,0.8061079627580064,0,-0.20172986629783357,0.602779144078597,0.29422425311317907,-0.07705602440045026,-0.6961693893935411,-1.1797639682086738,-1.107598491869076,-0.782401240971247,-6.0,0,0,0,0,0,1,0,0,0,0,0,0
0,2,6.0,0,-0.43242425957456854,0.8061079627580064,0,-3.215850051014975,0.4928505349120103,0.29422425311317907,-0.07705602440045026,-0.6273175954716642,-0.739314912564415,-0.8386153130145944,-0.5619538293352907,-6.0,1,0,0,0,0,0,0,0,0,0,0,0
0,2,9.0,0,-0.43242425957456854,0.8061079627580064,0,-3.4167913966627848,0.6760648835229881,0.29422425311317907,-0.07705602440045026,-0.2056003577001677,0.25169546263516757,0.9546058793486173,-0.13350361801056887,-6.0,0,0,0,0,0,0,0,0,0,0,1,0
1,2,4.0,0,-0.43242425957456854,-0.6617829563253504,0,0.8280945301471898,0.6394220138007926,0.29422425311317907,-0.07705602440045026,0.07841329222757482,0.25169546263516757,-0.3903100149237914,0.5523175788593573,-6.0,0,1,0,0,0,0,0,0,0,0,0,0
0,3,6.0,1,-0.43242425957456854,-0.6617829563253504,0,0.7025061891173089,0.7493506229673792,0.29422425311317907,-0.07705602440045026,-0.403549265225564,-0.40897812083122076,-0.479971074541952,0.2842797830737032,-6.0,0,0,0,0,1,0,0,0,0,0,0,0
0,1,7.0,1,1.2938856435312154,0.8061079627580064,0,-0.7543185668293095,-0.056792510920922974,0.29422425311317907,-0.07705602440045026,2.2988836462081075,2.343828476945397,0.057995283167011503,1.843041108407126,-6.0,0,0,0,0,0,1,0,0,0,0,0,0
0,2,7.0,0,1.2938856435312154,0.8061079627580064,0,-1.3320249355667617,0.6394220138007926,0.29422425311317907,-0.07705602440045026,1.1743043454841167,1.4629303656568795,0.41663952163965384,0.7146949331269288,-6.0,0,0,0,0,0,1,0,0,0,0,0,0
0,1,2.0,1,-0.43242425957456854,-0.6617829563253504,1,-0.2770828709157621,0.01649322852346813,0.29422425311317907,-0.07705602440045026,1.3378273560485745,1.9033794213011384,1.1339279985849384,0.5949848198211554,-6.0,0,0,0,0,0,0,0,0,0,1,0,0
0,2,5.0,1,-0.43242425957456854,-0.6617829563253504,0,-2.1106726499520234,0.437886230328717,2.7128741617693652,8.319617589501222,-0.01052027492151628,-0.29886585692015605,0.5063005812578144,0.7131402563307497,-6.0,0,0,0,0,0,0,0,0,1,0,0,0
0,1,6.0,0,-0.43242425957456854,1.540053422299685,1,-0.9301422442711428,0.8592792321339658,0.29422425311317907,-0.07705602440045026,-0.06215912036292401,0.471919990457297,0.6856227004941355,0.05620083240392918,-6.0,0,0,0,0,0,0,0,1,0,0,0,0
0,2,8.0,1,1.2938856435312154,2.2739988818413632,0,-0.9301422442711428,0.4928505349120103,0.29422425311317907,-0.07705602440045026,-0.6502681934456231,-0.8494271764754796,-0.5696321341601126,-0.8179572751060787,-6.0,1,0,0,0,0,0,0,0,0,0,0,0
0,1,4.0,0,1.2938856435312154,2.2739988818413632,0,-1.256671930948833,0.7859934926895747,0.29422425311317907,-0.07705602440045026,0.40259048860974556,0.8022567821904911,0.057995283167011503,0.37527912467301805,-6.0,0,0,0,0,1,0,0,0,0,0,0,0
1,3,8.0,0,-0.43242425957456854,-0.6617829563253504,0,0.2503881614097377,0.7493506229673792,0.29422425311317907,-0.07705602440045026,-0.4236310384527781,-0.40897812083122076,0.41663952163965384,-0.5955814006017925,-6.0,0,0,0,0,0,0,0,0,0,1,0,0
0,1,3.0,1,1.2938856435312154,0.8061079627580064,0,-1.0808482535069999,0.08977896796785924,0.29422425311317907,-0.07705602440045026,-0.47526988389418584,-0.5190903847422855,-0.9282763726327549,-0.1601706436116928,-6.0,1,0,0,0,0,0,0,0,0,0,0,0
0,1,6.0,0,-0.43242425957456854,0.8061079627580064,0,-3.065144041779118,0.5294934046342059,0.29422425311317907,-0.07705602440045026,0.7296365097386612,1.3528181017458147,0.23731740240333266,0.6810102692097196,-6.0,0,0,0,0,0,0,0,0,0,0,0,0
0,2,0.0,0,-0.43242425957456854,0.07216250321632804,0,0.5266825116754756,0.5294934046342059,0.29422425311317907,-0.07705602440045026,-0.5957605232574705,-0.739314912564415,-0.30064895530563085,-0.47128594229147,-6.0,0,0,0,0,0,0,0,0,0,0,1,0
0,1,6.0,0,-0.43242425957456854,-0.6617829563253504,0,-0.3775535437396668,0.5294934046342059,0.29422425311317907,-0.07705602440045026,-0.6244487707249193,-0.8494271764754796,-0.9282763726327549,-0.21794919908079421,-6.0,0,0,0,0,0,0,0,0,0,1,0,0
0,1,3.0,0,1.2938856435312154,0.8061079627580064,1,-0.7040832304173572,-0.5331498173094652,0.29422425311317907,-0.07705602440045026,-0.41789338895928835,0.14158319872410283,-0.21098789568747026,-0.1634030103512228,-6.0,0,0,0,0,0,1,0,0,0,0,0,0
0,1,3.0,0,-0.43242425957456854,-0.6617829563253504,0,0.2503881614097377,0.23635044685664144,0.29422425311317907,-0.07705602440045026,-0.6330552449651539,-0.6292026486533502,-0.8386153130145944,-0.7762175828608415,-6.0,0,0,0,0,0,0,0,0,0,0,0,1
0,1,5.0,0,-0.43242425957456854,-0.6617829563253504,0,-2.4372023366297135,-0.45986407786507405,0.29422425311317907,-0.07705602440045026,-0.38920514149183966,-0.40897812083122076,0.1476563427851721,-0.3699512450071995,-6.0,0,0,1,0,0,0,0,0,0,0,0,0
0,1,6.0,0,-0.43242425957456854,-0.6617829563253504,0,-1.7841429632743329,0.3462790560232281,0.29422425311317907,-0.07705602440045026,-0.5412528530693179,0.03147093481303811,-0.479971074541952,-0.45916456701823183,-6.0,0,0,0,0,0,0,0,1,0,0,0,0
0,2,8.0,1,-0.43242425957456854,-0.6617829563253504,0,-1.256671930948833,0.8592792321339658,0.29422425311317907,-0.07705602440045026,2.737813832460073,1.4629303656568795,0.9546058793486173,1.8437607942397314,-6.0,0,0,0,0,1,0,0,0,0,0,0,0
0,1,5.0,1,-0.43242425957456854,-0.6617829563253504,0,-1.1562012581249284,0.5294934046342059,0.29422425311317907,-0.07705602440045026,-0.6158422964846847,-0.8494271764754796,-0.8386153130145944,-0.19677244345637235,-6.0,0,1,0,0,0,0,0,0,0,0,0,0
0,1,5.0,0,-0.43242425957456854,0.8061079627580064,0,0.09968215217388059,1.0424935807449436,0.29422425311317907,-0.07705602440045026,-0.5957605232574705,-0.8494271764754796,-1.107598491869076,0.4620599537478615,-6.0,0,0,0,0,0,0,0,1,0,0,0,0
0,1,4.0,0,-0.43242425957456854,-0.6617829563253504,0,-0.6287302257994286,-2.255364694252656,-2.1244256555430074,-0.07705602440045026,-0.6646123171793475,-1.1797639682086738,-0.8386153130145944,-0.17794866067910858,-6.0,1,0,0,0,0,0,0,0,0,0,0,0
0,1,2.0,0,-0.43242425957456854,-0.6617829563253504,0,-0.6036125575934524,0.272993316578837,0.29422425311317907,-0.07705602440045026,-0.2400262546611062,-0.5190903847422855,0.5063005812578144,0.06738797485122994,-6.0,0,0,0,0,0,0,0,0,1,0,0,0
0,2,5.0,0,-0.43242425957456854,-0.6617829563253504,0,-2.688379018689475,0.602779144078597,0.29422425311317907,-0.07705602440045026,-0.28879627535576907,-0.18875359300909134,-0.03166577645114908,-0.3912848654880987,-6.0,0,0,0,0,0,0,1,0,0,0,0,0
0,1,3.0,0,-0.43242425957456854,0.8061079627580064,0,-2.1106726499520234,-0.001828206337629648,2.7128741617693652,3.152433827100193,-0.6014981727509603,-0.6292026486533502,-0.7489542533964337,-0.5246199934937175,-6.0,0,0,0,0,0,0,0,0,1,0,0,0
0,2,8.0,0,-0.43242425957456854,0.8061079627580064,0,-2.9646733689552134,0.01649322852346813,0.29422425311317907,-0.07705602440045026,-0.5957605232574705,-0.6292026486533502,-0.03166577645114908,-0.6965763309906188,-6.0,0,0,0,0,0,0,0,0,0,0,0,0
0,2,4.0,1,1.2938856435312154,0.8061079627580064,0,-0.6036125575934524,0.01649322852346813,0.29422425311317907,-0.07705602440045026,1.8140522640082237,1.9033794213011384,1.5822332966757413,0.6850932587754421,-6.0,0,1,0,0,0,0,0,0,0,0,0,0
0,2,3.0,0,-0.43242425957456854,0.8061079627580064,0,-1.4827309448026187,-2.255364694252656,-2.1244256555430074,-0.07705602440045026,-0.7363329358479693,-1.3999884960308033,-1.6455648495780395,-1.7779701967465338,-6.0,0,0,0,0,0,1,0,0,0,0,0,0
0,3,4.0,0,1.2938856435312154,0.8061079627580064,0,-0.17661219809185738,0.602779144078597,0.29422425311317907,-0.07705602440045026,-0.6560058429391129,-1.069651704297609,-0.3903100149237914,-0.7238383612197596,-6.0,0,0,0,0,0,1,0,0,0,0,0,0
0,2,5.0,0,-0.43242425957456854,0.8061079627580064,0,-2.8139673597193564,0.7493506229673792,0.29422425311317907,-0.07705602440045026,-0.5269087293355936,-0.18875359300909134,-0.479971074541952,-0.3179505450850083,-6.0,0,0,0,0,0,0,0,0,0,0,1,0
0,1,5.0,0,-0.43242425957456854,-0.6617829563253504,0,-2.487437673041666,0.8592792321339658,0.29422425311317907,-0.07705602440045026,-0.10519149156409711,-0.29886585692015605,0.1476563427851721,0.29264590875248714,-6.0,0,0,0,0,0,0,0,0,0,0,0,0
0,2,0.0,0,-0.43242425957456854,-0.6617829563253504,0,-2.4623200048356897,-2.255364694252656,-2.1244256555430074,-0.07705602440045026,-0.7363329358479693,-1.3999884960308033,-1.6455648495780395,-1.7779701967465338,-6.0,0,0,0,0,0,0,0,0,0,0,0,1
0,2,5.0,0,-0.43242425957456854,0.8061079627580064,0,-0.402671211945643,0.08977896796785924,0.29422425311317907,-0.07705602440045026,-0.6244487707249193,-0.6292026486533502,-0.03166577645114908,-0.9459589979914726,-6.0,0,1,0,0,0,0,0,0,0,0,0,0
0,1,3.0,0,1.2938856435312154,0.8061079627580064,0,-1.6083192858324997,-0.056792510920922974,0.29422425311317907,-0.07705602440045026,-0.5355152035758282,-0.8494271764754796,-0.3903100149237914,-0.5990069596442206,-6.0,0,0,0,0,0,0,0,0,0,1,0,0
0,1,6.0,0,-0.43242425957456854,-0.6617829563253504,0,0.6271531844993804,-2.255364694252656,-2.1244256555430074,-0.07705602440045026,-0.7363329358479693,-1.3999884960308033,-1.6455648495780395,-1.7779701967465338,-6.0,0,1,0,0,0,0,0,0,0,0,0,0
0,3,6.0,1,-0.43242425957456854,-0.29481022655451117,1,-0.17661219809185738,0.1997075771344459,0.29422425311317907,-0.07705602440045026,8.882836439987592,2.6741652686785913,2.2995217736210263,3.752825896484474,-6.0,0,0,0,0,0,1,0,0,0,0,0,0
0,2,0.0,0,1.2938856435312154,0.8061079627580064,0,-1.0557305853010237,-2.255364694252656,0.29422425311317907,-0.07705602440045026,-0.7105135131272655,-1.069651704297609,-1.1972595514872366,-1.0579605055161925,-6.0,0,0,0,0,0,0,0,0,0,0,1,0
1,2,9.0,0,-0.43242425957456854,0.8061079627580064,0,-0.7794362350352857,1.0424935807449436,0.29422425311317907,-0.07705602440045026,-0.6014981727509603,-0.18875359300909134,-0.9282763726327549,-0.5246199934937175,-6.0,0,0,0,0,0,0,0,0,0,0,1,0
0,1,3.0,1,-0.43242425957456854,0.07216250321632804,0,-0.9803775806830951,0.4928505349120103,0.29422425311317907,-0.07705602440045026,-0.45231928592022685,-0.739314912564415,-0.5696321341601126,-0.11057933284469075,-6.0,1,0,0,0,0,0,0,0,0,0,0,0
0,3,8.0,0,-0.43242425957456854,0.8061079627580064,0,0.853212198353166,0.8592792321339658,0.29422425311317907,-0.07705602440045026,0.038249745773146576,0.6921445182794265,0.3269784620214932,-0.04994693779371445,-6.0,0,0,0,0,0,0,0,0,0,0,0,1
0,2,4.0,1,-0.43242425957456854,0.8061079627580064,0,-2.663261350483499,0.38292192574542366,0.29422425311317907,-0.07705602440045026,-0.5441216778160628,-0.29886585692015605,0.1476563427851721,-0.5868430532296728,-6.0,0,0,0,0,0,0,0,0,0,0,0,0
0,1,0.0,0,-0.43242425957456854,-0.6617829563253504,0,-2.0102019771281183,0.08977896796785924,0.29422425311317907,-0.07705602440045026,-0.33469747130368704,0.471919990457297,-1.107598491869076,0.25842084915746183,-6.0,0,0,0,0,0,0,0,0,0,0,0,1
0,2,4.0,0,1.2938856435312154,0.8061079627580064,0,-1.658554622244452,-2.255364694252656,-2.1244256555430074,-0.07705602440045026,-0.7363329358479693,-1.3999884960308033,-1.6455648495780395,-1.7779701967465338,-6.0,0,0,0,0,0,0,1,0,0,0,0,0
0,1,2.0,1,-0.43242425957456854,2.2739988818413632,1,-1.8594959678922613,-2.255364694252656,-2.1244256555430074,-0.07705602440045026,-0.7363329358479693,-1.3999884960308033,-1.6455648495780395,-1.7779701967465338,-6.0,0,0,1,0,0,0,0,0,0,0,0,0
0,3,5.0,0,-0.43242425957456854,-0.6617829563253504,0,-0.17661219809185738,0.6760648835229881,0.29422425311317907,-0.07705602440045026,-0.45518811066697173,0.14158319872410283,-0.7489542533964337,-0.4144735834021192,-6.0,0,0,0,0,0,1,0,0,0,0,0,0
0,0,3.0,0,-0.43242425957456854,-0.6617829563253504,0,-0.6287302257994286,-0.1300782503653141,0.29422425311317907,-0.07705602440045026,-0.6273175954716642,-1.069651704297609,-0.6592931937782731,-0.42684089962293026,-6.0,0,0,0,0,0,0,0,0,0,0,0,0
0,1,2.0,0,1.2938856435312154,2.2739988818413632,0,1.2299772214428086,0.7493506229673792,9.968823887737924,17.048377815084947,-0.7363329358479693,-1.3999884960308033,-1.6455648495780395,-1.7779701967465338,-6.0,0,0,0,0,1,0,0,0,0,0,0,0
0,1,0.0,1,-0.43242425957456854,-0.6617829563253504,0,-0.05102385706197649,0.23635044685664144,0.29422425311317907,-0.07705602440045026,-0.6330552449651539,-1.069651704297609,-0.8386153130145944,-0.5653222957270116,-6.0,0,0,0,0,0,0,0,0,0,0,0,1
0,2,9.0,1,-0.43242425957456854,-0.6617829563253504,0,-1.0808482535069999,0.12642183769005477,0.29422425311317907,-0.07705602440045026,0.28496867399320575,0.9123690461015559,-0.21098789568747026,0.2933304099443876,-6.0,0,0,0,0,0,0,0,1,0,0,0,0
0,2,2.0,0,-0.43242425957456854,-0.6617829563253504,0,-2.2864963273938566,0.7127077532451837,0.29422425311317907,-0.07705602440045026,-0.5613346262965321,-0.9595394403865444,-0.30064895530563085,-0.27641152443710393,-6.0,0,0,0,0,0,0,0,0,1,0,0,0
1,3,7.0,1,-0.43242425957456854,2.2739988818413632,0,0.09968215217388059,0.8959221018561614,0.29422425311317907,-0.07705602440045026,-0.085109718336883,0.8022567821904911,0.23731740240333266,-0.14558867455639676,-6.0,0,0,0,0,0,0,0,0,1,0,0,0
0,1,2.0,0,-0.43242425957456854,0.8061079627580064,0,0.7025061891173089,0.7127077532451837,0.29422425311317907,-0.07705602440045026,0.34521399367484806,1.1325935739236852,0.8649448197304568,0.06388665545932655,-6.0,0,0,0,1,0,0,0,0,0,0,0,0
0,3,4.0,0,-0.43242425957456854,-0.6617829563253504,0,-2.4623200048356897,-2.255364694252656,-2.1244256555430074,-0.07705602440045026,-0.584285224270491,-1.2898762321197386,-0.12132683606930966,0.007316990865540519,-6.0,0,0,0,0,1,0,0,0,0,0,0,0
0,1,8.0,0,1.2938856435312154,0.8061079627580064,0,0.6773885209113327,0.7615649128747776,5.131524070425551,13.965346175575132,-0.721988812114245,-1.2898762321197386,-1.3765816707235579,-0.9779594287128213,-6.0,0,0,0,0,0,0,0,0,0,0,0,1
0,1,4.0,0,-0.43242425957456854,0.8061079627580064,0,-1.0808482535069999,0.4928505349120103,0.29422425311317907,-0.07705602440045026,-0.5613346262965321,-0.8494271764754796,0.1476563427851721,-0.5949239700784983,-6.0,0,0,0,0,0,0,0,0,0,1,0,0
0,1,6.0,1,-0.43242425957456854,-0.6617829563253504,0,-2.336731663805809,0.6760648835229881,0.29422425311317907,-0.07705602440045026,1.2087302424450552,1.4629303656568795,1.0442669389667778,0.9511231402439427,-6.0,0,0,0,0,0,0,0,0,0,0,0,0
0,2,8.0,0,-0.43242425957456854,0.8061079627580064,0,-0.4277888801516192,-2.255364694252656,-2.1244256555430074,-0.07705602440045026,-0.7363329358479693,-1.3999884960308033,-1.6455648495780395,-1.7779701967465338,-6.0,1,0,0,0,0,0,0,0,0,0,0,0
0,1,2.0,1,-0.43242425957456854,-0.6617829563253504,0,-0.7292008986233334,-0.056792510920922974,0.29422425311317907,-0.07705602440045026,-0.5412528530693179,-0.8494271764754796,-0.8386153130145944,0.9420664145680891,-6.0,0,0,0,0,0,0,0,0,0,1,0,0
0,1,3.0,1,-0.43242425957456854,-0.6617829563253504,0,0.8783298665591421,-0.09343538064311853,0.29422425311317907,-0.07705602440045026,-0.13674856377829073,0.471919990457297,-0.30064895530563085,0.21847458557043253,-6.0,0,0,0,0,0,0,1,0,0,0,0,0
0,3,6.0,1,1.2938856435312154,0.8061079627580064,0,0.5266825116754756,0.6760648835229881,0.29422425311317907,-0.07705602440045026,-0.5154334303486141,-0.739314912564415,-0.12132683606930966,-0.32853892289721925,-6.0,0,0,0,0,0,0,1,0,0,0,0,0
0,2,4.0,1,1.2938856435312154,0.8061079627580064,0,1.7825659219742847,0.3371183385926792,7.5501739790817375,7.651260065629472,-0.6732187914195822,-0.9595394403865444,-1.2869206111053972,-0.49795296789259363,-6.0,0,0,0,0,0,0,0,0,0,1,0,0
1,1,6.0,1,-0.43242425957456854,-0.6617829563253504,0,-0.22684753450380976,0.5661362743564015,0.29422425311317907,-0.07705602440045026,-0.019126749161750903,0.6921445182794265,5.885964158347449,-0.5471843997715913,-6.0,0,0,0,0,0,0,1,0,0,0,0,0
0,3,2.0,0,-0.43242425957456854,0.07216250321632804,0,0.7025061891173089,0.6760648835229881,0.29422425311317907,-0.07705602440045026,-0.5154334303486141,-0.739314912564415,-0.7489542533964337,-0.01794650707236606,-6.0,0,0,1,0,0,0,0,0,0,0,0,0
0,1,7.0,1,-0.43242425957456854,-0.6617829563253504,0,-2.0353196453340945,0.4928505349120103,0.29422425311317907,-0.07705602440045026,-0.5211710798421039,-0.40897812083122076,-0.479971074541952,-0.12277550426299044,-6.0,0,0,0,0,0,0,1,0,0,0,0,0
0,1,0.0,0,-0.43242425957456854,0.8061079627580064,0,-2.4372023366297135,0.08977896796785924,0.29422425311317907,-0.07705602440045026,-0.4781387086409307,-0.40897812083122076,0.057995283167011503,-0.8336951918542829,-6.0,0,0,0,0,1,0,0,0,0,0,0,0
0,1,4.0,0,-0.43242425957456854,-0.6617829563253504,0,-0.5784948893874763,-2.255364694252656,-2.1244256555430074,-0.07705602440045026,-0.7363329358479693,-1.3999884960308033,-1.6455648495780395,-1.7779701967465338,-6.0,0,0,0,0,0,0,0,0,0,0,1,0
0,1,0.0,0,-0.43242425957456854,-0.6617829563253504,0,-0.6287302257994286,0.5294934046342059,0.29422425311317907,-0.07705602440045026,-0.3088780485829832,-0.18875359300909134,-0.03166577645114908,-0.18861547091955805,-6.0,0,0,0,0,1,0,0,0,0,0,0,0
0,3,5.0,0,-0.43242425957456854,-0.6617829563253504,0,0.7025061891173089,0.3462790560232281,0.29422425311317907,-0.07705602440045026,-0.2715833268752998,-0.18875359300909134,0.3269784620214932,-0.1322337596486106,-6.0,0,0,0,0,0,1,0,0,0,0,0,0
0,2,0.0,1,-0.43242425957456854,-0.6617829563253504,0,-1.9599666407161662,-2.255364694252656,-2.1244256555430074,-0.07705602440045026,-0.7248576368609899,-1.2898762321197386,-1.4662427303417185,-0.49795296789259363,-6.0,0,0,0,0,0,0,0,0,0,1,0,0
0,1,7.0,0,-0.43242425957456854,-0.6617829563253504,0,-2.336731663805809,0.3462790560232281,0.29422425311317907,-0.07705602440045026,-0.45518811066697173,-0.739314912564415,0.6856227004941355,-0.5235533124696725,-6.0,1,0,0,0,0,0,0,0,0,0,0,0
0,2,5.0,0,-0.43242425957456854,0.8061079627580064,1,-2.336731663805809,-0.1300782503653141,0.29422425311317907,-0.07705602440045026,-0.39781161573207424,-0.5190903847422855,0.5063005812578144,-0.45304008266964824,-6.0,0,0,0,0,0,0,0,0,0,0,0,0
0,2,0.0,0,-0.43242425957456854,-0.6617829563253504,0,-1.809260631480309,0.4195647954676192,0.29422425311317907,-0.07705602440045026,0.04111857051989145,-0.18875359300909134,1.1339279985849384,-0.1720226549899701,-6.0,0,0,0,0,0,0,0,0,0,0,0,1
0,2,3.0,0,-0.43242425957456854,-0.6617829563253504,0,0.6773885209113327,-2.255364694252656,-2.1244256555430074,-0.07705602440045026,-0.6760876161663271,-0.9595394403865444,-1.1972595514872366,-0.6579551214993362,-6.0,0,0,0,0,0,0,0,0,0,0,0,0
0,1,2.0,0,-0.43242425957456854,-0.6617829563253504,0,-2.2613786591878804,0.6760648835229881,0.29422425311317907,-0.07705602440045026,-0.5928916985107257,-0.8494271764754796,-0.5696321341601126,-0.3234051639579653,-6.0,1,0,0,0,0,0,0,0,0,0,0,0
0,2,5.0,1,-0.43242425957456854,-0.6617829563253504,0,-1.0808482535069999,0.7859934926895747,0.29422425311317907,-0.07705602440045026,0.05259386950687094,1.0224813100126207,0.3269784620214932,0.11452839430095842,-6.0,0,0,0,0,0,0,0,0,1,0,0,0
0,2,0.0,0,-0.43242425957456854,-0.6617829563253504,0,-1.9599666407161662,0.3462790560232281,0.29422425311317907,-0.07705602440045026,0.5575070249339688,2.013491685212203,1.3132501178212597,0.026054085169488192,-6.0,0,0,0,0,0,0,0,0,0,0,0,1
0,2,9.0,0,-0.43242425957456854,-0.6617829563253504,0,0.5518001798814518,0.6760648835229881,0.29422425311317907,-0.07705602440045026,-0.7334641111012244,-1.2898762321197386,-1.5559037899598789,-1.1379615823195637,-6.0,0,0,0,0,0,0,0,0,0,1,0,0
0,2,9.0,0,-0.43242425957456854,-0.6617829563253504,0,-1.4324956083906664,1.0424935807449436,0.29422425311317907,-0.07705602440045026,1.2115990671918,0.3618077265462323,0.3269784620214932,1.7550854877730817,-6.0,0,0,0,0,0,0,0,1,0,0,0,0
0,2,2.0,1,-0.43242425957456854,-0.29481022655451117,0,-1.8343782996862852,0.6760648835229881,0.29422425311317907,-0.07705602440045026,3.0906792763096926,2.5640530047675267,0.7752837601122962,1.983137695965264,-6.0,0,0,0,0,0,1,0,0,0,0,0,0
0,3,5.0,1,-0.43242425957456854,-0.6617829563253504,0,0.6773885209113327,-0.2033639898097052,0.29422425311317907,-0.07705602440045026,-0.7363329358479693,-1.3999884960308033,-1.6455648495780395,-1.7779701967465338,-6.0,0,0,0,0,1,0,0,0,0,0,0,0
0,1,2.0,1,-0.43242425957456854,-0.6617829563253504,0,-0.7794362350352857,-0.09343538064311853,0.29422425311317907,-0.07705602440045026,-0.699038214140286,-0.8494271764754796,-1.107598491869076,-1.0215963796964782,-6.0,0,0,0,0,0,1,0,0,0,0,0,0
0,2,2.0,0,-0.43242425957456854,-0.6617829563253504,0,-2.2613786591878804,0.4195647954676192,0.29422425311317907,-0.07705602440045026,-0.5584658015497872,-0.9595394403865444,-0.12132683606930966,-0.30832078584015804,-6.0,0,0,0,0,0,0,0,0,0,0,0,1
0,1,5.0,0,-0.43242425957456854,-0.6617829563253504,0,-2.186025654569952,-0.8629356448092251,0.29422425311317907,-0.07705602440045026,-0.6933005646467962,-0.8494271764754796,-1.2869206111053972,-0.8179572751060787,-6.0,0,0,0,0,0,0,0,0,0,0,0,1
1,2,4.0,0,1.2938856435312154,0.8061079627580064,0,-0.07614152526795268,0.01649322852346813,0.29422425311317907,-0.07705602440045026,-0.7363329358479693,-1.3999884960308033,-1.6455648495780395,-1.7779701967465338,-6.0,0,1,0,0,0,0,0,0,0,0,0,0
0,1,8.0,0,-0.43242425957456854,-0.6617829563253504,0,-2.0353196453340945,0.602779144078597,0.29422425311317907,-0.07705602440045026,-0.2601080278883203,0.25169546263516757,-0.3903100149237914,-0.06439874521625916,-6.0,0,0,0,0,0,0,0,0,1,0,0,0
0,2,0.0,0,1.2938856435312154,0.8061079627580064,1,0.7025061891173089,0.602779144078597,5.131524070425551,17.915579411170203,-0.7334641111012244,-1.2898762321197386,-1.5559037899598789,-1.1379615823195637,-6.0,0,1,0,0,0,0,0,0,0,0,0,0
0,2,3.0,0,-0.43242425957456854,-0.6617829563253504,0,-0.25196520270978595,0.4928505349120103,0.29422425311317907,-0.07705602440045026,-0.4695322344006961,-0.5190903847422855,-0.3903100149237914,-0.12461460947686098,-6.0,0,0,0,0,0,0,0,0,1,0,0,0
0,1,2.0,0,-0.43242425957456854,-0.6617829563253504,0,-2.186025654569952,1.1157793201893347,0.29422425311317907,-0.07705602440045026,-0.45518811066697173,-0.8494271764754796,-0.479971074541952,0.835398312163594,-6.0,0,0,0,0,0,0,0,0,0,0,1,0
1,2,6.0,1,-0.43242425957456854,-0.6617829563253504,0,-1.4073779401846902,0.3462790560232281,0.29422425311317907,-0.07705602440045026,-0.29740274959600366,0.03147093481303811,-0.21098789568747026,-0.1459482299577602,-6.0,0,0,0,0,0,0,0,0,0,1,0,0
0,1,4.0,0,-0.43242425957456854,-0.6617829563253504,0,-1.809260631480309,0.45620766518981476,0.29422425311317907,-0.07705602440045026,0.3538204679150827,0.03147093481303811,2.0305385947665444,0.010289167093529578,-6.0,0,0,0,0,0,0,0,0,0,1,0,0
0,1,9.0,1,-0.43242425957456854,-0.6617829563253504,0,-1.4827309448026187,-2.255364694252656,-2.1244256555430074,-0.07705602440045026,-0.7248576368609899,-1.2898762321197386,-1.3765816707235579,-0.9246253775105737,-6.0,0,0,0,0,0,0,0,0,0,0,0,0
0,1,0.0,0,-0.43242425957456854,-0.29481022655451117,1,0.2503881614097377,0.4928505349120103,0.29422425311317907,-0.07705602440045026,1.7021680988851735,1.9033794213011384,1.3132501178212597,0.6947903589940325,-6.0,0,0,0,0,0,0,0,0,0,1,0,0
0,2,9.0,0,-0.43242425957456854,0.8061079627580064,0,0.12479982037985676,-0.1300782503653141,0.29422425311317907,-0.07705602440045026,-0.5010893066148897,-1.1797639682086738,-0.12132683606930966,0.6075164570267182,-6.0,0,1,0,0,0,0,0,0,0,0,0,0
0,1,2.0,0,-0.43242425957456854,-0.6617829563253504,0,-2.1609079863639757,0.01649322852346813,0.29422425311317907,-0.07705602440045026,-0.7305952863544797,-1.2898762321197386,-1.5559037899598789,-0.49795296789259363,-6.0,0,0,0,0,1,0,0,0,0,0,0,0
0,3,7.0,1,-0.43242425957456854,0.8061079627580064,0,0.12479982037985676,0.8959221018561614,0.29422425311317907,-0.07705602440045026,-0.6502681934456231,-1.1797639682086738,-0.5696321341601126,-0.49795296789259363,-6.0,0,0,0,0,0,0,0,0,0,1,0,0
0,2,4.0,0,-0.43242425957456854,-0.6617829563253504,0,0.8783298665591421,0.1997075771344459,0.29422425311317907,-0.07705602440045026,-0.3490415950374114,-0.18875359300909134,0.41663952163965384,-0.406523165831598,-6.0,0,0,0,0,0,1,0,0,0,0,0,0
0,1,0.0,1,-0.43242425957456854,0.8061079627580064,0,-2.1357903181579996,-0.09343538064311853,0.29422425311317907,-0.07705602440045026,-0.5010893066148897,-0.40897812083122076,-0.479971074541952,-0.46595253717124524,-6.0,0,0,0,0,0,0,0,0,0,0,0,1
0,2,7.0,0,-0.43242425957456854,-0.6617829563253504,0,-1.256671930948833,-0.1300782503653141,0.29422425311317907,-0.07705602440045026,-0.3920739662385845,-0.5190903847422855,0.41663952163965384,-0.2720675745654277,-6.0,0,0,0,0,0,0,0,0,0,0,0,0
0,1,4.0,0,-0.43242425957456854,-0.6617829563253504,0,-1.9097313043042137,0.6760648835229881,0.29422425311317907,-0.07705602440045026,-0.31461569807647294,0.14158319872410283,0.057995283167011503,-0.48918572659907344,-6.0,0,0,0,0,1,0,0,0,0,0,0,0
0,0,2.0,0,-0.43242425957456854,-0.6617829563253504,0,-1.4827309448026187,-2.255364694252656,-2.1244256555430074,-0.07705602440045026,-0.7363329358479693,-1.3999884960308033,-1.6455648495780395,-1.7779701967465338,-6.0,0,0,0,0,0,0,0,0,0,0,0,0
0,3,3.0,0,-0.43242425957456854,-0.6617829563253504,0,0.6271531844993804,0.12642183769005477,0.29422425311317907,-0.07705602440045026,-0.5785475747770014,-0.8494271764754796,-0.5696321341601126,-0.31128378868472745,-6.0,0,0,0,0,0,0,0,0,0,0,0,0
0,1,5.0,0,-0.43242425957456854,-0.6617829563253504,0,-1.3320249355667617,0.5661362743564015,0.29422425311317907,-0.07705602440045026,0.8271765511279869,2.4539407408564617,0.595961640875975,0.2738221259752234,-6.0,0,0,0,0,0,0,0,0,0,0,0,1
0,1,8.0,0,-0.43242425957456854,-0.6617829563253504,0,-0.9803775806830951,0.08977896796785924,0.29422425311317907,-0.07705602440045026,-0.7105135131272655,-1.1797639682086738,-1.1972595514872366,-0.8179572751060787,-6.0,0,0,0,0,0,0,0,0,0,1,0,0
0,1,9.0,1,-0.43242425957456854,-0.6617829563253504,0,0.2503881614097377,0.8592792321339658,0.29422425311317907,-0.07705602440045026,-0.47240105914744096,-0.739314912564415,0.057995283167011503,-0.43977036658105095,-6.0,1,0,0,0,0,0,0,0,0,0,0,0
0,2,4.0,1,-0.43242425957456854,-0.6617829563253504,0,0.12479982037985676,0.30963618630103257,0.29422425311317907,-0.07705602440045026,-0.22281330618063694,-0.29886585692015605,-0.30064895530563085,0.5600204559560711,-6.0,0,0,0,0,0,0,0,0,0,1,0,0
0,3,3.0,0,-0.43242425957456854,-0.6617829563253504,0,-1.6836722904504282,0.12642183769005477,0.29422425311317907,-0.07705602440045026,-0.6215799459781745,-1.069651704297609,-0.7489542533964337,-0.4305836400581758,-6.0,0,0,0,0,0,0,0,0,0,0,0,0
0,2,7.0,0,-0.43242425957456854,-0.6617829563253504,0,0.2252704932037615,0.30963618630103257,0.29422425311317907,-0.07705602440045026,-0.34330394554392163,0.14158319872410283,0.23731740240333266,-0.4290289632619968,-6.0,1,0,0,0,0,0,0,0,0,0,0,0
0,1,4.0,0,-0.43242425957456854,0.07216250321632804,0,-2.1106726499520234,0.8592792321339658,0.29422425311317907,-0.07705602440045026,-0.5957605232574705,-0.739314912564415,-0.7489542533964337,-0.5235533124696725,-6.0,1,0,0,0,0,0,0,0,0,0,0,0
0,2,4.0,0,-0.43242425957456854,-0.6617829563253504,0,-2.1106726499520234,0.1997075771344459,0.29422425311317907,-0.07705602440045026,-0.5469905025628077,-0.40897812083122076,-0.21098789568747026,-0.6663762874786384,-6.0,0,0,0,0,0,0,0,0,0,0,0,0
0,1,6.0,1,-0.43242425957456854,-0.6617829563253504,0,-2.0353196453340945,-2.255364694252656,-2.1244256555430074,-0.07705602440045026,-0.5412528530693179,-0.40897812083122076,-0.479971074541952,-0.7888659744503074,-6.0,0,0,0,1,0,0,0,0,0,0,0,0
0,3,3.0,0,-0.43242425957456854,0.8061079627580064,0,-1.6836722904504282,0.6760648835229881,0.29422425311317907,-0.07705602440045026,-0.20846918244691257,0.25169546263516757,0.057995283167011503,0.033746496400581624,-6.0,0,0,0,0,0,0,0,0,0,0,0,0
1,2,3.0,0,-0.43242425957456854,-0.6617829563253504,1,0.12479982037985676,0.7127077532451837,0.29422425311317907,-0.07705602440045026,-0.3490415950374114,-0.40897812083122076,-0.3903100149237914,0.23135917412883727,-6.0,0,0,0,0,0,0,1,0,0,0,0,0
1,3,0.0,1,-0.43242425957456854,-0.6617829563253504,0,0.5518001798814518,0.9325649715783569,0.29422425311317907,-0.07705602440045026,0.06120034374710557,0.14158319872410283,1.3132501178212597,-0.1750657389925005,-6.0,0,0,1,0,0,0,0,0,0,0,0,0
0,2,9.0,0,-0.43242425957456854,-0.6617829563253504,0,-2.0855549817460473,0.4928505349120103,0.29422425311317907,-0.07705602440045026,-0.3920739662385845,-0.5190903847422855,-0.21098789568747026,-0.032492157400251874,-6.0,0,0,0,0,0,0,0,0,0,1,0,0
0,1,6.0,1,-0.43242425957456854,-0.6617829563253504,0,-0.5533772211815001,0.9692078413005525,2.7128741617693652,1.214739916199807,2.2529824502601894,0.6921445182794265,-0.30064895530563085,2.7586895055181113,-6.0,0,0,0,0,0,0,0,0,0,1,0,0
0,2,4.0,0,-0.43242425957456854,-0.6617829563253504,0,0.12479982037985676,0.6760648835229881,0.29422425311317907,-0.07705602440045026,-0.4838763581344205,-0.5190903847422855,-0.03166577645114908,-0.21350469481394013,-6.0,0,0,0,0,0,0,0,1,0,0,0,0
1,2,4.0,0,-0.43242425957456854,-0.6617829563253504,0,0.12479982037985676,1.0424935807449436,0.29422425311317907,-0.07705602440045026,-0.678956440913072,-1.1797639682086738,-0.7489542533964337,-0.7112891727015836,-6.0,0,0,0,0,0,0,0,1,0,0,0,0
0,2,3.0,0,-0.43242425957456854,-0.6617829563253504,0,0.12479982037985676,0.4928505349120103,0.29422425311317907,-0.07705602440045026,-0.48961400762791024,-0.739314912564415,-0.21098789568747026,-0.15912487790184482,-6.0,0,0,0,0,0,0,0,1,0,0,0,0
1,2,6.0,0,-0.43242425957456854,-0.6617829563253504,0,0.12479982037985676,0.7859934926895747,0.29422425311317907,-0.07705602440045026,-0.32035334756996264,0.03147093481303811,0.3269784620214932,-0.48906395935888575,-6.0,0,0,0,0,0,0,0,1,0,0,0,0
0,1,6.0,0,-0.43242425957456854,-0.6617829563253504,0,0.12479982037985676,1.0424935807449436,0.29422425311317907,-0.07705602440045026,7.299245179784423,1.9033794213011384,0.595961640875975,4.886208721506043,-6.0,0,0,0,0,0,0,0,1,0,0,0,0
0,2,4.0,0,-0.43242425957456854,-0.6617829563253504,0,0.12479982037985676,0.6760648835229881,0.29422425311317907,-0.07705602440045026,-0.5240399045888487,-0.6292026486533502,-0.21098789568747026,-0.1992822811600075,-6.0,0,0,0,0,0,0,0,1,0,0,0,0
1,2,7.0,1,-0.43242425957456854,-0.6617829563253504,0,0.12479982037985676,0.45620766518981476,0.29422425311317907,-0.07705602440045026,-0.5412528530693179,-0.739314912564415,-1.107598491869076,0.39805909230516445,-6.0,0,0,0,0,0,0,0,1,0,0,0,0
1,2,7.0,1,-0.43242425957456854,-0.6617829563253504,0,0.12479982037985676,0.12642183769005477,0.29422425311317907,-0.07705602440045026,-0.6215799459781745,-1.069651704297609,-1.0179374322509154,0.050625844473380775,-6.0,0,0,0,0,0,0,0,1,0,0,0,0
0,0,0.0,0,-0.43242425957456854,-0.6617829563253504,0,-2.0353196453340945,-0.24000685953190073,0.29422425311317907,-0.07705602440045026,-0.22568213092738182,0.471919990457297,0.595961640875975,-0.3886832044538426,-6.0,0,0,0,0,0,0,0,0,0,0,0,1
0,1,0.0,0,-0.43242425957456854,-0.6617829563253504,0,-2.0353196453340945,0.12642183769005477,0.29422425311317907,-0.07705602440045026,1.2890573353539116,2.013491685212203,1.1339279985849384,0.3634804278290155,-6.0,0,0,0,0,0,0,0,0,0,0,0,1
0,2,3.0,0,-0.43242425957456854,-0.6617829563253504,0,-1.3320249355667617,0.7859934926895747,0.29422425311317907,-0.07705602440045026,0.18742863260388,0.8022567821904911,0.6856227004941355,0.062054569731005205,-6.0,0,0,0,0,0,1,0,0,0,0,0,0
0,1,2.0,0,-0.43242425957456854,-0.6617829563253504,1,-1.9599666407161662,0.6394220138007926,0.29422425311317907,-0.07705602440045026,-0.2859274506090242,0.03147093481303811,-0.3903100149237914,-0.015139451745931901,-6.0,0,0,0,0,0,0,0,0,0,0,1,0
0,2,5.0,0,-0.43242425957456854,-0.6617829563253504,0,-0.3022005391217383,0.30963618630103257,0.29422425311317907,-0.07705602440045026,-0.42936868794626787,-0.5190903847422855,0.3269784620214932,-0.22158561166276575,-6.0,0,0,0,0,0,0,0,0,0,1,0,0
0,1,5.0,0,-0.43242425957456854,-0.6617829563253504,0,0.853212198353166,0.272993316578837,0.29422425311317907,-0.07705602440045026,-0.6674811419260924,-0.9595394403865444,-0.5696321341601126,-0.9246253775105737,-6.0,0,0,0,0,0,0,0,0,0,0,0,1
0,2,0.0,0,-0.43242425957456854,-0.6617829563253504,0,-1.9850843089221424,-0.1300782503653141,0.29422425311317907,-0.07705602440045026,-0.5900228737639808,-0.8494271764754796,-0.479971074541952,-0.22366356170960658,-6.0,0,0,0,0,1,0,0,0,0,0,0,0
0,1,4.0,0,-0.43242425957456854,-0.6617829563253504,1,-2.0102019771281183,-0.4965069475872696,0.29422425311317907,-0.07705602440045026,-0.7105135131272655,-1.1797639682086738,-1.3765816707235579,-0.6259546907779876,-6.0,0,0,0,0,1,0,0,0,0,0,0,0
0,2,3.0,0,-0.43242425957456854,0.8061079627580064,0,-1.4073779401846902,0.272993316578837,0.29422425311317907,-0.07705602440045026,-0.021995573908495776,0.03147093481303811,0.5063005812578144,0.16547059584268028,-6.0,0,0,0,0,0,0,1,0,0,0,0,0
0,2,8.0,0,-0.43242425957456854,-0.6617829563253504,0,-0.4277888801516192,0.4195647954676192,0.29422425311317907,-0.07705602440045026,-0.6904317399000514,-0.9595394403865444,-1.1972595514872366,-0.6401771044319204,-6.0,0,0,0,0,0,0,0,0,1,0,0,0
0,2,3.0,0,-0.43242425957456854,-0.6617829563253504,0,0.6522708527053566,0.3462790560232281,0.29422425311317907,-0.07705602440045026,-0.16543681124573947,-0.6292026486533502,0.057995283167011503,0.537697335452867,-6.0,0,0,0,0,0,0,1,0,0,0,0,0
0,1,0.0,0,-0.43242425957456854,0.8061079627580064,0,-0.10125919347392885,-0.5697926870316607,0.29422425311317907,-0.07705602440045026,-0.5928916985107257,-0.9595394403865444,-0.479971074541952,-0.25414016239660503,-6.0,0,0,0,0,0,0,0,0,0,1,0,0
0,1,4.0,0,-0.43242425957456854,0.8061079627580064,0,-1.9599666407161662,0.5661362743564015,0.29422425311317907,-0.07705602440045026,-0.20273153295342283,0.6921445182794265,-0.30064895530563085,0.20605650797707353,-6.0,0,0,0,0,0,0,0,0,0,0,1,0
0,2,8.0,0,-0.43242425957456854,-0.6617829563253504,0,0.6271531844993804,0.6394220138007926,0.29422425311317907,-0.07705602440045026,-0.5756787500302565,-0.739314912564415,-0.5696321341601126,-0.5832874498161896,-6.0,0,0,0,0,1,0,0,0,0,0,0,0
0,2,8.0,1,-0.43242425957456854,-0.6617829563253504,0,-0.8799069078591905,0.38292192574542366,0.29422425311317907,-0.07705602440045026,-0.039208522388965016,-0.18875359300909134,0.3269784620214932,0.7715723164625439,-6.0,0,0,0,0,0,0,0,0,1,0,0,0
0,2,2.0,0,-0.43242425957456854,-0.6617829563253504,1,-1.7841429632743329,0.4195647954676192,0.29422425311317907,-0.07705602440045026,0.015299147799187585,0.471919990457297,0.1476563427851721,0.2669353761786634,-6.0,0,0,0,0,0,0,0,0,0,0,1,0
0,1,4.0,0,-0.43242425957456854,0.8061079627580064,0,-0.8045539032412619,0.12642183769005477,0.29422425311317907,-0.07705602440045026,-0.49248283237465507,-0.40897812083122076,-0.21098789568747026,-0.38307962684159913,-6.0,0,0,0,0,0,0,0,1,0,0,0,0
0,2,0.0,0,-0.43242425957456854,-0.6617829563253504,0,-1.4324956083906664,0.12642183769005477,0.29422425311317907,-0.07705602440045026,2.973057461693153,2.1236039491232677,0.41663952163965384,1.743438903058029,-6.0,0,0,0,0,0,1,0,0,0,0,0,0
0,1,0.0,0,-0.43242425957456854,-0.6617829563253504,0,-1.2817895991548094,0.3462790560232281,0.29422425311317907,-0.07705602440045026,-0.6445305439521334,-0.5190903847422855,-1.2869206111053972,-0.31509336377060226,-6.0,0,0,0,0,0,0,0,0,0,0,1,0
0,1,3.0,0,-0.43242425957456854,-0.6617829563253504,0,0.2252704932037615,0.4195647954676192,0.29422425311317907,-0.07705602440045026,1.1972549434580757,1.4629303656568795,0.41663952163965384,0.3896971707096361,-6.0,0,0,1,0,0,0,0,0,0,0,0,0
0,2,8.0,0,-0.43242425957456854,-0.6617829563253504,0,-1.0808482535069999,0.4928505349120103,0.29422425311317907,-0.07705602440045026,6.409909508293512,2.7842775325896563,0.3269784620214932,4.260898964380673,-6.0,0,0,0,0,0,0,0,0,0,0,0,0
1,1,4.0,0,-0.43242425957456854,-0.6617829563253504,0,-1.4324956083906664,0.9325649715783569,0.29422425311317907,-0.07705602440045026,9.361930172693986,2.4539407408564617,1.223589058203099,5.351239685477944,-6.0,0,0,0,0,0,1,0,0,0,0,0,0
0,3,6.0,1,-0.43242425957456854,-0.6617829563253504,0,-0.7543185668293095,0.30963618630103257,0.29422425311317907,-0.07705602440045026,-0.6588746676858578,-1.069651704297609,-0.3903100149237914,-0.8179572751060787,-6.0,0,0,0,0,0,1,0,0,0,0,0,0
0,1,7.0,1,-0.43242425957456854,-0.6617829563253504,0,-0.6287302257994286,0.8959221018561614,0.29422425311317907,-0.07705602440045026,0.09849506545478892,0.03147093481303811,0.1476563427851721,0.4659154273287469,-6.0,0,0,0,0,0,1,0,0,0,0,0,0
0,1,2.0,0,-0.43242425957456854,-0.6617829563253504,0,-0.45290654835759536,0.272993316578837,0.29422425311317907,-0.07705602440045026,-0.43223751269301275,-0.739314912564415,-0.30064895530563085,-0.12331377895973304,-6.0,0,0,0,0,0,0,0,0,0,1,0,0
0,1,6.0,0,-0.43242425957456854,-0.6617829563253504,0,-0.4277888801516192,0.053136098245663684,0.29422425311317907,-0.07705602440045026,-0.46666340965395126,-0.739314912564415,-0.3903100149237914,0.04508464434847199,-6.0,0,0,0,0,0,0,0,0,0,1,0,0
0,1,5.0,0,-0.43242425957456854,-0.6617829563253504,0,-1.0808482535069999,-0.24000685953190073,0.29422425311317907,-0.07705602440045026,-0.3232221723167075,0.471919990457297,0.1476563427851721,-0.5325480281318893,-6.0,0,0,1,0,0,0,0,0,0,0,0,0
0,1,4.0,1,-0.43242425957456854,-0.6617829563253504,0,-1.8343782996862852,0.6394220138007926,0.29422425311317907,-0.07705602440045026,5.417296145919785,2.1236039491232677,2.120199654384705,4.405896821027569,-6.0,0,0,0,1,0,0,0,0,0,0,0,0
0,2,4.0,0,-0.43242425957456854,-0.6617829563253504,1,0.576917848087428,0.6760648835229881,0.29422425311317907,-0.07705602440045026,-0.7105135131272655,-1.1797639682086738,-1.4662427303417185,0.14205564653437647,-6.0,0,0,1,0,0,0,0,0,0,0,0,0
0,1,7.0,0,-0.43242425957456854,-0.6617829563253504,0,-1.7841429632743329,-2.255364694252656,-2.1244256555430074,-0.07705602440045026,-0.5010893066148897,-0.6292026486533502,-0.03166577645114908,-0.6370852753767177,-6.0,0,0,0,0,0,0,0,1,0,0,0,0
0,1,4.0,0,-0.43242425957456854,-0.6617829563253504,0,-0.025906188856000312,-0.16672112008750964,0.29422425311317907,-0.07705602440045026,-0.45231928592022685,-0.29886585692015605,-0.21098789568747026,-0.19394887603978278,-6.0,0,0,0,0,0,0,0,0,0,1,0,0
0,2,0.0,0,-0.43242425957456854,-0.6617829563253504,0,-0.6287302257994286,0.12642183769005477,0.29422425311317907,-0.07705602440045026,-0.6101046469911949,-0.9595394403865444,0.057995283167011503,-0.6948786954085845,-6.0,0,0,0,1,0,0,0,0,0,0,0,0
0,2,7.0,0,-0.43242425957456854,0.8061079627580064,0,-1.809260631480309,0.12642183769005477,0.29422425311317907,-0.07705602440045026,-0.7047758636337758,-0.9595394403865444,-1.3765816707235579,-0.7722423740755808,-6.0,0,0,0,0,0,0,0,0,1,0,0,0
0,2,3.0,0,-0.43242425957456854,-0.6617829563253504,0,-0.5784948893874763,0.4928505349120103,0.29422425311317907,-0.07705602440045026,-0.5469905025628077,-0.8494271764754796,-0.03166577645114908,-0.5710968095413903,-6.0,0,0,0,0,0,0,0,0,0,1,0,0
0,1,7.0,0,-0.43242425957456854,-0.6617829563253504,0,-0.8799069078591905,-0.5697926870316607,0.29422425311317907,-0.07705602440045026,-0.7363329358479693,-1.3999884960308033,-1.6455648495780395,-1.7779701967465338,-6.0,0,0,1,0,0,0,0,0,0,0,0,0
0,2,0.0,1,-0.43242425957456854,-0.6617829563253504,0,-1.5832016176265233,-0.6064355567538563,0.29422425311317907,-0.07705602440045026,-0.6588746676858578,-0.739314912564415,-0.3903100149237914,-1.086760893165406,-6.0,0,0,0,0,1,0,0,0,0,0,0,0
0,1,7.0,0,-0.43242425957456854,-0.29481022655451117,0,0.2503881614097377,-0.16672112008750964,0.29422425311317907,-0.07705602440045026,-0.6933005646467962,-1.1797639682086738,-1.4662427303417185,0.6220621073546041,-6.0,0,0,0,0,0,0,0,0,0,1,0,0
0,2,4.0,1,-0.43242425957456854,-0.6617829563253504,0,-0.7794362350352857,0.38292192574542366,0.29422425311317907,-0.07705602440045026,-0.4236310384527781,-0.40897812083122076,0.1476563427851721,-0.32461730148528917,-6.0,0,0,0,0,0,0,0,0,0,0,0,1
0,1,3.0,1,-0.43242425957456854,-0.6617829563253504,0,-0.17661219809185738,0.16306470741225035,0.29422425311317907,-0.07705602440045026,-0.5785475747770014,-1.1797639682086738,-1.2869206111053972,2.1331935580849497,-6.0,0,0,0,0,0,0,0,0,0,0,0,1
0,1,6.0,0,-0.43242425957456854,-0.6617829563253504,0,-0.9050245760651666,-0.16672112008750964,0.29422425311317907,-0.07705602440045026,-0.7305952863544797,-1.1797639682086738,-1.5559037899598789,-1.1379615823195637,-6.0,0,0,0,0,0,0,0,0,0,0,0,0
0,3,0.0,0,-0.43242425957456854,-0.6617829563253504,0,-0.9803775806830951,-2.255364694252656,-2.1244256555430074,-0.07705602440045026,-0.11379796580433174,-0.18875359300909134,2.5685049524755077,-0.49202696220345515,-6.0,0,0,0,0,0,0,0,0,0,0,0,1
0,2,7.0,0,-0.43242425957456854,-0.6617829563253504,0,-1.0808482535069999,0.30963618630103257,0.29422425311317907,-0.07705602440045026,-0.4982204818681448,0.3618077265462323,0.1476563427851721,-0.693873972309013,-6.0,0,0,0,0,0,0,0,0,0,0,0,0
0,2,2.0,0,-0.43242425957456854,-0.6617829563253504,0,-1.7590252950683567,0.5661362743564015,0.29422425311317907,-0.07705602440045026,-0.12814208953805611,-0.29886585692015605,0.1476563427851721,0.6024127200695655,-6.0,0,0,0,0,0,0,1,0,0,0,0,0
0,1,5.0,1,-0.43242425957456854,-0.6617829563253504,1,-1.5832016176265233,-0.1300782503653141,0.29422425311317907,-0.07705602440045026,-0.013389099668261155,1.0224813100126207,-0.30064895530563085,-0.256440283203171,-6.0,0,0,0,0,0,0,0,0,0,1,0,0
0,1,2.0,0,-0.43242425957456854,-0.6617829563253504,0,-1.7590252950683567,0.30963618630103257,0.29422425311317907,-0.07705602440045026,-0.31461569807647294,-0.07864132909802661,0.23731740240333266,-0.4144735834021192,-6.0,0,0,0,0,0,0,1,0,0,0,0,0
0,1,4.0,1,-0.43242425957456854,-0.6617829563253504,0,-0.3022005391217383,0.16306470741225035,0.29422425311317907,-0.07705602440045026,-0.11379796580433174,-0.40897812083122076,-0.21098789568747026,0.3263005506875953,-6.0,0,0,0,0,0,0,0,0,0,1,0,0
0,3,2.0,1,-0.43242425957456854,-0.6617829563253504,0,-1.3320249355667617,0.6394220138007926,0.29422425311317907,-0.07705602440045026,0.43988521031742894,0.8022567821904911,0.8649448197304568,0.15146753792300835,-6.0,0,0,0,0,0,1,0,0,0,0,0,0
0,2,7.0,1,-0.43242425957456854,-0.6617829563253504,0,-0.17661219809185738,0.8592792321339658,0.29422425311317907,-0.07705602440045026,-0.7305952863544797,-1.2898762321197386,-1.4662427303417185,-1.1379615823195637,-6.0,0,0,0,0,0,0,0,0,0,1,0,0
0,2,4.0,0,-0.43242425957456854,-0.6617829563253504,0,-0.8045539032412619,0.30963618630103257,0.29422425311317907,-0.07705602440045026,-0.678956440913072,-0.9595394403865444,-0.8386153130145944,-0.7112891727015836,-6.0,0,0,1,0,0,0,0,0,0,0,0,0
0,1,4.0,0,-0.43242425957456854,0.8061079627580064,0,-1.7087899586564044,-2.255364694252656,-2.1244256555430074,-0.07705602440045026,-0.7363329358479693,-1.3999884960308033,-1.6455648495780395,-1.7779701967465338,-6.0,1,0,0,0,0,0,0,0,0,0,0,0
1,2,3.0,0,-0.43242425957456854,-0.6617829563253504,1,-1.6836722904504282,-2.255364694252656,-2.1244256555430074,-0.07705602440045026,-0.5211710798421039,-1.2898762321197386,-0.5696321341601126,1.6506473805408057,-6.0,0,0,0,0,0,0,0,0,0,0,0,1
0,1,5.0,0,-0.43242425957456854,0.07216250321632804,0,-0.7292008986233334,0.1997075771344459,0.29422425311317907,-0.07705602440045026,-0.6101046469911949,-0.9595394403865444,-0.5696321341601126,-0.5536058908862432,-6.0,0,0,0,0,0,1,0,0,0,0,0,0
0,2,0.0,0,-0.43242425957456854,-0.6617829563253504,0,-1.6836722904504282,0.6394220138007926,0.29422425311317907,-0.07705602440045026,-0.3289598218101973,0.03147093481303811,-0.3903100149237914,-0.12558431949872,-6.0,0,0,0,0,0,0,0,0,0,0,0,1
0,2,4.0,0,-0.43242425957456854,-0.6617829563253504,0,-0.8045539032412619,0.23635044685664144,0.29422425311317907,-0.07705602440045026,-0.6301864202184091,-1.1797639682086738,-1.1972595514872366,0.04359278277638113,-6.0,0,0,0,0,0,0,0,0,0,0,1,0
0,1,0.0,0,-0.43242425957456854,0.8061079627580064,1,-0.8799069078591905,0.12642183769005477,2.7128741617693652,2.506535856800064,-0.47526988389418584,-0.40897812083122076,-0.3903100149237914,-0.2846167630836035,-6.0,0,0,0,0,1,0,0,0,0,0,0,0
0,1,0.0,0,-0.43242425957456854,-0.6617829563253504,0,-0.8045539032412619,-2.255364694252656,-2.1244256555430074,-0.07705602440045026,-0.7162511626207553,-1.1797639682086738,-1.2869206111053972,-0.8819581365487758,-6.0,0,0,1,0,0,0,0,0,0,0,0,0
0,2,3.0,0,-0.43242425957456854,0.07216250321632804,0,-1.5078486130085949,0.30963618630103257,0.29422425311317907,-0.07705602440045026,-0.7277264616077348,-1.2898762321197386,-1.4662427303417185,-1.1379615823195637,-6.0,0,0,0,0,1,0,0,0,0,0,0,0
0,2,4.0,0,-0.43242425957456854,-0.6617829563253504,1,-1.0808482535069999,0.01649322852346813,0.29422425311317907,-0.07705602440045026,0.07267564273408507,1.0224813100126207,1.1339279985849384,-0.28637987221425654,-6.0,0,0,0,0,1,0,0,0,0,0,0,0
0,2,0.0,0,-0.43242425957456854,-0.6617829563253504,0,-1.4576132765966425,0.5294934046342059,0.29422425311317907,-0.07705602440045026,-0.18551858447295358,-0.29886585692015605,1.3132501178212597,0.11251678740697794,-6.0,0,0,0,0,0,0,0,0,1,0,0,0
0,1,4.0,1,-0.43242425957456854,0.8061079627580064,0,0.7025061891173089,0.12642183769005477,0.29422425311317907,-0.07705602440045026,-0.6961693893935411,-1.1797639682086738,-1.107598491869076,-0.6579551214993362,-6.0,0,0,0,0,0,0,0,1,0,0,0,0
0,1,5.0,0,-0.43242425957456854,-0.6617829563253504,0,-0.9050245760651666,-0.056792510920922974,0.29422425311317907,-0.07705602440045026,-0.0965850173238625,0.3618077265462323,0.41663952163965384,-0.07889970844636328,-6.0,0,0,0,0,0,1,0,0,0,0,0,0
0,3,6.0,0,-0.43242425957456854,0.8061079627580064,0,-0.5533772211815001,-0.3499354686984874,0.29422425311317907,-0.07705602440045026,-0.5613346262965321,-0.9595394403865444,-0.03166577645114908,-0.33202480859671263,-6.0,0,0,0,0,0,1,0,0,0,0,0,0
0,1,2.0,1,-0.43242425957456854,-0.6617829563253504,1,0.8280945301471898,0.3462790560232281,0.29422425311317907,-0.07705602440045026,0.45709815879789817,1.24270583783475,2.0305385947665444,-0.28221972707451387,-6.0,0,0,0,0,0,0,0,0,0,1,0,0
0,2,0.0,1,-0.43242425957456854,-0.6617829563253504,0,-1.4576132765966425,0.7859934926895747,0.29422425311317907,-0.07705602440045026,-0.5441216778160628,-0.739314912564415,-1.107598491869076,0.36605866158381606,-6.0,0,0,1,0,0,0,0,0,0,0,0,0
0,2,4.0,0,-0.43242425957456854,-0.6617829563253504,0,-1.658554622244452,0.5661362743564015,0.29422425311317907,-0.07705602440045026,-0.6560058429391129,-0.739314912564415,-1.2869206111053972,-0.49795296789259363,-6.0,0,0,0,0,0,0,0,0,0,0,0,0
0,1,2.0,1,-0.43242425957456854,-0.6617829563253504,0,-0.45290654835759536,-0.056792510920922974,0.29422425311317907,-0.07705602440045026,1.3521714797822988,0.6921445182794265,0.41663952163965384,2.617560664600959,-6.0,0,0,0,0,0,0,0,0,1,0,0,0
0,1,4.0,0,-0.43242425957456854,-0.6617829563253504,0,-1.6334369540384759,0.16306470741225035,0.29422425311317907,-0.07705602440045026,-0.35477924453090115,0.14158319872410283,-0.12132683606930966,-0.544330403720635,-6.0,0,0,1,0,0,0,0,0,0,0,0,0
1,2,5.0,0,-0.43242425957456854,-0.6617829563253504,0,-0.7040832304173572,0.3462790560232281,0.29422425311317907,-0.07705602440045026,-0.14822386276527022,-0.07864132909802661,0.5063005812578144,-0.028613317312815526,-6.0,0,0,0,0,0,1,0,0,0,0,0,0
0,3,4.0,0,-0.43242425957456854,-0.6617829563253504,0,0.17503515679180912,-0.2033639898097052,0.29422425311317907,-0.07705602440045026,-0.7047758636337758,-1.069651704297609,-1.1972595514872366,-0.7722423740755808,-6.0,0,0,0,0,0,0,0,0,0,1,0,0
0,3,2.0,0,-0.43242425957456854,0.8061079627580064,0,0.5266825116754756,-0.24000685953190073,0.29422425311317907,-0.07705602440045026,-0.380598667251605,0.14158319872410283,0.3269784620214932,-0.8657740106667143,-6.0,0,0,1,0,0,0,0,0,0,0,0,0
1,3,7.0,0,-0.43242425957456854,0.8061079627580064,0,-1.0808482535069999,-2.255364694252656,-2.1244256555430074,-0.07705602440045026,-0.7363329358479693,-1.3999884960308033,-1.6455648495780395,-1.7779701967465338,-6.0,0,0,0,0,0,1,0,0,0,0,0,0
0,2,3.0,0,-0.43242425957456854,-0.6617829563253504,0,-1.4073779401846902,0.5661362743564015,0.29422425311317907,-0.07705602440045026,-0.04494617188245477,0.5820322543683617,1.223589058203099,-0.3884019438014906,-6.0,0,0,0,0,0,0,1,0,0,0,0,0
0,1,4.0,0,-0.43242425957456854,-0.6617829563253504,0,-1.3320249355667617,0.9692078413005525,0.29422425311317907,-0.07705602440045026,0.7238988602451715,0.14158319872410283,0.3269784620214932,1.4474197512072067,-6.0,0,0,0,0,0,1,0,0,0,0,0,0
0,1,6.0,1,-0.43242425957456854,-0.6617829563253504,0,-1.5832016176265233,0.8959221018561614,0.29422425311317907,-0.07705602440045026,0.44562285981091865,0.25169546263516757,-0.21098789568747026,1.8341332161837633,-6.0,0,0,0,0,0,0,0,1,0,0,0,0
0,2,8.0,0,-0.43242425957456854,-0.6617829563253504,0,-1.256671930948833,0.8592792321339658,0.29422425311317907,-0.07705602440045026,0.8730777470759049,0.8022567821904911,0.5063005812578144,0.681240986085865,-6.0,1,0,0,0,0,0,0,0,0,0,0,0
0,2,9.0,0,-0.43242425957456854,-0.6617829563253504,0,-1.256671930948833,-0.056792510920922974,0.29422425311317907,-0.07705602440045026,-0.09084736783037275,0.6921445182794265,0.3269784620214932,-0.4321576897739332,-6.0,0,0,0,0,0,0,0,0,0,0,0,0
0,2,9.0,0,-0.43242425957456854,-0.6617829563253504,0,-1.5078486130085949,0.6760648835229881,0.29422425311317907,-0.07705602440045026,1.4210232737041757,2.1236039491232677,0.7752837601122962,0.40969561256747294,-6.0,0,0,0,0,0,0,0,0,0,0,0,0
0,2,4.0,0,-0.43242425957456854,0.8061079627580064,0,-1.5832016176265233,0.602779144078597,0.29422425311317907,-0.07705602440045026,-0.7105135131272655,-1.069651704297609,-1.2869206111053972,-0.8179572751060787,-6.0,0,0,0,0,0,0,0,0,0,0,0,1
0,1,5.0,1,-0.43242425957456854,-0.6617829563253504,0,-1.3571426037727379,-0.789649905364834,0.29422425311317907,-0.07705602440045026,-0.4437128116799922,-0.18875359300909134,0.23731740240333266,-0.7250527988182927,-6.0,0,0,1,0,0,0,0,0,0,0,0,0
0,1,9.0,0,-0.43242425957456854,-0.6617829563253504,0,-1.3320249355667617,0.4928505349120103,0.29422425311317907,-0.07705602440045026,-0.27445215162204467,-0.07864132909802661,0.3269784620214932,-0.19271809024280784,-6.0,1,0,0,0,0,0,0,0,0,0,0,0
0,1,3.0,0,-0.43242425957456854,-0.6617829563253504,0,-0.5784948893874763,-0.789649905364834,0.29422425311317907,-0.07705602440045026,-0.7363329358479693,-1.3999884960308033,-1.6455648495780395,-1.7779701967465338,-6.0,0,1,0,0,0,0,0,0,0,0,0,0
1,1,4.0,1,-0.43242425957456854,-0.6617829563253504,0,-1.5078486130085949,-0.24000685953190073,0.29422425311317907,-0.07705602440045026,-0.6732187914195822,-0.9595394403865444,-1.2869206111053972,-0.49795296789259363,-6.0,0,0,0,0,0,0,0,0,0,0,1,0
0,1,5.0,1,-0.43242425957456854,0.8061079627580064,0,-1.4827309448026187,0.5294934046342059,0.29422425311317907,-0.07705602440045026,0.5689823239209483,1.3528181017458147,0.9546058793486173,0.15053258182479995,-6.0,0,0,0,0,0,0,0,0,0,0,1,0
1,2,5.0,0,-0.43242425957456854,-0.6617829563253504,1,-1.5078486130085949,1.2257079293559214,0.29422425311317907,-0.07705602440045026,-0.2687145021285549,-0.07864132909802661,0.1476563427851721,-0.009810804346599372,-6.0,0,0,0,0,0,0,0,1,0,0,0,0
0,1,0.0,0,-0.43242425957456854,-0.6617829563253504,0,0.6271531844993804,-0.2766497292540963,0.29422425311317907,-0.07705602440045026,-0.721988812114245,-1.1797639682086738,-1.3765816707235579,-0.9779594287128213,-6.0,0,0,0,0,0,0,0,0,0,1,0,0
0,2,6.0,1,-0.43242425957456854,-0.6617829563253504,0,-0.402671211945643,0.8959221018561614,0.29422425311317907,-0.07705602440045026,1.5931527585088683,2.4539407408564617,0.8649448197304568,0.8075372406400319,-6.0,0,0,0,0,0,0,0,0,0,0,0,1
0,1,6.0,1,-0.43242425957456854,-0.6617829563253504,0,-0.22684753450380976,-0.8812570796703229,2.7128741617693652,9.61141353010148,-0.6674811419260924,-0.8494271764754796,-1.2869206111053972,-0.07128055827461366,-6.0,0,0,0,0,0,0,1,0,0,0,0,0
0,2,8.0,0,-0.43242425957456854,-0.6617829563253504,0,0.12479982037985676,0.7127077532451837,0.29422425311317907,-0.07705602440045026,-0.5986293480042154,-0.6292026486533502,-0.21098789568747026,-0.7186455935570661,-6.0,0,0,0,1,0,0,0,0,0,0,0,0
0,1,7.0,0,-0.43242425957456854,-0.6617829563253504,0,-0.7794362350352857,0.30963618630103257,0.29422425311317907,-0.07705602440045026,-0.6502681934456231,-0.6292026486533502,-1.107598491869076,-0.17794866067910858,-6.0,0,0,0,0,0,0,0,0,0,0,0,1
0,2,3.0,0,-0.43242425957456854,-0.6617829563253504,0,0.5518001798814518,0.6760648835229881,0.29422425311317907,-0.07705602440045026,0.15874038513643127,0.6921445182794265,0.23731740240333266,0.3239528316873048,-6.0,0,0,0,0,0,0,1,0,0,0,0,0
0,1,4.0,0,-0.43242425957456854,-0.6617829563253504,0,-1.4576132765966425,0.7859934926895747,0.29422425311317907,-0.07705602440045026,2.9386315647322143,2.6741652686785913,1.1339279985849384,1.1190299272144157,-6.0,0,0,0,0,1,0,0,0,0,0,0,0
0,3,4.0,0,-0.43242425957456854,-0.6617829563253504,0,-1.256671930948833,0.4928505349120103,0.29422425311317907,-0.07705602440045026,-0.42076221370603323,-0.9595394403865444,-0.479971074541952,0.9297585565983397,-6.0,0,0,0,0,0,0,0,0,1,0,0,0
0,1,3.0,0,-0.43242425957456854,0.8061079627580064,0,-1.0808482535069999,-2.255364694252656,-2.1244256555430074,-0.07705602440045026,-0.7277264616077348,-1.2898762321197386,-1.3765816707235579,-1.1379615823195637,-6.0,0,0,0,0,1,0,0,0,0,0,0,0
0,1,6.0,1,-0.43242425957456854,-0.6617829563253504,0,-1.3069072673607856,0.1997075771344459,0.29422425311317907,-0.07705602440045026,0.7325053344854061,1.4629303656568795,-0.03166577645114908,0.7234375176550591,-6.0,0,0,0,0,0,1,0,0,0,0,0,0
1,1,0.0,1,-0.43242425957456854,-0.6617829563253504,0,-0.7543185668293095,0.30963618630103257,0.29422425311317907,-0.07705602440045026,12.655340981957101,2.894389796500721,2.8374881313299896,6.125628248081764,-6.0,0,0,0,0,0,1,0,0,0,0,0,0
0,2,7.0,1,-0.43242425957456854,-0.6617829563253504,1,-1.4324956083906664,-0.6797212961982474,0.29422425311317907,-0.07705602440045026,0.3165257462073993,0.25169546263516757,1.223589058203099,0.10109509521105034,-6.0,0,0,0,0,0,0,0,0,1,0,0,0
1,1,2.0,1,-0.43242425957456854,-0.6617829563253504,1,-0.7543185668293095,-0.2033639898097052,0.29422425311317907,-0.07705602440045026,-0.5154334303486141,-0.8494271764754796,-0.7489542533964337,0.27539077453999533,-6.0,1,0,0,0,0,0,0,0,0,0,0,0
1,2,4.0,0,-0.43242425957456854,-0.6617829563253504,0,-0.7292008986233334,0.4928505349120103,0.29422425311317907,-0.07705602440045026,-0.38920514149183966,-0.29886585692015605,-0.03166577645114908,-0.05705814462068076,-6.0,0,0,0,0,0,1,0,0,0,0,0,0
0,3,4.0,0,-0.43242425957456854,-0.6617829563253504,0,-1.4324956083906664,0.6760648835229881,0.29422425311317907,-0.07705602440045026,-0.14535503801852534,0.3618077265462323,0.1476563427851721,0.02808150971861478,-6.0,1,0,0,0,0,0,0,0,0,0,0,0
0,3,0.0,0,-0.43242425957456854,-0.6617829563253504,0,-0.20172986629783357,0.1997075771344459,0.29422425311317907,-0.07705602440045026,-0.7334641111012244,-1.2898762321197386,-1.5559037899598789,-1.1379615823195637,-6.0,0,0,0,0,0,1,0,0,0,0,0,0
0,1,8.0,0,-0.43242425957456854,-0.6617829563253504,0,-0.025906188856000312,-0.2766497292540963,0.29422425311317907,-0.07705602440045026,-0.6244487707249193,-1.069651704297609,-0.8386153130145944,-0.21794919908079421,-6.0,0,0,0,0,0,0,0,0,1,0,0,0
0,0,4.0,0,-0.43242425957456854,-0.6617829563253504,0,-0.07614152526795268,-2.255364694252656,-2.1244256555430074,-0.07705602440045026,-0.7191199873675002,-1.2898762321197386,-1.4662427303417185,0.14205564653437647,-6.0,0,0,0,0,0,0,0,0,0,0,1,0
0,2,5.0,0,-0.43242425957456854,-0.6617829563253504,0,-1.0054952488890714,0.9325649715783569,0.29422425311317907,-0.07705602440045026,-0.6416617192053885,-0.8494271764754796,-0.3903100149237914,-0.8179572751060787,-6.0,0,0,0,0,0,0,0,1,0,0,0,0
1,2,4.0,1,-0.43242425957456854,-0.6617829563253504,0,0.6522708527053566,-0.3499354686984874,0.29422425311317907,-0.07705602440045026,0.256280426525757,-0.18875359300909134,0.6856227004941355,1.6288448892801068,-6.0,0,0,1,0,0,0,0,0,0,0,0,0
0,2,3.0,0,-0.43242425957456854,0.07216250321632804,0,-1.3320249355667617,0.12642183769005477,0.29422425311317907,-0.07705602440045026,-0.027733223401985523,0.6921445182794265,0.41663952163965384,-0.25794973748247985,-6.0,0,0,0,0,0,0,0,0,0,0,0,0
0,2,4.0,1,-0.43242425957456854,-0.6617829563253504,0,-1.2817895991548094,0.01649322852346813,0.29422425311317907,-0.07705602440045026,-0.678956440913072,-0.5190903847422855,-1.1972595514872366,-0.8636721761365765,-6.0,0,0,1,0,0,0,0,0,0,0,0,0
0,1,7.0,0,-0.43242425957456854,-0.6617829563253504,0,0.7025061891173089,0.8592792321339658,0.29422425311317907,-0.07705602440045026,2.8812550697973167,1.3528181017458147,0.7752837601122962,3.0259039865416173,-6.0,0,0,0,0,0,1,0,0,0,0,0,0
0,1,8.0,0,-0.43242425957456854,0.8061079627580064,0,-0.8799069078591905,0.12642183769005477,0.29422425311317907,-0.07705602440045026,-0.32035334756996264,1.1325935739236852,0.057995283167011503,-0.5569011297477093,-6.0,0,0,0,1,0,0,0,0,0,0,0,0
0,2,8.0,0,-0.43242425957456854,-0.6617829563253504,0,-0.9050245760651666,0.6760648835229881,0.29422425311317907,-0.07705602440045026,-0.23141978042087158,-0.8494271764754796,-0.12132683606930966,1.2663951043114863,-6.0,0,0,0,0,0,0,0,0,0,0,0,0
0,3,3.0,0,-0.43242425957456854,-0.6617829563253504,0,-0.7040832304173572,-2.255364694252656,-2.1244256555430074,-0.07705602440045026,-0.6273175954716642,-1.2898762321197386,-0.6592931937782731,0.2487237489388714,-6.0,0,0,0,0,0,1,0,0,0,0,0,0
0,2,0.0,0,-0.43242425957456854,0.07216250321632804,0,0.5266825116754756,0.08977896796785924,0.29422425311317907,-0.07705602440045026,-0.7162511626207553,-1.1797639682086738,-1.2869206111053972,-0.8819581365487758,-6.0,0,0,0,0,0,0,0,0,0,0,1,0
0,2,4.0,0,-0.43242425957456854,-0.6617829563253504,0,-1.1562012581249284,0.272993316578837,2.7128741617693652,1.214739916199807,1.9833129240661713,2.6741652686785913,1.8512164755302232,0.5202425550594042,-6.0,1,0,0,0,0,0,0,0,0,0,0,0
1,2,8.0,0,-0.43242425957456854,-0.6617829563253504,0,-1.1813189263309045,1.0424935807449436,0.29422425311317907,-0.07705602440045026,-0.6617434924326027,-1.1797639682086738,-1.4662427303417185,0.07094357826471309,-6.0,0,0,0,0,0,0,0,1,0,0,0,0
1,3,5.0,1,-0.43242425957456854,0.8061079627580064,0,-1.2817895991548094,0.9325649715783569,0.29422425311317907,-0.07705602440045026,-0.1596991617522497,-0.18875359300909134,1.4029111774394203,-0.06274711008225387,-6.0,0,0,0,0,0,0,0,0,0,1,0,0
0,1,7.0,0,-0.43242425957456854,-0.6617829563253504,0,-1.1562012581249284,-2.255364694252656,-2.1244256555430074,-0.07705602440045026,-0.5326463788290833,-0.8494271764754796,-0.30064895530563085,-0.2632831426027046,-6.0,0,0,0,0,0,0,0,0,0,0,0,0
0,2,8.0,0,-0.43242425957456854,0.8061079627580064,0,0.8280945301471898,0.45620766518981476,0.29422425311317907,-0.07705602440045026,-0.41215573946579864,-0.40897812083122076,-0.03166577645114908,-0.09608709371751953,-6.0,0,0,0,0,0,0,0,1,0,0,0,0
1,2,7.0,1,-0.43242425957456854,-0.6617829563253504,0,-0.9803775806830951,-0.4965069475872696,0.29422425311317907,-0.07705602440045026,-0.2629768526350652,0.6921445182794265,0.3269784620214932,-0.4241058200740971,-6.0,0,0,0,0,0,0,0,1,0,0,0,0
0,1,0.0,1,-0.43242425957456854,-0.6617829563253504,0,0.12479982037985676,0.30963618630103257,0.29422425311317907,-0.07705602440045026,-0.4437128116799922,-0.18875359300909134,0.23731740240333266,-0.5462555048304781,-6.0,0,0,0,0,1,0,0,0,0,0,0,0
1,1,3.0,0,-0.43242425957456854,0.8061079627580064,0,1.0541535440009755,-1.522507299808745,0.29422425311317907,-0.07705602440045026,-0.27445215162204467,1.0224813100126207,0.5063005812578144,-0.4899528602122564,-6.0,0,0,0,0,0,0,0,0,0,1,0,0
0,1,0.0,0,-0.43242425957456854,-0.6617829563253504,0,-0.7794362350352857,-0.16672112008750964,0.29422425311317907,-0.07705602440045026,-0.3490415950374114,-0.5190903847422855,-0.6592931937782731,0.38205887694449026,-6.0,0,0,0,0,0,0,0,0,0,1,0,0
0,2,8.0,0,-0.43242425957456854,-0.6617829563253504,1,-0.07614152526795268,1.2989936688003125,0.29422425311317907,-0.07705602440045026,-0.49248283237465507,-0.29886585692015605,-0.03166577645114908,-0.6899555522206847,-6.0,0,0,0,0,0,0,0,1,0,0,0,0
0,1,0.0,0,-0.43242425957456854,-0.6617829563253504,0,-1.2315542627428568,0.30963618630103257,0.29422425311317907,-0.07705602440045026,-0.42076221370603323,-0.6292026486533502,-0.8386153130145944,0.17761168066920802,-6.0,0,0,0,0,1,0,0,0,0,0,0,0
0,2,2.0,1,-0.43242425957456854,-0.6617829563253504,0,-0.8045539032412619,0.08977896796785924,0.29422425311317907,-0.07705602440045026,-0.5039581313616346,-0.9595394403865444,-0.12132683606930966,-0.04994693779371445,-6.0,1,0,0,0,0,0,0,0,0,0,0,0
0,2,8.0,0,-0.43242425957456854,-0.6617829563253504,0,-0.3775535437396668,0.7859934926895747,0.29422425311317907,-0.07705602440045026,0.04111857051989145,0.03147093481303811,-0.03166577645114908,0.23880113476170906,-6.0,0,0,0,0,0,0,1,0,0,0,0,0
0,2,8.0,0,-0.43242425957456854,-0.6617829563253504,0,-0.9301422442711428,0.38292192574542366,0.29422425311317907,-0.07705602440045026,-0.6732187914195822,-0.9595394403865444,-0.6592931937782731,-0.8392908955869778,-6.0,0,0,0,0,0,0,0,0,0,0,0,1
0,2,2.0,0,-0.43242425957456854,-0.6617829563253504,1,-0.8045539032412619,0.8592792321339658,0.29422425311317907,-0.07705602440045026,2.0263452952673444,1.5730426295679443,1.223589058203099,1.6271585087406053,-6.0,0,0,0,0,1,0,0,0,0,0,0,0
1,1,4.0,0,-0.43242425957456854,-0.6617829563253504,1,0.6773885209113327,0.272993316578837,0.29422425311317907,-0.07705602440045026,-0.5527281520562974,-0.8494271764754796,0.23731740240333266,-0.41261848596899764,-6.0,0,0,0,0,0,1,0,0,0,0,0,0
0,3,3.0,0,-0.43242425957456854,0.8061079627580064,0,-1.1310835899189522,0.8592792321339658,0.29422425311317907,-0.07705602440045026,-0.5441216778160628,-0.29886585692015605,-1.2869206111053972,-0.12871722880011077,-6.0,1,0,0,0,0,0,0,0,0,0,0,0
0,1,9.0,0,-0.43242425957456854,0.8061079627580064,0,0.8280945301471898,0.45620766518981476,0.29422425311317907,-0.07705602440045026,-0.5211710798421039,-0.6292026486533502,-0.9282763726327549,0.5077748547783595,-6.0,1,0,0,0,0,0,0,0,0,0,0,0
0,2,7.0,0,-0.43242425957456854,-0.6617829563253504,0,-1.0808482535069999,-0.45986407786507405,0.29422425311317907,-0.07705602440045026,-0.2199444814338921,-0.18875359300909134,0.41663952163965384,-0.08382974679278951,-6.0,0,0,0,0,0,0,0,0,0,0,0,0
0,2,4.0,1,-0.43242425957456854,-0.6617829563253504,0,-0.3022005391217383,0.7127077532451837,0.29422425311317907,-0.07705602440045026,-0.1596991617522497,-0.8494271764754796,-0.8386153130145944,2.242083912622872,-6.0,0,0,0,0,0,0,0,0,1,0,0,0
0,2,6.0,0,-0.43242425957456854,-0.6617829563253504,0,-0.5282595529755238,-0.2766497292540963,0.29422425311317907,-0.07705602440045026,-0.7363329358479693,-1.3999884960308033,-1.6455648495780395,-1.7779701967465338,-6.0,0,0,0,0,0,0,0,0,0,0,0,0
1,1,9.0,0,-0.43242425957456854,-0.6617829563253504,0,-1.0808482535069999,0.7493506229673792,0.29422425311317907,-0.07705602440045026,-0.3289598218101973,0.3618077265462323,0.3269784620214932,-0.47966700748039454,-6.0,0,1,0,0,0,0,0,0,0,0,0,0
0,1,6.0,1,-0.43242425957456854,-0.6617829563253504,0,0.6773885209113327,0.7859934926895747,0.29422425311317907,-0.07705602440045026,-0.3375662960504319,0.14158319872410283,-0.21098789568747026,-0.2701532915711297,-6.0,0,0,0,0,0,0,0,0,0,1,0,0
0,1,5.0,1,-0.43242425957456854,-0.6617829563253504,0,0.5266825116754756,0.12642183769005477,0.29422425311317907,-0.07705602440045026,-0.43510633743975763,-0.29886585692015605,0.1476563427851721,-0.48564510992284426,-6.0,0,0,0,0,0,0,0,0,0,0,1,0
0,1,4.0,0,-0.43242425957456854,0.8061079627580064,0,0.5518001798814518,0.4195647954676192,0.29422425311317907,-0.07705602440045026,-0.564203451043277,-0.40897812083122076,-0.5696321341601126,-0.49795296789259363,-6.0,0,0,0,0,0,0,0,1,0,0,0,0
0,1,5.0,0,-0.43242425957456854,-0.6617829563253504,0,-0.5533772211815001,0.30963618630103257,0.29422425311317907,-0.07705602440045026,-0.4236310384527781,-0.5190903847422855,-0.21098789568747026,-0.07648388034312543,-6.0,0,0,0,0,1,0,0,0,0,0,0,0
0,2,8.0,0,-0.43242425957456854,-0.6617829563253504,0,-1.0808482535069999,1.0791364504671392,0.29422425311317907,-0.07705602440045026,-0.27732097636878955,-0.18875359300909134,-0.30064895530563085,0.4007825332176197,-6.0,0,0,0,0,0,0,0,0,0,0,1,0
0,3,4.0,1,-0.43242425957456854,-0.6617829563253504,0,-0.7040832304173572,0.7859934926895747,0.29422425311317907,-0.07705602440045026,0.3136569214606545,0.14158319872410283,1.0442669389667778,0.11108748777178117,-6.0,0,0,0,0,0,1,0,0,0,0,0,0
0,1,4.0,0,-0.43242425957456854,-0.6617829563253504,0,-0.10125919347392885,-0.16672112008750964,0.29422425311317907,-0.07705602440045026,0.021036797292677333,-0.6292026486533502,0.595961640875975,0.903970663709341,-6.0,0,0,0,0,0,0,0,0,0,1,0,0
0,2,7.0,1,-0.43242425957456854,-0.6617829563253504,0,-0.025906188856000312,-0.789649905364834,0.29422425311317907,-0.07705602440045026,-0.45231928592022685,-0.8494271764754796,-0.30064895530563085,0.2659282815847577,-6.0,0,0,0,0,0,0,0,0,1,0,0,0
0,2,6.0,0,-0.43242425957456854,-0.6617829563253504,0,0.17503515679180912,0.12642183769005477,0.29422425311317907,-0.07705602440045026,-0.5240399045888487,-0.40897812083122076,-0.5696321341601126,-0.424809126243797,-6.0,0,0,0,0,0,0,0,0,0,1,0,0
0,1,3.0,0,-0.43242425957456854,-0.6617829563253504,0,-0.8799069078591905,-2.255364694252656,-2.1244256555430074,-0.07705602440045026,-0.40928691471905376,-1.069651704297609,0.3269784620214932,0.04605435437033101,-6.0,0,0,0,1,0,0,0,0,0,0,0,0
0,1,4.0,1,-0.43242425957456854,-0.6617829563253504,0,0.6271531844993804,-0.056792510920922974,0.29422425311317907,-0.07705602440045026,-0.5986293480042154,-0.18875359300909134,-0.479971074541952,-0.7186455935570661,-6.0,0,0,0,0,0,0,0,0,0,0,0,0
0,2,2.0,0,-0.43242425957456854,0.8061079627580064,0,-0.7543185668293095,-0.24000685953190073,0.29422425311317907,-0.07705602440045026,-0.5240399045888487,0.14158319872410283,-0.7489542533964337,-0.0865188586181129,-6.0,0,0,0,0,0,0,0,1,0,0,0,0
0,3,4.0,0,-0.43242425957456854,0.8061079627580064,0,0.17503515679180912,1.1157793201893347,0.29422425311317907,-0.07705602440045026,-0.31461569807647294,0.25169546263516757,0.1476563427851721,-0.43395210644989657,-6.0,0,0,0,0,0,0,0,0,1,0,0,0
0,2,8.0,0,-0.43242425957456854,-0.6617829563253504,0,-0.9803775806830951,0.4195647954676192,0.29422425311317907,-0.07705602440045026,-0.4408439869332474,-0.739314912564415,-0.03166577645114908,0.1054837257099783,-6.0,0,0,0,0,0,0,0,0,0,0,0,1
0,2,5.0,0,-0.43242425957456854,-0.6617829563253504,0,-0.9301422442711428,0.9692078413005525,0.29422425311317907,-0.07705602440045026,-0.7076446883805206,-0.8494271764754796,-1.4662427303417185,-0.8636721761365765,-6.0,0,0,0,0,0,0,0,1,0,0,0,0
0,1,9.0,0,-0.43242425957456854,-0.6617829563253504,0,-0.2770828709157621,0.9325649715783569,0.29422425311317907,-0.07705602440045026,0.4972617052523264,1.4629303656568795,0.6856227004941355,0.09416384545480737,-6.0,0,0,0,0,0,1,0,0,0,0,0,0
0,1,9.0,0,-0.43242425957456854,-0.6617829563253504,0,-0.9552599124771189,0.1997075771344459,0.29422425311317907,-0.07705602440045026,-0.5900228737639808,-0.739314912564415,-0.21098789568747026,-0.6524378058577244,-6.0,1,0,0,0,0,0,0,0,0,0,0,0
0,1,4.0,0,-0.43242425957456854,-0.6617829563253504,0,-0.9552599124771189,-0.3499354686984874,0.29422425311317907,-0.07705602440045026,-0.6674811419260924,-1.2898762321197386,-0.7489542533964337,-0.24194952212180565,-6.0,1,0,0,0,0,0,0,0,0,0,0,0
0,1,9.0,1,-0.43242425957456854,-0.6617829563253504,0,0.5266825116754756,0.8959221018561614,0.29422425311317907,-0.07705602440045026,2.3849483886104537,1.7932671573900736,1.8512164755302232,1.0526370085239682,-6.0,0,0,0,0,0,0,0,1,0,0,0,0
0,1,4.0,1,-0.43242425957456854,-0.6617829563253504,0,-0.6287302257994286,0.12642183769005477,0.29422425311317907,-0.07705602440045026,-0.6215799459781745,-0.6292026486533502,-0.8386153130145944,-0.6143181705156792,-6.0,0,0,1,0,0,0,0,0,0,0,0,0
0,2,4.0,1,-0.43242425957456854,-0.6617829563253504,0,-0.7292008986233334,-0.24000685953190073,0.29422425311317907,-0.07705602440045026,-0.34330394554392163,-0.40897812083122076,-0.5696321341601126,-0.18376692081026297,-6.0,0,0,0,0,0,0,0,0,1,0,0,0
0,2,2.0,0,-0.43242425957456854,-0.6617829563253504,0,-0.17661219809185738,0.7859934926895747,0.29422425311317907,-0.07705602440045026,-0.7248576368609899,-1.1797639682086738,-1.4662427303417185,-0.9246253775105737,-6.0,0,1,0,0,0,0,0,0,0,0,0,0
0,1,4.0,1,-0.43242425957456854,0.07216250321632804,0,-0.6036125575934524,0.4195647954676192,0.29422425311317907,-0.07705602440045026,-0.3260909970634524,0.03147093481303811,-0.8386153130145944,-0.051154501217161634,-6.0,0,0,0,0,0,0,0,0,0,0,1,0
0,3,4.0,0,-0.43242425957456854,-0.6617829563253504,0,-0.6287302257994286,-0.020149641198727423,0.29422425311317907,-0.07705602440045026,-0.6732187914195822,-1.069651704297609,-0.9282763726327549,-0.49795296789259363,-6.0,0,0,0,0,0,1,0,0,0,0,0,0
0,2,2.0,1,-0.43242425957456854,-0.6617829563253504,0,-0.6287302257994286,0.12642183769005477,0.29422425311317907,-0.07705602440045026,-0.7334641111012244,-1.2898762321197386,-1.5559037899598789,-1.1379615823195637,-6.0,0,0,0,0,0,1,0,0,0,0,0,0
0,2,3.0,1,-0.43242425957456854,-0.6617829563253504,0,-0.35243587553369066,0.23635044685664144,0.29422425311317907,-0.07705602440045026,-0.7047758636337758,-1.1797639682086738,-1.107598491869076,-0.7722423740755808,-6.0,0,0,0,0,0,0,0,0,0,0,0,0
0,1,4.0,0,-0.43242425957456854,-0.6617829563253504,1,0.14991748858583295,0.8592792321339658,0.29422425311317907,-0.07705602440045026,-0.6187111212314296,-0.6292026486533502,-0.479971074541952,-0.5852268698599078,-6.0,0,1,0,0,0,0,0,0,0,0,0,0
0,1,4.0,0,-0.43242425957456854,-0.6617829563253504,0,-0.5533772211815001,-0.6064355567538563,0.29422425311317907,-0.07705602440045026,-0.5527281520562974,-0.40897812083122076,-0.03166577645114908,-0.670928269089072,-6.0,0,0,0,0,1,0,0,0,0,0,0,0
0,1,6.0,0,-0.43242425957456854,-0.6617829563253504,0,-0.5784948893874763,-2.255364694252656,-2.1244256555430074,-0.07705602440045026,-0.7363329358479693,-1.3999884960308033,-1.6455648495780395,-1.7779701967465338,-6.0,0,0,0,0,0,0,0,0,0,0,0,0
0,2,2.0,0,-0.43242425957456854,-0.6617829563253504,0,-0.9301422442711428,-0.6797212961982474,0.29422425311317907,-0.07705602440045026,-0.699038214140286,-0.8494271764754796,-1.1972595514872366,-0.9459589979914726,-6.0,0,0,1,0,0,0,0,0,0,0,0,0
0,1,3.0,0,-0.43242425957456854,-0.6617829563253504,0,0.12479982037985676,0.16306470741225035,0.29422425311317907,-0.07705602440045026,-0.7305952863544797,-1.2898762321197386,-1.5559037899598789,-0.49795296789259363,-6.0,1,0,0,0,0,0,0,0,0,0,0,0
0,1,0.0,1,-0.43242425957456854,-0.6617829563253504,0,-0.5533772211815001,-2.255364694252656,-2.1244256555430074,-0.07705602440045026,-0.7363329358479693,-1.3999884960308033,-1.6455648495780395,-1.7779701967465338,-6.0,0,0,1,0,0,0,0,0,0,0,0,0
0,2,6.0,0,-0.43242425957456854,-0.6617829563253504,0,-0.9301422442711428,0.6760648835229881,0.29422425311317907,-0.07705602440045026,-0.6215799459781745,-0.8494271764754796,-0.12132683606930966,-0.7112891727015836,-6.0,0,0,0,0,0,0,0,0,0,0,0,0
1,1,4.0,0,-0.43242425957456854,-0.6617829563253504,0,-0.17661219809185738,0.8959221018561614,0.29422425311317907,-0.07705602440045026,-0.1596991617522497,-0.18875359300909134,0.3269784620214932,0.14205564653437647,-6.0,0,0,0,0,0,0,0,0,0,0,0,1
1,2,9.0,0,-0.43242425957456854,-0.6617829563253504,1,-0.9050245760651666,0.38292192574542366,0.29422425311317907,-0.07705602440045026,-0.45518811066697173,-0.8494271764754796,0.41663952163965384,-0.4144735834021192,-6.0,0,0,0,0,0,0,0,1,0,0,0,0
0,2,8.0,1,-0.43242425957456854,-0.6617829563253504,0,-0.35243587553369066,0.12642183769005477,0.29422425311317907,-0.07705602440045026,-0.31461569807647294,-0.6292026486533502,0.41663952163965384,-0.18337246249628628,-6.0,0,0,0,0,1,0,0,0,0,0,0,0
0,2,3.0,1,-0.43242425957456854,-0.6617829563253504,1,-0.8045539032412619,0.8592792321339658,0.29422425311317907,-0.07705602440045026,-0.7305952863544797,-1.2898762321197386,-1.5559037899598789,-0.49795296789259363,-6.0,0,0,0,0,1,0,0,0,0,0,0,0
0,1,9.0,1,-0.43242425957456854,-0.6617829563253504,0,-0.5533772211815001,-0.09343538064311853,0.29422425311317907,-0.07705602440045026,-0.6846940904065616,-1.069651704297609,-0.8386153130145944,-0.9551019781975723,-6.0,0,0,0,0,0,0,0,1,0,0,0,0
0,2,5.0,1,-0.43242425957456854,-0.6617829563253504,0,-0.402671211945643,0.5294934046342059,0.29422425311317907,-0.07705602440045026,-0.6416617192053885,-0.8494271764754796,-0.30064895530563085,-0.8179572751060787,-6.0,1,0,0,0,0,0,0,0,0,0,0,0
0,1,4.0,1,-0.43242425957456854,-0.6617829563253504,0,-0.8799069078591905,0.30963618630103257,0.29422425311317907,-0.07705602440045026,0.009561498305697837,-0.18875359300909134,0.9546058793486173,0.302057800141119,-6.0,0,0,0,0,0,0,0,1,0,0,0,0
0,1,7.0,1,-0.43242425957456854,-0.6617829563253504,0,-0.8799069078591905,1.0424935807449436,0.29422425311317907,-0.07705602440045026,-0.19125623396644334,-0.18875359300909134,-0.30064895530563085,0.21549925802599593,-6.0,0,0,0,0,0,0,0,1,0,0,0,0
0,1,5.0,0,-0.43242425957456854,-0.6617829563253504,0,-0.8045539032412619,-2.255364694252656,-2.1244256555430074,-0.07705602440045026,-0.7133823378740104,-1.2898762321197386,-1.4662427303417185,-0.49795296789259363,-6.0,0,0,1,0,0,0,0,0,0,0,0,0
0,2,9.0,0,-0.43242425957456854,-0.6617829563253504,0,0.6522708527053566,0.16306470741225035,0.29422425311317907,-0.07705602440045026,-0.449450461173482,-0.739314912564415,-0.12132683606930966,-0.25414016239660503,-6.0,0,0,0,0,0,0,0,0,0,0,0,0
0,3,7.0,0,-0.43242425957456854,-0.6617829563253504,0,0.17503515679180912,0.30963618630103257,0.29422425311317907,-0.07705602440045026,0.21611688007132876,1.0224813100126207,2.9271491909481497,-0.34227519681576296,-6.0,0,0,0,0,0,1,0,0,0,0,0,0
1,2,0.0,0,-0.43242425957456854,-0.6617829563253504,0,-0.0007885206500241326,0.30963618630103257,0.29422425311317907,-0.07705602440045026,-0.5297775540823385,-0.6292026486533502,-0.9282763726327549,-0.00563864910261668,-6.0,0,0,0,0,0,0,0,0,0,0,1,0
0,2,2.0,0,-0.43242425957456854,-0.6617829563253504,0,0.7025061891173089,0.602779144078597,0.29422425311317907,-0.07705602440045026,0.936191891504292,1.0224813100126207,0.7752837601122962,1.438624822313152,-6.0,0,0,0,0,0,0,0,0,0,1,0,0
0,1,4.0,0,-0.43242425957456854,-0.6617829563253504,0,0.7025061891173089,-0.7163641659204429,0.29422425311317907,-0.07705602440045026,-0.3404351207971768,-0.40897812083122076,-0.03166577645114908,-0.4191826768861973,-6.0,0,0,0,0,0,0,0,0,0,1,0,0
0,3,5.0,0,-0.43242425957456854,-0.6617829563253504,0,0.6522708527053566,0.12642183769005477,0.29422425311317907,-0.07705602440045026,-0.7305952863544797,-1.2898762321197386,-1.5559037899598789,-0.49795296789259363,-6.0,0,0,0,0,0,0,0,1,0,0,0,0
0,2,4.0,0,-0.43242425957456854,-0.6617829563253504,0,-0.35243587553369066,1.1524221899115303,0.29422425311317907,-0.07705602440045026,0.009561498305697837,0.6921445182794265,0.6856227004941355,0.11296434587860513,-6.0,1,0,0,0,0,0,0,0,0,0,0,0
0,1,5.0,0,-0.43242425957456854,-0.6617829563253504,0,-0.8045539032412619,0.5294934046342059,0.29422425311317907,-0.07705602440045026,-0.5527281520562974,-0.6292026486533502,-0.5696321341601126,-0.13954814381349034,-6.0,1,0,0,0,0,0,0,0,0,0,0,0
0,1,4.0,0,-0.43242425957456854,-0.6617829563253504,0,-0.6287302257994286,0.08977896796785924,0.29422425311317907,-0.07705602440045026,-0.40928691471905376,0.25169546263516757,-0.21098789568747026,-0.22560887664707435,-6.0,0,0,0,0,0,0,0,0,0,0,0,0
0,1,8.0,0,-0.43242425957456854,-0.6617829563253504,0,-0.8045539032412619,0.6394220138007926,0.29422425311317907,-0.07705602440045026,0.4284099113304494,0.25169546263516757,-0.7489542533964337,2.282084451024558,-6.0,0,0,0,0,1,0,0,0,0,0,0,0
1,2,0.0,0,-0.43242425957456854,-0.6617829563253504,0,0.12479982037985676,0.45620766518981476,0.29422425311317907,-0.07705602440045026,-0.7363329358479693,-1.3999884960308033,-1.6455648495780395,-1.7779701967465338,-6.0,0,0,0,0,1,0,0,0,0,0,0,0
0,3,0.0,0,-0.43242425957456854,-0.6617829563253504,0,-0.0007885206500241326,-2.255364694252656,-2.1244256555430074,-0.07705602440045026,-0.7277264616077348,-1.2898762321197386,-1.5559037899598789,0.14205564653437647,-6.0,0,0,0,0,1,0,0,0,0,0,0,0
0,1,3.0,0,-0.43242425957456854,-0.6617829563253504,0,-0.3775535437396668,0.4928505349120103,0.29422425311317907,-0.07705602440045026,-0.5125646056018692,-0.18875359300909134,-0.21098789568747026,-0.4642683039753846,-6.0,0,0,0,0,0,0,0,0,1,0,0,0
0,2,6.0,0,-0.43242425957456854,-0.6617829563253504,0,0.12479982037985676,0.5661362743564015,0.29422425311317907,-0.07705602440045026,-0.2400262546611062,-0.18875359300909134,-0.30064895530563085,0.03713620154634846,-6.0,0,0,0,0,0,0,1,0,0,0,0,0
0,2,8.0,0,-0.43242425957456854,-0.6617829563253504,0,-0.402671211945643,0.45620766518981476,0.29422425311317907,-0.07705602440045026,-0.2199444814338921,0.25169546263516757,-0.3903100149237914,0.02205403132931957,-6.0,0,0,0,0,0,0,0,0,0,0,0,0
0,2,3.0,0,-0.43242425957456854,-0.6617829563253504,0,-0.25196520270978595,0.7859934926895747,0.29422425311317907,-0.07705602440045026,-0.04494617188245477,-0.29886585692015605,0.23731740240333266,0.6320622419550255,-6.0,0,0,0,0,0,0,1,0,0,0,0,0
0,1,4.0,1,-0.43242425957456854,-0.6617829563253504,0,-0.7794362350352857,-2.255364694252656,-2.1244256555430074,-0.07705602440045026,-0.6846940904065616,-0.9595394403865444,-1.107598491869076,-0.49795296789259363,-6.0,0,0,0,0,0,0,0,1,0,0,0,0
1,3,5.0,0,-0.43242425957456854,0.8061079627580064,0,-0.8045539032412619,-0.31329259897629186,0.29422425311317907,-0.07705602440045026,-0.06502794510966889,-0.40897812083122076,5.079014621784004,-0.3097151401199555,-6.0,0,0,0,0,0,0,0,0,0,0,0,0
0,1,2.0,1,-0.43242425957456854,-0.6617829563253504,0,-0.5282595529755238,0.12642183769005477,0.29422425311317907,-0.07705602440045026,-0.4437128116799922,-0.40897812083122076,-0.9282763726327549,0.08719776529777894,-6.0,1,0,0,0,0,0,0,0,0,0,0,0
0,1,2.0,1,-0.43242425957456854,0.8061079627580064,0,0.3508588342336424,0.38292192574542366,0.29422425311317907,-0.07705602440045026,-0.6732187914195822,-1.069651704297609,-0.9282763726327549,-0.7722423740755808,-6.0,0,0,0,0,0,0,1,0,0,0,0,0
1,3,4.0,0,-0.43242425957456854,-0.6617829563253504,0,-0.402671211945643,0.4195647954676192,0.29422425311317907,-0.07705602440045026,1.1829108197243512,2.2337162130343327,0.057995283167011503,1.0204988428066881,-6.0,0,0,0,0,0,1,0,0,0,0,0,0
0,1,2.0,0,-0.43242425957456854,0.8061079627580064,0,-0.6036125575934524,0.7127077532451837,0.29422425311317907,-0.07705602440045026,-0.7334641111012244,-1.2898762321197386,-1.5559037899598789,-1.1379615823195637,-6.0,1,0,0,0,0,0,0,0,0,0,0,0
0,2,2.0,1,-0.43242425957456854,-0.6617829563253504,0,-0.22684753450380976,-0.020149641198727423,0.29422425311317907,-0.07705602440045026,0.6464405920830598,0.3618077265462323,1.0442669389667778,0.9045006915473754,-6.0,0,0,1,0,0,0,0,0,0,0,0,0
0,0,4.0,0,-0.43242425957456854,-0.6617829563253504,0,0.12479982037985676,0.5661362743564015,0.29422425311317907,-0.07705602440045026,-0.34330394554392163,0.14158319872410283,-0.9282763726327549,-0.024346593216635626,-6.0,0,0,0,0,0,0,0,0,0,0,0,0
0,2,4.0,0,-0.43242425957456854,-0.6617829563253504,0,-0.3775535437396668,0.053136098245663684,0.29422425311317907,-0.07705602440045026,-0.653137018192368,-0.9595394403865444,-0.6592931937782731,-0.8011149431474742,-6.0,0,0,0,0,0,0,0,0,0,0,0,0
0,1,3.0,0,-0.43242425957456854,-0.6617829563253504,0,-0.6287302257994286,0.5294934046342059,0.29422425311317907,-0.07705602440045026,0.4284099113304494,1.0224813100126207,1.0442669389667778,-0.07964668395339755,-6.0,0,0,0,0,0,0,0,0,0,0,0,1
0,2,4.0,0,-0.43242425957456854,0.8061079627580064,0,-0.7543185668293095,-0.4232212081428785,0.29422425311317907,-0.07705602440045026,-0.7334641111012244,-1.2898762321197386,-1.5559037899598789,-1.1379615823195637,-6.0,0,0,0,0,0,0,0,0,0,0,0,1
0,2,6.0,0,-0.43242425957456854,-0.6617829563253504,0,0.7025061891173089,0.08977896796785924,0.29422425311317907,-0.07705602440045026,0.015299147799187585,0.25169546263516757,0.5063005812578144,0.1947622383107153,-6.0,0,0,0,0,0,0,0,0,0,0,0,1
0,1,4.0,1,-0.43242425957456854,-0.6617829563253504,0,0.12479982037985676,0.38292192574542366,0.29422425311317907,-0.07705602440045026,-0.19986270820667795,-0.07864132909802661,-0.8386153130145944,0.18402342452958767,-6.0,0,0,0,0,0,0,0,0,0,0,0,1
0,1,5.0,0,-0.43242425957456854,-0.6617829563253504,1,0.17503515679180912,0.5661362743564015,0.29422425311317907,-0.07705602440045026,-0.11092914105758686,-0.18875359300909134,-0.12132683606930966,0.3044458919859958,-6.0,0,0,0,0,0,0,0,0,1,0,0,0
0,2,4.0,0,-0.43242425957456854,-0.6617829563253504,0,-0.7292008986233334,0.38292192574542366,0.29422425311317907,-0.07705602440045026,0.06406916849385044,0.5820322543683617,0.1476563427851721,0.16292549265699502,-6.0,0,0,0,0,0,0,0,0,0,0,0,1
0,1,3.0,1,-0.43242425957456854,-0.6617829563253504,0,-0.6036125575934524,0.45620766518981476,0.29422425311317907,-0.07705602440045026,3.099285750549927,2.2337162130343327,0.5063005812578144,1.97506277469583,-6.0,0,0,0,0,0,0,0,0,0,0,0,0
0,1,2.0,0,-0.43242425957456854,-0.6617829563253504,0,0.07456448396790441,0.30963618630103257,0.29422425311317907,-0.07705602440045026,-0.2199444814338921,-0.5190903847422855,-0.21098789568747026,0.8402468622728893,-6.0,0,0,0,0,0,0,0,0,0,0,1,0
0,1,4.0,0,-0.43242425957456854,-0.6617829563253504,0,-0.7040832304173572,0.38292192574542366,0.29422425311317907,-0.07705602440045026,-0.60723582224445,-0.8494271764754796,-1.0179374322509154,-0.17794866067910858,-6.0,0,0,1,0,0,0,0,0,0,0,0,0
0,2,4.0,0,-0.43242425957456854,0.8061079627580064,0,-0.5784948893874763,0.23635044685664144,0.29422425311317907,-0.07705602440045026,-0.5412528530693179,-0.8494271764754796,0.057995283167011503,-0.534524888716992,-6.0,0,0,0,0,0,0,0,0,0,0,0,1
0,1,9.0,1,-0.43242425957456854,-0.6617829563253504,0,-0.17661219809185738,-0.09343538064311853,0.29422425311317907,-0.07705602440045026,-0.3863363167450948,-0.07864132909802661,-0.03166577645114908,-0.4081271974467031,-6.0,0,0,0,0,0,0,0,1,0,0,0,0
0,2,0.0,0,-0.43242425957456854,-0.6617829563253504,0,-0.6036125575934524,0.01649322852346813,0.29422425311317907,-0.07705602440045026,-0.7019070388870309,-1.1797639682086738,-1.3765816707235579,-0.24194952212180565,-6.0,0,0,0,0,0,0,0,0,0,0,1,0
0,2,2.0,0,-0.43242425957456854,-0.6617829563253504,0,-0.0007885206500241326,0.30963618630103257,0.29422425311317907,-0.07705602440045026,-0.4437128116799922,-0.8494271764754796,0.057995283167011503,0.32786459910994853,-6.0,0,0,0,0,0,0,0,0,0,1,0,0
0,1,4.0,0,-0.43242425957456854,-0.6617829563253504,1,-0.6287302257994286,0.9692078413005525,0.29422425311317907,-0.07705602440045026,0.30218162247367497,0.8022567821904911,1.671894356293902,-0.26370144888664376,-6.0,1,0,0,0,0,0,0,0,0,0,0,0
0,1,4.0,0,-0.43242425957456854,-0.6617829563253504,0,0.6522708527053566,-0.2766497292540963,0.29422425311317907,-0.07705602440045026,-0.46666340965395126,-0.5190903847422855,0.23731740240333266,-0.6210315475900878,-6.0,0,0,0,0,0,0,0,0,0,1,0,0
0,1,7.0,0,-0.43242425957456854,-0.6617829563253504,0,-0.6287302257994286,-0.4232212081428785,0.29422425311317907,-0.07705602440045026,-0.7334641111012244,-1.2898762321197386,-1.5559037899598789,-1.1379615823195637,-6.0,0,0,0,0,0,0,0,1,0,0,0,0
0,2,5.0,1,-0.43242425957456854,-0.6617829563253504,0,-0.6287302257994286,0.7859934926895747,0.29422425311317907,-0.07705602440045026,-0.5412528530693179,-0.40897812083122076,-0.30064895530563085,-0.6899555522206847,-6.0,0,0,0,1,0,0,0,0,0,0,0,0
1,1,4.0,0,-0.43242425957456854,-0.6617829563253504,0,-0.6036125575934524,0.6394220138007926,0.29422425311317907,-0.07705602440045026,0.7439806334723855,1.1325935739236852,1.3132501178212597,0.0984186955507193,-6.0,0,0,0,0,0,0,0,0,0,0,1,0
1,2,8.0,0,-0.43242425957456854,-0.6617829563253504,0,0.7025061891173089,0.01649322852346813,0.29422425311317907,-0.07705602440045026,-0.380598667251605,-0.6292026486533502,1.0442669389667778,-0.432867346086461,-6.0,0,0,0,0,0,0,0,1,0,0,0,0
0,2,3.0,0,-0.43242425957456854,-0.6617829563253504,0,-0.402671211945643,0.5294934046342059,0.29422425311317907,-0.07705602440045026,-0.5756787500302565,-0.6292026486533502,-1.3765816707235579,-0.07128055827461366,-6.0,1,0,0,0,0,0,0,0,0,0,0,0
0,1,5.0,0,-0.43242425957456854,-0.6617829563253504,0,-0.6036125575934524,0.12642183769005477,0.29422425311317907,-0.07705602440045026,-0.6158422964846847,-0.739314912564415,-1.0179374322509154,-0.49795296789259363,-6.0,0,0,0,0,0,0,0,0,0,0,0,0
0,2,8.0,1,-0.43242425957456854,-0.6617829563253504,0,-0.6036125575934524,0.38292192574542366,0.29422425311317907,-0.07705602440045026,0.35955811740857246,0.8022567821904911,0.6856227004941355,0.34797146161087983,-6.0,0,0,0,0,0,0,1,0,0,0,0,0
0,2,0.0,0,-0.43242425957456854,-0.6617829563253504,0,-0.6036125575934524,0.01649322852346813,0.29422425311317907,-0.07705602440045026,-0.5039581313616346,-0.29886585692015605,-1.1972595514872366,-0.2532437917881639,-6.0,0,0,1,0,0,0,0,0,0,0,0,0
0,2,3.0,0,-0.43242425957456854,-0.6617829563253504,0,0.8280945301471898,-2.255364694252656,-2.1244256555430074,-0.07705602440045026,-0.6215799459781745,-1.1797639682086738,-0.9282763726327549,0.5493338557151756,-6.0,0,0,0,0,0,0,0,0,0,1,0,0
0,2,4.0,0,-0.43242425957456854,-0.6617829563253504,0,-0.17661219809185738,-0.31329259897629186,0.29422425311317907,-0.07705602440045026,-0.27445215162204467,0.03147093481303811,0.1476563427851721,-0.24003904864590417,-6.0,0,0,0,1,0,0,0,0,0,0,0,0
0,2,3.0,1,-0.43242425957456854,-0.6617829563253504,0,-0.5784948893874763,0.01649322852346813,0.29422425311317907,-0.07705602440045026,-0.7363329358479693,-1.3999884960308033,-1.6455648495780395,-1.7779701967465338,-6.0,0,0,0,0,0,0,0,0,1,0,0,0
0,2,8.0,1,-0.43242425957456854,-0.6617829563253504,0,0.07456448396790441,0.1997075771344459,0.29422425311317907,-0.07705602440045026,-0.39781161573207424,-0.29886585692015605,-0.479971074541952,-0.1711400583979707,-6.0,0,0,0,0,0,0,0,0,0,1,0,0
0,1,8.0,1,-0.43242425957456854,-0.6617829563253504,0,-0.10125919347392885,0.38292192574542366,0.29422425311317907,-0.07705602440045026,-0.6560058429391129,-0.9595394403865444,-0.7489542533964337,-0.6579551214993362,-6.0,0,0,0,0,1,0,0,0,0,0,0,0
0,2,2.0,0,-0.43242425957456854,-0.6617829563253504,0,0.7527415255292612,0.45620766518981476,0.29422425311317907,-0.07705602440045026,-0.6359240697118987,-1.069651704297609,-0.6592931937782731,-0.17794866067910858,-6.0,0,0,0,0,1,0,0,0,0,0,0,0
0,1,5.0,0,-0.43242425957456854,-0.6617829563253504,0,-0.45290654835759536,0.30963618630103257,0.29422425311317907,-0.07705602440045026,0.12718331292223767,0.5820322543683617,-0.479971074541952,0.5713297171866126,-6.0,0,0,0,0,0,0,0,0,0,0,1,0
0,0,0.0,1,-0.43242425957456854,-0.6617829563253504,0,-0.45290654835759536,-2.255364694252656,-2.1244256555430074,-0.07705602440045026,-0.5900228737639808,-1.1797639682086738,-0.479971074541952,-0.06005233696887731,-6.0,0,0,0,0,1,0,0,0,0,0,0,0
0,2,4.0,1,-0.43242425957456854,0.8061079627580064,0,0.12479982037985676,0.6394220138007926,0.29422425311317907,-0.07705602440045026,-0.23428860516761643,0.03147093481303811,0.6856227004941355,-0.3420534336091009,-6.0,0,0,0,0,0,0,0,0,0,0,0,1
0,2,5.0,0,-0.43242425957456854,0.8061079627580064,0,0.12479982037985676,1.0424935807449436,0.29422425311317907,-0.07705602440045026,-0.18551858447295358,0.14158319872410283,0.6856227004941355,-0.20256437661860735,-6.0,0,0,0,0,0,0,0,0,0,0,0,1
1,1,4.0,1,-0.43242425957456854,-0.6617829563253504,0,-0.17661219809185738,0.30963618630103257,0.29422425311317907,-0.07705602440045026,-0.35764806927764603,0.8022567821904911,0.057995283167011503,-0.4782603951409946,-6.0,0,0,1,0,0,0,0,0,0,0,0,0
0,1,9.0,1,-0.43242425957456854,-0.6617829563253504,0,-0.5282595529755238,0.4928505349120103,0.29422425311317907,-0.07705602440045026,0.4083281381032353,0.03147093481303811,0.23731740240333266,0.8546425574427553,-6.0,0,0,0,0,0,0,0,0,0,1,0,0
0,2,2.0,1,-0.43242425957456854,-0.6617829563253504,0,0.3508588342336424,0.6394220138007926,0.29422425311317907,-0.07705602440045026,0.9993060359326793,0.9123690461015559,1.4029111774394203,0.3851874106742309,-6.0,0,0,0,0,0,1,0,0,0,0,0,0
0,2,6.0,0,-0.43242425957456854,-0.6617829563253504,0,-0.5533772211815001,0.6760648835229881,0.29422425311317907,-0.07705602440045026,0.17595333361690052,0.8022567821904911,1.1339279985849384,0.2173507776434318,-6.0,0,0,0,0,0,0,0,0,0,0,1,0
0,2,3.0,0,-0.43242425957456854,-0.6617829563253504,0,0.6271531844993804,1.0424935807449436,0.29422425311317907,-0.07705602440045026,0.5202123032262854,0.3618077265462323,-0.03166577645114908,1.4816085604512907,-6.0,0,1,0,0,0,0,0,0,0,0,0,0
0,2,2.0,0,-0.43242425957456854,-0.6617829563253504,0,0.5518001798814518,0.30963618630103257,0.29422425311317907,-0.07705602440045026,-0.4781387086409307,-0.5190903847422855,-0.21098789568747026,-0.2621603204721311,-6.0,0,0,0,0,0,1,0,0,0,0,0,0
1,1,7.0,0,-0.43242425957456854,-0.6617829563253504,1,-0.10125919347392885,-2.255364694252656,-2.1244256555430074,-0.07705602440045026,-0.6933005646467962,-1.2898762321197386,-1.3765816707235579,1.4220728753883167,-6.0,0,0,0,0,0,0,0,0,0,0,1,0
0,3,2.0,1,-0.43242425957456854,-0.6617829563253504,0,-0.2770828709157621,-0.056792510920922974,0.29422425311317907,-0.07705602440045026,-0.7305952863544797,-1.2898762321197386,-1.4662427303417185,-1.1379615823195637,-6.0,0,0,1,0,0,0,0,0,0,0,0,0
0,2,9.0,0,-0.43242425957456854,-0.6617829563253504,0,-0.4277888801516192,0.8592792321339658,0.29422425311317907,-0.07705602440045026,0.7210300354984266,0.3618077265462323,0.9546058793486173,0.4798379708152773,-6.0,0,0,0,0,0,0,0,0,0,0,0,0
0,2,5.0,0,-0.43242425957456854,-0.6617829563253504,0,-0.5282595529755238,0.5661362743564015,0.29422425311317907,-0.07705602440045026,-0.5699411005367667,-0.8494271764754796,-1.107598491869076,0.2842797830737032,-6.0,0,0,0,0,0,0,1,0,0,0,0,0
0,2,5.0,0,-0.43242425957456854,0.8061079627580064,1,-0.35243587553369066,0.4195647954676192,0.29422425311317907,-0.07705602440045026,0.6034082208818867,0.3618077265462323,0.5063005812578144,1.30330839023692,-6.0,0,0,0,0,0,0,0,1,0,0,0,0
0,1,2.0,0,-0.43242425957456854,-0.6617829563253504,0,0.8280945301471898,-1.119435732864594,0.29422425311317907,-0.07705602440045026,-0.7133823378740104,-0.8494271764754796,-1.1972595514872366,-1.1379615823195637,-6.0,1,0,0,0,0,0,0,0,0,0,0,0
0,2,3.0,0,-0.43242425957456854,0.8061079627580064,0,0.5266825116754756,-0.24000685953190073,0.29422425311317907,-0.07705602440045026,-0.3060092238362383,0.25169546263516757,-0.7489542533964337,-0.12277550426299044,-6.0,0,0,0,0,0,0,0,0,0,1,0,0
0,2,0.0,0,-0.43242425957456854,-0.6617829563253504,0,0.17503515679180912,-2.255364694252656,-2.1244256555430074,-0.07705602440045026,-0.7191199873675002,-1.2898762321197386,-1.3765816707235579,-0.49795296789259363,-6.0,0,0,1,0,0,0,0,0,0,0,0,0
0,2,6.0,0,-0.43242425957456854,-0.6617829563253504,0,0.7025061891173089,0.8592792321339658,0.29422425311317907,-0.07705602440045026,-0.013389099668261155,0.471919990457297,-0.21098789568747026,0.5260608151905586,-6.0,0,0,0,0,0,0,1,0,0,0,0,0
0,0,0.0,0,-0.43242425957456854,-0.6617829563253504,0,-0.402671211945643,-0.4232212081428785,0.29422425311317907,-0.07705602440045026,-0.47240105914744096,0.3618077265462323,0.1476563427851721,-0.7074103326141475,-6.0,0,0,1,0,0,0,0,0,0,0,0,0
1,1,9.0,0,-0.43242425957456854,-0.6617829563253504,0,0.6271531844993804,0.12642183769005477,0.29422425311317907,-0.07705602440045026,-0.5039581313616346,-0.18875359300909134,-0.479971074541952,-0.37687025705505883,-6.0,0,0,0,0,1,0,0,0,0,0,0,0
0,2,5.0,0,-0.43242425957456854,0.8061079627580064,0,0.12479982037985676,0.6760648835229881,0.29422425311317907,-0.07705602440045026,1.8169210887549685,1.6831548934790088,1.5822332966757413,1.158151797274102,-6.0,0,0,0,0,0,0,1,0,0,0,0,0
0,2,4.0,0,-0.43242425957456854,-0.6617829563253504,0,0.6522708527053566,-0.2033639898097052,0.29422425311317907,-0.07705602440045026,-0.7277264616077348,-1.1797639682086738,-1.5559037899598789,-0.8179572751060787,-6.0,0,0,0,0,0,0,0,0,0,1,0,0
0,1,7.0,1,-0.43242425957456854,-0.6617829563253504,1,-0.17661219809185738,-0.789649905364834,0.29422425311317907,-0.07705602440045026,-0.5240399045888487,-0.8494271764754796,-0.30064895530563085,-0.34279936439514647,-6.0,0,0,0,0,0,0,0,0,0,0,0,0
0,2,2.0,0,-0.43242425957456854,-0.6617829563253504,0,0.7025061891173089,0.45620766518981476,0.29422425311317907,-0.07705602440045026,-0.5154334303486141,-1.1797639682086738,-0.21098789568747026,0.4620599537478615,-6.0,0,0,1,0,0,0,0,0,0,0,0,0
0,1,0.0,1,-0.43242425957456854,-0.6617829563253504,0,0.8280945301471898,-0.4232212081428785,0.29422425311317907,-0.07705602440045026,-0.03347087289547527,0.6921445182794265,0.3269784620214932,-0.2702575954522292,-6.0,0,0,0,0,0,0,0,0,0,0,0,1
0,2,0.0,0,-0.43242425957456854,-0.6617829563253504,0,0.12479982037985676,0.12642183769005477,0.29422425311317907,-0.07705602440045026,-0.5125646056018692,-0.6292026486533502,-0.9282763726327549,0.14205564653437647,-6.0,0,0,1,0,0,0,0,0,0,0,0,0
0,2,0.0,0,-0.43242425957456854,-0.6617829563253504,0,0.6271531844993804,0.1997075771344459,0.29422425311317907,-0.07705602440045026,4.140669133618316,2.4539407408564617,2.0305385947665444,1.6760445477799717,-6.0,0,0,0,1,0,0,0,0,0,0,0,0
0,2,6.0,1,-0.43242425957456854,-0.6617829563253504,0,0.8783298665591421,0.4195647954676192,0.29422425311317907,-0.07705602440045026,0.4743111072783674,0.471919990457297,0.057995283167011503,0.472726763988311,-6.0,0,1,0,0,0,0,0,0,0,0,0,0
0,3,4.0,1,-0.43242425957456854,-0.6617829563253504,0,-0.35243587553369066,-0.7163641659204429,0.29422425311317907,-0.07705602440045026,-0.11092914105758686,0.14158319872410283,0.1476563427851721,0.1871266757193743,-6.0,0,0,0,0,0,1,0,0,0,0,0,0
0,3,6.0,1,-0.43242425957456854,-0.6617829563253504,0,-0.35243587553369066,0.7493506229673792,0.29422425311317907,-0.07705602440045026,0.44849168455766353,0.3618077265462323,-0.12132683606930966,0.6694701528677128,-6.0,0,0,0,0,0,1,0,0,0,0,0,0
0,2,2.0,1,-0.43242425957456854,-0.6617829563253504,0,-0.35243587553369066,0.5294934046342059,0.29422425311317907,-0.07705602440045026,-0.12814208953805611,-0.29886585692015605,0.7752837601122962,0.2173507776434318,-6.0,0,0,0,0,0,1,0,0,0,0,0,0
0,2,8.0,1,-0.43242425957456854,-0.6617829563253504,0,0.14991748858583295,0.16306470741225035,0.29422425311317907,-0.07705602440045026,0.8587336233421805,1.3528181017458147,-0.12132683606930966,1.0461948002486678,-6.0,1,0,0,0,0,0,0,0,0,0,0,0
0,2,7.0,1,-0.43242425957456854,-0.6617829563253504,0,-0.35243587553369066,0.3462790560232281,0.29422425311317907,-0.07705602440045026,-0.5297775540823385,-0.739314912564415,-1.107598491869076,0.3166034504690048,-6.0,0,0,0,0,0,1,0,0,0,0,0,0
0,1,6.0,1,-0.43242425957456854,-0.6617829563253504,0,-0.35243587553369066,0.8226363624117703,0.29422425311317907,-0.07705602440045026,-0.449450461173482,-0.6292026486533502,-0.8386153130145944,0.10440808097984895,-6.0,0,0,0,0,0,1,0,0,0,0,0,0
0,2,6.0,1,-0.43242425957456854,-0.6617829563253504,0,-0.35243587553369066,-0.38657833842068295,0.29422425311317907,-0.07705602440045026,0.15587156038968641,0.9123690461015559,1.671894356293902,-0.23500369219779207,-6.0,1,0,0,0,0,0,0,0,0,0,0,0
0,1,4.0,0,-0.43242425957456854,-0.6617829563253504,0,0.7025061891173089,0.8592792321339658,0.29422425311317907,-0.07705602440045026,-0.04781499662919964,0.14158319872410283,0.23731740240333266,-0.07128055827461366,-6.0,0,0,0,0,0,0,0,0,0,0,0,1
0,1,6.0,0,-0.43242425957456854,-0.6617829563253504,0,-0.3775535437396668,0.8226363624117703,0.29422425311317907,-0.07705602440045026,-0.4580569354137166,-0.8494271764754796,-0.7489542533964337,0.2246374032346306,-6.0,0,0,0,0,0,0,0,0,0,1,0,0
1,2,2.0,0,-0.43242425957456854,-0.6617829563253504,0,0.6522708527053566,-0.4965069475872696,0.29422425311317907,-0.07705602440045026,-0.7019070388870309,-1.2898762321197386,-1.1972595514872366,-0.49795296789259363,-6.0,0,0,0,0,0,0,0,0,0,0,0,1
0,1,2.0,1,-0.43242425957456854,-0.6617829563253504,0,-0.10125919347392885,0.12642183769005477,0.29422425311317907,-0.07705602440045026,0.210379230577839,0.8022567821904911,0.8649448197304568,0.21450945194120324,-6.0,0,0,0,0,0,0,0,1,0,0,0,0
0,3,9.0,0,-0.43242425957456854,-0.6617829563253504,0,0.6271531844993804,0.272993316578837,0.29422425311317907,-0.07705602440045026,-0.085109718336883,-0.29886585692015605,0.6856227004941355,0.13363448055507426,-6.0,0,0,0,0,0,0,0,0,0,0,0,0
0,2,3.0,0,-0.43242425957456854,-0.6617829563253504,0,-0.3775535437396668,-2.255364694252656,-2.1244256555430074,-0.07705602440045026,-0.60723582224445,-1.069651704297609,-0.6592931937782731,-0.406523165831598,-6.0,0,0,0,0,0,0,1,0,0,0,0,0
0,3,4.0,0,-0.43242425957456854,0.8061079627580064,0,0.14991748858583295,0.7127077532451837,0.29422425311317907,-0.07705602440045026,-0.584285224270491,-0.5190903847422855,-0.21098789568747026,-0.7179559291018646,-6.0,0,0,0,0,0,0,0,0,0,0,1,0
0,2,7.0,0,-0.43242425957456854,-0.6617829563253504,0,-0.10125919347392885,-0.020149641198727423,0.29422425311317907,-0.07705602440045026,-0.5900228737639808,-0.6292026486533502,0.057995283167011503,-0.7888659744503074,-6.0,0,0,0,0,0,0,0,0,0,1,0,0
0,1,2.0,0,-0.43242425957456854,-0.6617829563253504,0,-0.3775535437396668,-0.4232212081428785,0.29422425311317907,-0.07705602440045026,-0.6473993686988783,-0.739314912564415,-1.0179374322509154,-0.8761398764176214,-6.0,1,0,0,0,0,0,0,0,0,0,0,0
0,2,2.0,0,-0.43242425957456854,-0.6617829563253504,0,-0.35243587553369066,-0.789649905364834,0.29422425311317907,-0.07705602440045026,-0.3920739662385845,-0.6292026486533502,0.1476563427851721,-0.17794866067910858,-6.0,0,0,0,0,1,0,0,0,0,0,0,0
1,1,2.0,1,-0.43242425957456854,-0.6617829563253504,0,-0.35243587553369066,0.4195647954676192,0.29422425311317907,-0.07705602440045026,-0.518302255095359,-0.8494271764754796,-0.8386153130145944,0.9242883975006734,-6.0,0,0,0,0,0,1,0,0,0,0,0,0
0,1,2.0,0,-0.43242425957456854,-0.6617829563253504,0,-0.35243587553369066,0.45620766518981476,0.29422425311317907,-0.07705602440045026,-0.6588746676858578,-0.9595394403865444,-1.0179374322509154,-0.4487215360135958,-6.0,0,0,1,0,0,0,0,0,0,0,0,0
0,3,0.0,0,-0.43242425957456854,0.8061079627580064,1,1.1546242168248801,0.7493506229673792,0.29422425311317907,-0.07705602440045026,-0.24576390415459595,-0.29886585692015605,0.23731740240333266,-0.09425522648481251,-6.0,0,0,0,0,1,0,0,0,0,0,0,0
0,0,5.0,1,-0.43242425957456854,0.8061079627580064,0,0.7025061891173089,0.8592792321339658,0.29422425311317907,-0.07705602440045026,-0.6588746676858578,-0.9595394403865444,-0.8386153130145944,-0.5436678689230915,-6.0,0,0,1,0,0,0,0,0,0,0,0,0
0,2,4.0,1,-0.43242425957456854,-0.6617829563253504,0,0.14991748858583295,0.38292192574542366,0.29422425311317907,-0.07705602440045026,-0.564203451043277,-0.6292026486533502,-0.6592931937782731,-0.3557288313532669,-6.0,1,0,0,0,0,0,0,0,0,0,0,0
0,1,7.0,0,-0.43242425957456854,-0.6617829563253504,0,0.7025061891173089,0.23635044685664144,0.29422425311317907,-0.07705602440045026,-0.016257924415006026,0.6921445182794265,0.6856227004941355,-0.08700006810264427,-6.0,0,0,0,0,0,1,0,0,0,0,0,0
0,2,5.0,0,-0.43242425957456854,-0.6617829563253504,0,-0.17661219809185738,0.38292192574542366,0.29422425311317907,-0.07705602440045026,-0.7162511626207553,-1.069651704297609,-1.4662427303417185,-0.6579551214993362,-6.0,0,0,0,0,0,0,0,0,0,0,1,0
0,2,2.0,0,-0.43242425957456854,-0.6617829563253504,0,-0.10125919347392885,0.4928505349120103,0.29422425311317907,-0.07705602440045026,-0.43223751269301275,-0.18875359300909134,-0.7489542533964337,0.10649961239954492,-6.0,0,0,0,0,0,0,0,0,0,0,1,0
0,2,3.0,0,-0.43242425957456854,-0.6617829563253504,1,0.6271531844993804,0.45620766518981476,0.29422425311317907,-0.07705602440045026,-0.5756787500302565,-0.8494271764754796,-1.0179374322509154,0.4620599537478615,-6.0,0,0,0,0,1,0,0,0,0,0,0,0
0,1,4.0,0,-0.43242425957456854,0.8061079627580064,0,-0.25196520270978595,-0.2033639898097052,0.29422425311317907,-0.07705602440045026,-0.4695322344006961,-0.739314912564415,-0.30064895530563085,-0.12461460947686098,-6.0,1,0,0,0,0,0,0,0,0,0,0,0
1,1,7.0,1,-0.43242425957456854,-0.6617829563253504,0,0.27550582961571385,0.3462790560232281,0.29422425311317907,-0.07705602440045026,-0.6588746676858578,-0.6292026486533502,-1.2869206111053972,-0.5436678689230915,-6.0,0,0,0,0,0,1,0,0,0,0,0,0
0,1,9.0,0,-0.43242425957456854,-0.6617829563253504,0,0.9536828711770707,0.38292192574542366,0.29422425311317907,-0.07705602440045026,-0.6818252656598167,-1.1797639682086738,-1.3765816707235579,0.6540625380759525,-6.0,0,0,0,0,0,0,0,1,0,0,0,0
0,1,4.0,0,-0.43242425957456854,-0.6617829563253504,0,0.14991748858583295,-0.16672112008750964,0.29422425311317907,-0.07705602440045026,-0.45518811066697173,-0.29886585692015605,0.3269784620214932,-0.6965763309906188,-6.0,0,0,1,0,0,0,0,0,0,0,0,0
0,3,0.0,0,-0.43242425957456854,-0.6617829563253504,0,0.6773885209113327,0.38292192574542366,0.29422425311317907,-0.07705602440045026,-0.3289598218101973,-0.18875359300909134,-0.3903100149237914,0.4940603844692099,-6.0,0,0,0,0,0,0,0,0,0,1,0,0
0,3,4.0,0,-0.43242425957456854,-0.6617829563253504,0,0.7025061891173089,0.45620766518981476,0.29422425311317907,-0.07705602440045026,-0.24289507940785107,0.471919990457297,0.41663952163965384,-0.41893955870407873,-6.0,0,0,0,0,0,1,0,0,0,0,0,0
0,3,4.0,1,-0.43242425957456854,-0.6617829563253504,0,-0.05102385706197649,0.08977896796785924,0.29422425311317907,-0.07705602440045026,-0.35191041978415627,-0.18875359300909134,0.41663952163965384,-0.5868430532296728,-6.0,0,0,0,0,0,1,0,0,0,0,0,0
0,2,8.0,0,-0.43242425957456854,-0.6617829563253504,0,-0.25196520270978595,0.1997075771344459,0.29422425311317907,-0.07705602440045026,-0.2285509556741267,-0.18875359300909134,-0.479971074541952,-0.0351775082300152,-6.0,0,0,0,0,0,0,0,1,0,0,0,0
0,2,2.0,0,-0.43242425957456854,-0.6617829563253504,0,0.09968215217388059,0.4928505349120103,0.29422425311317907,-0.07705602440045026,-0.18551858447295358,0.03147093481303811,0.23731740240333266,-0.2974683416865549,-6.0,0,0,1,0,0,0,0,0,0,0,0,0
0,2,6.0,0,-0.43242425957456854,-0.6617829563253504,0,-0.22684753450380976,-0.3499354686984874,0.29422425311317907,-0.07705602440045026,-0.7133823378740104,-1.2898762321197386,-1.1972595514872366,-0.7539564136633816,-6.0,0,0,0,0,0,0,0,0,0,0,0,0
1,2,8.0,0,-0.43242425957456854,-0.6617829563253504,0,0.6271531844993804,0.08977896796785924,0.29422425311317907,-0.07705602440045026,-0.5211710798421039,-0.6292026486533502,-0.30064895530563085,-0.48065543777294567,-6.0,1,0,0,0,0,0,0,0,0,0,0,0
0,1,7.0,1,-0.43242425957456854,-0.6617829563253504,0,-0.22684753450380976,0.3462790560232281,0.29422425311317907,-0.07705602440045026,-0.6330552449651539,-0.6292026486533502,-1.1972595514872366,-0.4226578367835383,-6.0,0,0,0,0,0,0,0,0,0,0,0,1
0,2,8.0,0,-0.43242425957456854,-0.6617829563253504,0,0.07456448396790441,0.4195647954676192,0.29422425311317907,-0.07705602440045026,-0.46666340965395126,-0.6292026486533502,-0.8386153130145944,0.29654048449950704,-6.0,0,0,0,0,0,0,0,0,0,0,0,0
0,1,0.0,0,-0.43242425957456854,-0.6617829563253504,0,0.17503515679180912,-0.09343538064311853,0.29422425311317907,-0.07705602440045026,-0.4781387086409307,-0.29886585692015605,-1.107598491869076,-0.3730732382483067,-6.0,0,0,0,0,0,1,0,0,0,0,0,0
0,1,9.0,0,-0.43242425957456854,-0.6617829563253504,0,0.7025061891173089,-0.789649905364834,0.29422425311317907,-0.07705602440045026,-0.3404351207971768,0.03147093481303811,0.6856227004941355,-0.5512870190948411,-6.0,0,0,0,0,0,0,0,1,0,0,0,0
0,2,8.0,0,-0.43242425957456854,-0.6617829563253504,0,0.3508588342336424,0.7859934926895747,0.29422425311317907,-0.07705602440045026,-0.6215799459781745,-1.069651704297609,-1.0179374322509154,-0.07128055827461366,-6.0,0,0,0,0,0,0,1,0,0,0,0,0
0,1,4.0,0,-0.43242425957456854,-0.6617829563253504,0,0.7025061891173089,-0.020149641198727423,0.29422425311317907,-0.07705602440045026,1.9029858311573147,1.7932671573900736,0.3269784620214932,1.3876638100965442,-6.0,0,0,0,0,0,0,0,0,0,1,0,0
0,2,0.0,1,-0.43242425957456854,-0.6617829563253504,0,-0.025906188856000312,-0.5697926870316607,0.29422425311317907,-0.07705602440045026,-0.28879627535576907,-0.18875359300909134,0.3269784620214932,-0.16762594109157683,-6.0,0,0,0,0,0,1,0,0,0,0,0,0
0,1,0.0,0,-0.43242425957456854,-0.6617829563253504,0,-0.025906188856000312,0.45620766518981476,0.29422425311317907,-0.07705602440045026,0.3767710658890417,0.8022567821904911,0.7752837601122962,0.19284998101270753,-6.0,0,0,0,0,0,1,0,0,0,0,0,0
1,1,0.0,0,-0.43242425957456854,-0.6617829563253504,0,-0.17661219809185738,0.9325649715783569,0.29422425311317907,-0.07705602440045026,-0.06502794510966889,0.5820322543683617,0.7752837601122962,-0.26522256264642263,-6.0,0,0,0,0,0,0,0,0,0,1,0,0
1,3,3.0,1,-0.43242425957456854,-0.6617829563253504,0,-0.17661219809185738,-2.255364694252656,-2.1244256555430074,-0.07705602440045026,-0.7363329358479693,-1.3999884960308033,-1.6455648495780395,-1.7779701967465338,-6.0,0,0,0,0,0,0,0,0,0,1,0,0
0,2,4.0,0,-0.43242425957456854,-0.6617829563253504,0,-0.17661219809185738,-0.056792510920922974,0.29422425311317907,-0.07705602440045026,-0.5498593273095526,-1.069651704297609,-0.479971074541952,0.11296434587860513,-6.0,0,0,0,0,0,0,0,0,0,1,0,0
0,2,7.0,0,-0.43242425957456854,-0.6617829563253504,0,0.8280945301471898,0.1997075771344459,0.29422425311317907,-0.07705602440045026,-0.7162511626207553,-1.2898762321197386,-1.2869206111053972,-0.6579551214993362,-6.0,0,0,0,0,0,0,0,0,0,0,0,1
0,2,7.0,0,-0.43242425957456854,-0.6617829563253504,0,0.12479982037985676,0.9692078413005525,0.29422425311317907,-0.07705602440045026,-0.2199444814338921,-0.07864132909802661,0.057995283167011503,0.02205403132931957,-6.0,0,0,0,0,0,0,0,1,0,0,0,0
1,1,6.0,0,-0.43242425957456854,-0.6617829563253504,0,1.003918207589023,0.1997075771344459,0.29422425311317907,-0.07705602440045026,-0.4236310384527781,-0.739314912564415,-0.6592931937782731,0.3359976509061857,-6.0,0,0,0,0,0,0,0,0,0,1,0,0
0,2,5.0,0,-0.43242425957456854,-0.6617829563253504,0,0.5266825116754756,-0.056792510920922974,0.29422425311317907,-0.07705602440045026,-0.5814163995237461,-0.9595394403865444,-0.30064895530563085,-0.04994693779371445,-6.0,0,0,0,0,0,0,0,0,0,0,0,0
0,1,4.0,1,-0.43242425957456854,-0.6617829563253504,0,0.3508588342336424,-0.2033639898097052,0.29422425311317907,-0.07705602440045026,0.8845530460628843,0.8022567821904911,1.5822332966757413,0.6489081062819099,-6.0,0,0,0,0,0,1,0,0,0,0,0,0
0,2,3.0,0,-0.43242425957456854,-0.6617829563253504,0,0.12479982037985676,0.4928505349120103,0.29422425311317907,-0.07705602440045026,0.058331519000360696,0.8022567821904911,0.23731740240333266,0.1918340943231409,-6.0,0,0,0,0,0,0,0,0,1,0,0,0
0,1,0.0,0,-0.43242425957456854,-0.6617829563253504,0,-0.07614152526795268,0.12642183769005477,0.29422425311317907,-0.07705602440045026,-0.27445215162204467,-0.07864132909802661,0.1476563427851721,-0.19271809024280784,-6.0,0,0,0,0,0,0,0,0,0,0,0,0
0,3,0.0,0,-0.43242425957456854,-0.6617829563253504,0,0.12479982037985676,0.12642183769005477,0.29422425311317907,-0.07705602440045026,-0.43223751269301275,-0.5190903847422855,0.5063005812578144,-0.33454651314528216,-6.0,0,0,0,0,0,1,0,0,0,0,0,0
0,2,4.0,1,-0.43242425957456854,0.8061079627580064,0,-0.05102385706197649,-0.020149641198727423,0.29422425311317907,-0.07705602440045026,-0.4609257601604615,0.03147093481303811,0.3269784620214932,-0.7539564136633816,-6.0,0,0,1,0,0,0,0,0,0,0,0,0
1,3,2.0,0,-0.43242425957456854,0.8061079627580064,0,-0.05102385706197649,0.5294934046342059,0.29422425311317907,-0.07705602440045026,-0.564203451043277,-0.18875359300909134,-0.8386153130145944,-0.49795296789259363,-6.0,0,0,1,0,0,0,0,0,0,0,0,0
0,1,4.0,0,-0.43242425957456854,0.8061079627580064,0,-0.05102385706197649,0.12642183769005477,0.29422425311317907,-0.07705602440045026,-0.721988812114245,-1.069651704297609,-1.3765816707235579,-1.1379615823195637,-6.0,0,0,0,0,0,0,0,0,0,0,1,0
0,1,0.0,0,-0.43242425957456854,-0.6617829563253504,0,-0.05102385706197649,0.9325649715783569,0.29422425311317907,-0.07705602440045026,-0.6187111212314296,-0.739314912564415,-0.5696321341601126,-0.6370852753767177,-6.0,0,0,0,0,0,0,0,0,0,0,1,0
0,1,3.0,0,-0.43242425957456854,-0.6617829563253504,0,-0.05102385706197649,0.4195647954676192,0.29422425311317907,-0.07705602440045026,-0.3834674919983499,0.8022567821904911,0.7752837601122962,-0.7141720943881917,-6.0,1,0,0,0,0,0,0,0,0,0,0,0
0,1,6.0,0,-0.43242425957456854,-0.6617829563253504,1,0.9536828711770707,0.01649322852346813,0.29422425311317907,-0.07705602440045026,0.9534048399847613,0.8022567821904911,-0.21098789568747026,0.9536607735250994,-6.0,0,0,0,0,0,0,0,0,0,1,0,0
0,1,0.0,1,-0.43242425957456854,-0.6617829563253504,0,0.6271531844993804,0.30963618630103257,0.29422425311317907,-0.07705602440045026,-0.7248576368609899,-1.1797639682086738,-1.3765816707235579,-1.1379615823195637,-6.0,0,0,0,0,0,1,0,0,0,0,0,0
1,1,7.0,0,-0.43242425957456854,-0.6617829563253504,0,0.6522708527053566,0.23635044685664144,0.29422425311317907,-0.07705602440045026,-0.6703499666728373,-1.069651704297609,-0.9282763726327549,-0.5512870190948411,-6.0,0,0,0,0,0,0,1,0,0,0,0,0
0,0,3.0,1,-0.43242425957456854,-0.6617829563253504,0,0.9788005393830469,0.272993316578837,0.29422425311317907,-0.07705602440045026,-0.108060316310842,0.14158319872410283,0.5063005812578144,0.018977066836882082,-6.0,0,0,0,0,0,0,0,0,0,1,0,0
0,2,3.0,0,-0.43242425957456854,-0.6617829563253504,0,0.5266825116754756,0.4195647954676192,0.29422425311317907,-0.07705602440045026,-0.3920739662385845,-0.5190903847422855,0.1476563427851721,-0.1083825069370466,-6.0,0,0,0,0,0,0,0,0,0,0,0,0
0,1,3.0,0,-0.43242425957456854,-0.6617829563253504,1,-0.0007885206500241326,-0.1300782503653141,0.29422425311317907,-0.07705602440045026,-0.380598667251605,-0.739314912564415,0.3269784620214932,-0.2218708204927243,-6.0,0,0,0,0,0,0,0,0,1,0,0,0
0,2,6.0,1,-0.43242425957456854,-0.6617829563253504,0,0.14991748858583295,0.38292192574542366,0.29422425311317907,-0.07705602440045026,-0.6818252656598167,-1.069651704297609,-0.7489542533964337,-0.7646232239038312,-6.0,0,0,0,0,0,1,0,0,0,0,0,0
0,3,5.0,1,-0.43242425957456854,-0.6617829563253504,0,0.12479982037985676,0.4195647954676192,0.29422425311317907,-0.07705602440045026,-0.2056003577001677,-0.07864132909802661,-0.30064895530563085,0.3363439759139923,-6.0,0,0,0,0,0,1,0,0,0,0,0,0
0,1,3.0,0,-0.43242425957456854,-0.6617829563253504,0,0.14991748858583295,-0.020149641198727423,0.29422425311317907,-0.07705602440045026,0.7984883036605381,2.1236039491232677,0.8649448197304568,-0.10770381275419717,-6.0,0,0,0,0,0,0,0,0,0,0,0,0
0,2,0.0,0,-0.43242425957456854,0.8061079627580064,1,-0.0007885206500241326,0.4928505349120103,0.29422425311317907,-0.07705602440045026,-0.5527281520562974,-0.6292026486533502,-0.3903100149237914,-0.3655373924939102,-6.0,0,0,0,0,0,0,0,0,0,0,1,0
0,2,9.0,1,-0.43242425957456854,-0.6617829563253504,0,0.12479982037985676,0.5661362743564015,0.29422425311317907,-0.07705602440045026,0.10710153969502355,1.1325935739236852,0.057995283167011503,0.3602404014526617,-6.0,1,0,0,0,0,0,0,0,0,0,0,0
0,1,0.0,1,-0.43242425957456854,-0.6617829563253504,1,0.14991748858583295,-0.5697926870316607,0.29422425311317907,-0.07705602440045026,-0.6158422964846847,-0.5190903847422855,-0.479971074541952,-0.782401240971247,-6.0,0,0,0,0,1,0,0,0,0,0,0,0
0,2,2.0,0,-0.43242425957456854,-0.6617829563253504,0,0.7025061891173089,-0.789649905364834,0.29422425311317907,-0.07705602440045026,-0.5527281520562974,-0.9595394403865444,-0.3903100149237914,0.37784829395483904,-6.0,1,0,0,0,0,0,0,0,0,0,0,0
0,2,4.0,0,-0.43242425957456854,-0.6617829563253504,0,0.14991748858583295,0.272993316578837,2.7128741617693652,2.506535856800064,-0.5441216778160628,-0.6292026486533502,0.1476563427851721,-0.552810849129191,-6.0,0,0,0,0,0,0,0,0,0,0,1,0
0,2,9.0,0,-0.43242425957456854,-0.6617829563253504,0,0.7025061891173089,0.5661362743564015,0.29422425311317907,-0.07705602440045026,0.4743111072783674,0.03147093481303811,0.057995283167011503,2.377162653840872,-6.0,0,0,0,0,0,0,0,0,1,0,0,0
0,2,2.0,0,-0.43242425957456854,-0.6617829563253504,1,0.12479982037985676,-0.33161403383738963,2.7128741617693652,3.152433827100193,-0.6646123171793475,-1.069651704297609,-1.2869206111053972,-0.44461891669034603,-6.0,0,0,0,0,0,0,0,0,0,0,1,0
0,2,3.0,1,-0.43242425957456854,0.8061079627580064,0,0.12479982037985676,0.5661362743564015,0.29422425311317907,-0.07705602440045026,1.7968393155277544,1.4629303656568795,0.5063005812578144,1.379167269951872,-6.0,0,0,0,0,0,0,0,0,0,0,1,0
0,1,4.0,0,-0.43242425957456854,-0.6617829563253504,0,0.12479982037985676,1.0424935807449436,0.29422425311317907,-0.07705602440045026,0.6980794375244675,2.013491685212203,0.6856227004941355,0.2602737982438169,-6.0,0,0,0,0,0,0,0,0,0,0,1,0
0,1,4.0,0,-0.43242425957456854,-0.6617829563253504,0,0.12479982037985676,0.23635044685664144,0.29422425311317907,-0.07705602440045026,-0.5039581313616346,-0.739314912564415,-0.5696321341601126,-0.04994693779371445,-6.0,0,0,0,0,0,0,0,0,0,0,1,0
0,1,7.0,0,-0.43242425957456854,-0.6617829563253504,0,0.14991748858583295,-0.5331498173094652,0.29422425311317907,-0.07705602440045026,-0.6416617192053885,-0.739314912564415,-0.7489542533964337,-0.5356005334471213,-6.0,0,0,0,0,0,0,1,0,0,0,0,0
0,2,9.0,1,-0.43242425957456854,-0.6617829563253504,0,0.8280945301471898,-0.2766497292540963,0.29422425311317907,-0.07705602440045026,-0.6617434924326027,-0.9595394403865444,-0.9282763726327549,-0.6686219317397857,-6.0,0,0,0,0,0,0,0,0,0,1,0,0
0,1,0.0,1,-0.43242425957456854,-0.6617829563253504,0,0.12479982037985676,0.16306470741225035,0.29422425311317907,-0.07705602440045026,0.24193630279203263,0.9123690461015559,0.6856227004941355,-0.16135584474952033,-6.0,0,0,0,0,0,1,0,0,0,0,0,0
0,2,6.0,0,-0.43242425957456854,-0.6617829563253504,0,0.3508588342336424,0.7127077532451837,0.29422425311317907,-0.07705602440045026,0.43988521031742894,0.25169546263516757,0.057995283167011503,0.8725705296681906,-6.0,0,0,0,0,0,1,0,0,0,0,0,0
0,1,5.0,0,-0.43242425957456854,-0.6617829563253504,0,0.4010941706455947,0.7859934926895747,0.29422425311317907,-0.07705602440045026,-0.3260909970634524,0.03147093481303811,0.1476563427851721,-0.14366248490623532,-6.0,0,0,0,0,0,0,0,0,0,0,1,0
0,1,7.0,1,-0.43242425957456854,-0.6617829563253504,0,0.5518001798814518,0.602779144078597,0.29422425311317907,-0.07705602440045026,0.505868179492561,1.6831548934790088,0.595961640875975,0.5123085639714665,-6.0,0,0,0,0,0,1,0,0,0,0,0,0
0,2,5.0,0,-0.43242425957456854,-0.6617829563253504,0,1.7072129173563562,0.4928505349120103,0.29422425311317907,-0.07705602440045026,-0.49535165712139995,-0.8494271764754796,0.5063005812578144,-0.3994901041345983,-6.0,0,0,0,0,0,0,0,0,0,0,1,0
0,2,9.0,0,-0.43242425957456854,0.8061079627580064,0,0.12479982037985676,-0.056792510920922974,0.29422425311317907,-0.07705602440045026,-0.6387928944586436,-0.6292026486533502,-0.9282763726327549,-0.32728400404540164,-6.0,0,0,0,0,0,0,0,0,1,0,0,0
0,3,3.0,1,-0.43242425957456854,-0.6617829563253504,0,0.6522708527053566,0.4928505349120103,0.29422425311317907,-0.07705602440045026,-0.2486327289013408,0.3618077265462323,0.5063005812578144,-0.3463719802651533,-6.0,0,0,0,0,0,1,0,0,0,0,0,0
0,2,8.0,0,-0.43242425957456854,-0.6617829563253504,0,0.576917848087428,1.0424935807449436,0.29422425311317907,-0.07705602440045026,0.1013638902015338,-0.18875359300909134,1.223589058203099,-0.07903823844948579,-6.0,0,0,0,0,0,0,0,0,0,0,1,0
0,2,9.0,0,-0.43242425957456854,0.8061079627580064,0,0.3508588342336424,0.4928505349120103,0.29422425311317907,-0.07705602440045026,-0.5412528530693179,-0.6292026486533502,-0.9282763726327549,-0.22366356170960658,-6.0,1,0,0,0,0,0,0,0,0,0,0,0
0,1,9.0,1,-0.43242425957456854,-0.6617829563253504,0,0.5266825116754756,1.0791364504671392,0.29422425311317907,-0.07705602440045026,-0.1510926875120151,-0.5190903847422855,0.41663952163965384,0.2620572617394334,-6.0,0,0,0,0,0,0,1,0,0,0,0,0
0,0,3.0,0,-0.43242425957456854,-0.6617829563253504,0,0.12479982037985676,0.7493506229673792,0.29422425311317907,-0.07705602440045026,1.0394695823871076,0.6921445182794265,0.3269784620214932,1.0721401077879589,-6.0,0,0,0,0,0,0,0,0,0,0,0,0
0,1,4.0,0,-0.43242425957456854,-0.6617829563253504,1,0.12479982037985676,0.3462790560232281,0.29422425311317907,-0.07705602440045026,-0.39494279098532936,-0.29886585692015605,0.1476563427851721,-0.5294288013890021,-6.0,1,0,0,0,0,0,0,0,0,0,0,0
1,2,7.0,0,-0.43242425957456854,-0.6617829563253504,0,0.9285652029710945,0.1997075771344459,0.29422425311317907,-0.07705602440045026,-0.10232266681735225,0.03147093481303811,0.23731740240333266,0.4320595499465973,-6.0,0,0,0,0,0,0,1,0,0,0,0,0
0,2,4.0,0,-0.43242425957456854,-0.6617829563253504,0,0.7025061891173089,-0.24000685953190073,0.29422425311317907,-0.07705602440045026,-0.6588746676858578,-1.1797639682086738,-0.8386153130145944,-0.5436678689230915,-6.0,0,0,0,0,0,0,0,0,0,0,1,0
0,2,4.0,0,-0.43242425957456854,0.8061079627580064,0,0.17503515679180912,0.4195647954676192,0.29422425311317907,-0.07705602440045026,-0.26584567738181003,-0.5190903847422855,0.1476563427851721,0.9133480793053406,-6.0,0,0,0,0,0,0,0,0,1,0,0,0
0,0,2.0,0,-0.43242425957456854,-0.6617829563253504,0,0.8280945301471898,0.38292192574542366,2.7128741617693652,1.214739916199807,-0.5814163995237461,-0.739314912564415,-1.107598491869076,-0.04994693779371445,-6.0,1,0,0,0,0,0,0,0,0,0,0,0
0,1,7.0,1,-0.43242425957456854,-0.6617829563253504,0,0.5266825116754756,0.08977896796785924,0.29422425311317907,-0.07705602440045026,-0.4810075333876756,-0.29886585692015605,1.1339279985849384,-0.6387548630665271,-6.0,0,0,0,0,0,1,0,0,0,0,0,0
0,1,6.0,1,-0.43242425957456854,-0.6617829563253504,0,0.7527415255292612,0.9692078413005525,0.29422425311317907,-0.07705602440045026,0.8329142006214767,0.5820322543683617,0.5063005812578144,0.7773926652356024,-6.0,0,0,0,0,1,0,0,0,0,0,0,0
1,1,2.0,0,-0.43242425957456854,-0.6617829563253504,1,0.27550582961571385,0.9692078413005525,0.29422425311317907,-0.07705602440045026,-0.6215799459781745,-1.069651704297609,-1.0179374322509154,0.3553918513433666,-6.0,0,0,0,0,0,0,0,1,0,0,0,0
0,2,2.0,0,-0.43242425957456854,-0.6617829563253504,0,0.17503515679180912,0.3462790560232281,0.29422425311317907,-0.07705602440045026,-0.6732187914195822,-1.069651704297609,-1.4662427303417185,0.23348544859537215,-6.0,0,0,0,0,0,0,0,0,0,1,0,0
0,1,3.0,1,-0.43242425957456854,-0.6617829563253504,0,0.17503515679180912,-0.38657833842068295,0.29422425311317907,-0.07705602440045026,-0.3404351207971768,-0.29886585692015605,-0.21098789568747026,0.14205564653437647,-6.0,0,0,0,0,0,0,0,0,0,1,0,0
0,3,4.0,0,-0.43242425957456854,0.8061079627580064,0,0.27550582961571385,-0.1300782503653141,0.29422425311317907,-0.07705602440045026,-0.19699388345993307,0.25169546263516757,0.057995283167011503,-0.21535176152224325,-6.0,0,0,0,0,0,0,1,0,0,0,0,0
0,2,3.0,1,-0.43242425957456854,-0.6617829563253504,0,0.7527415255292612,0.6760648835229881,0.29422425311317907,-0.07705602440045026,1.1857796444710962,1.7932671573900736,1.5822332966757413,-0.013337391536369295,-6.0,0,0,0,0,0,0,0,1,0,0,0,0
0,1,0.0,0,-0.43242425957456854,-0.6617829563253504,0,0.6773885209113327,0.30963618630103257,0.29422425311317907,-0.07705602440045026,-0.25723920314157545,0.471919990457297,-0.12132683606930966,0.20131570342576258,-6.0,1,0,0,0,0,0,0,0,0,0,0,0
0,2,4.0,0,-0.43242425957456854,-0.6617829563253504,1,0.27550582961571385,0.4928505349120103,0.29422425311317907,-0.07705602440045026,-0.721988812114245,-1.069651704297609,-1.5559037899598789,-0.7112891727015836,-6.0,0,0,0,0,0,0,0,0,0,0,1,0
0,2,9.0,0,-0.43242425957456854,0.8061079627580064,1,0.27550582961571385,0.16306470741225035,0.29422425311317907,-0.07705602440045026,-0.7334641111012244,-1.2898762321197386,-1.5559037899598789,-1.1379615823195637,-6.0,1,0,0,0,0,0,0,0,0,0,0,0
0,2,0.0,1,-0.43242425957456854,-0.6617829563253504,0,0.6773885209113327,0.1997075771344459,0.29422425311317907,-0.07705602440045026,-0.49248283237465507,-0.8494271764754796,-0.21098789568747026,0.03538754412988154,-6.0,1,0,0,0,0,0,0,0,0,0,0,0
0,1,4.0,1,-0.43242425957456854,-0.6617829563253504,0,0.5518001798814518,0.30963618630103257,0.29422425311317907,-0.07705602440045026,-0.6301864202184091,-1.1797639682086738,-1.2869206111053972,2.9580935500130456,-6.0,0,0,1,0,0,0,0,0,0,0,0,0
1,2,3.0,1,-0.43242425957456854,-0.6617829563253504,0,0.6773885209113327,0.5294934046342059,0.29422425311317907,-0.07705602440045026,0.22472335431156337,0.6921445182794265,1.7615554159120625,-0.26809071904910425,-6.0,0,0,0,0,0,0,1,0,0,0,0,0
0,3,3.0,1,-0.43242425957456854,0.8061079627580064,0,0.27550582961571385,0.8592792321339658,0.29422425311317907,-0.07705602440045026,-0.26584567738181003,0.471919990457297,0.595961640875975,-0.5715171764474178,-6.0,0,0,0,0,0,0,0,0,0,1,0,0
0,2,7.0,0,-0.43242425957456854,-0.6617829563253504,0,0.5518001798814518,1.1157793201893347,0.29422425311317907,-0.07705602440045026,0.7210300354984266,0.471919990457297,0.7752837601122962,0.8230248122846727,-6.0,0,0,0,0,0,0,0,1,0,0,0,0
0,2,9.0,0,-0.43242425957456854,-0.6617829563253504,0,0.4010941706455947,1.0791364504671392,0.29422425311317907,-0.07705602440045026,1.9775752745726816,2.5640530047675267,0.23731740240333266,1.3268921070889208,-6.0,0,0,0,0,0,1,0,0,0,0,0,0
0,1,2.0,1,-0.43242425957456854,-0.6617829563253504,0,0.6773885209113327,0.8592792321339658,2.7128741617693652,1.214739916199807,-0.3863363167450948,-0.40897812083122076,-0.03166577645114908,0.1264456803288406,-6.0,0,0,0,0,0,0,0,0,1,0,0,0
0,2,2.0,0,-0.43242425957456854,-0.6617829563253504,0,0.5518001798814518,0.30963618630103257,0.29422425311317907,-0.07705602440045026,-0.3863363167450948,-0.5190903847422855,0.595961640875975,-0.4081271974467031,-6.0,0,0,0,0,0,0,0,0,0,0,1,0
0,1,6.0,0,-0.43242425957456854,0.8061079627580064,0,0.5266825116754756,-2.255364694252656,-2.1244256555430074,-0.07705602440045026,-0.7363329358479693,-1.3999884960308033,-1.6455648495780395,-1.7779701967465338,-6.0,0,0,0,0,0,0,0,1,0,0,0,0
0,2,4.0,0,-0.43242425957456854,-0.6617829563253504,0,0.5266825116754756,0.8959221018561614,0.29422425311317907,-0.07705602440045026,-0.11953561529782149,0.6921445182794265,0.1476563427851721,-0.09989882965142924,-6.0,0,0,0,0,0,0,0,0,0,0,1,0
0,1,4.0,0,-0.43242425957456854,-0.6617829563253504,0,0.5266825116754756,0.3462790560232281,0.29422425311317907,-0.07705602440045026,-0.584285224270491,-0.18875359300909134,-1.2869206111053972,-0.16271036033560934,-6.0,0,0,0,0,1,0,0,0,0,0,0,0
0,2,2.0,0,-0.43242425957456854,-0.6617829563253504,1,0.5266825116754756,0.3462790560232281,0.29422425311317907,-0.07705602440045026,-0.31461569807647294,0.25169546263516757,-0.03166577645114908,-0.3737721919590025,-6.0,0,0,0,0,0,0,0,0,0,0,1,0
0,2,7.0,0,-0.43242425957456854,-0.6617829563253504,0,0.9536828711770707,0.6760648835229881,0.29422425311317907,-0.07705602440045026,-0.24576390415459595,0.9123690461015559,-0.03166577645114908,-0.25794973748247985,-6.0,0,0,0,0,0,0,0,0,0,0,0,0
0,1,4.0,0,-0.43242425957456854,-0.6617829563253504,0,0.6773885209113327,-0.2766497292540963,0.29422425311317907,-0.07705602440045026,-0.6330552449651539,-0.739314912564415,-0.12132683606930966,-0.9551019781975723,-6.0,0,0,1,0,0,0,0,0,0,0,0,0
0,2,3.0,0,-0.43242425957456854,-0.6617829563253504,0,0.8783298665591421,0.5294934046342059,0.29422425311317907,-0.07705602440045026,-0.5412528530693179,-0.5190903847422855,-0.8386153130145944,-0.32728400404540164,-6.0,0,0,0,0,0,0,1,0,0,0,0,0
0,2,4.0,1,-0.43242425957456854,-0.6617829563253504,1,0.5518001798814518,0.12642183769005477,0.29422425311317907,-0.07705602440045026,-0.5584658015497872,-1.069651704297609,0.057995283167011503,-0.5379535062942793,-6.0,0,0,1,0,0,0,0,0,0,0,0,0
0,1,5.0,0,-0.43242425957456854,-0.6617829563253504,0,0.5266825116754756,-0.4965069475872696,0.29422425311317907,-0.07705602440045026,3.965670824066879,2.5640530047675267,3.1961323698026316,2.150771822151609,-6.0,0,0,0,0,0,0,0,0,0,0,0,0
0,2,0.0,0,-0.43242425957456854,-0.6617829563253504,0,0.6271531844993804,0.5661362743564015,0.29422425311317907,-0.07705602440045026,-0.48674518288116536,-0.739314912564415,-0.7489542533964337,0.2106279980801233,-6.0,0,0,0,0,1,0,0,0,0,0,0,0
0,1,4.0,0,-0.43242425957456854,-0.6617829563253504,0,0.5518001798814518,-0.16672112008750964,0.29422425311317907,-0.07705602440045026,-0.6043669974977052,-0.6292026486533502,-0.5696321341601126,-0.6456472635295868,-6.0,0,0,0,0,0,0,0,1,0,0,0,0
0,1,5.0,0,-0.43242425957456854,-0.6617829563253504,0,0.5266825116754756,1.0424935807449436,0.29422425311317907,-0.07705602440045026,0.5001305299990713,0.14158319872410283,0.7752837601122962,0.5796683743476893,-6.0,0,0,0,0,0,0,1,0,0,0,0,0
0,2,4.0,0,-0.43242425957456854,0.8061079627580064,0,0.5266825116754756,0.4928505349120103,0.29422425311317907,-0.07705602440045026,-0.33182864655694216,-0.739314912564415,-0.8386153130145944,1.5642970119276434,-6.0,0,0,1,0,0,0,0,0,0,0,0,0
0,2,7.0,0,-0.43242425957456854,0.8061079627580064,0,0.5518001798814518,0.4195647954676192,0.29422425311317907,-0.07705602440045026,-0.3404351207971768,-0.29886585692015605,-0.30064895530563085,-0.20080611119435743,-6.0,0,0,0,0,0,0,0,0,0,0,0,0
0,1,9.0,0,-0.43242425957456854,-0.6617829563253504,0,0.5266825116754756,-0.09343538064311853,0.29422425311317907,-0.07705602440045026,-0.3232221723167075,-0.5190903847422855,-0.3903100149237914,1.1020685681748317,-6.0,1,0,0,0,0,0,0,0,0,0,0,0
1,1,6.0,1,-0.43242425957456854,-0.6617829563253504,0,0.6773885209113327,0.23635044685664144,0.29422425311317907,-0.07705602440045026,0.3423451689281032,0.3618077265462323,0.23731740240333266,0.7820642609613466,-6.0,0,0,0,0,0,0,0,0,0,1,0,0
0,2,2.0,0,-0.43242425957456854,0.8061079627580064,0,0.5518001798814518,0.45620766518981476,0.29422425311317907,-0.07705602440045026,-0.2859274506090242,0.3618077265462323,-0.21098789568747026,-0.10328098899596205,-6.0,1,0,0,0,0,0,0,0,0,0,0,0
0,1,0.0,0,-0.43242425957456854,-0.6617829563253504,0,0.576917848087428,-2.255364694252656,-2.1244256555430074,-0.07705602440045026,-0.7334641111012244,-1.2898762321197386,-1.5559037899598789,-1.1379615823195637,-6.0,0,0,0,0,0,0,0,0,0,0,0,1
0,1,0.0,0,-0.43242425957456854,-0.6617829563253504,0,0.6522708527053566,-0.4965069475872696,0.29422425311317907,-0.07705602440045026,-0.6703499666728373,-1.1797639682086738,-0.3903100149237914,-0.8579578135077643,-6.0,0,0,0,0,1,0,0,0,0,0,0,0
0,2,0.0,1,-0.43242425957456854,0.8061079627580064,0,0.5518001798814518,-0.16672112008750964,0.29422425311317907,-0.07705602440045026,-0.07076559460315864,0.03147093481303811,1.0442669389667778,0.3133255574373685,-6.0,1,0,0,0,0,0,0,0,0,0,0,0
0,2,4.0,0,-0.43242425957456854,-0.6617829563253504,0,0.576917848087428,-0.020149641198727423,0.29422425311317907,-0.07705602440045026,-0.7305952863544797,-1.2898762321197386,-1.4662427303417185,-1.1379615823195637,-6.0,0,0,0,0,0,0,0,0,0,0,0,1
0,2,5.0,0,-0.43242425957456854,-0.6617829563253504,0,0.6271531844993804,0.12642183769005477,0.29422425311317907,-0.07705602440045026,0.5661134991742034,0.25169546263516757,2.2098607140028657,-0.058657114203075726,-6.0,0,0,0,0,0,0,0,0,0,0,0,0
0,2,7.0,1,-0.43242425957456854,-0.6617829563253504,0,0.7025061891173089,0.12642183769005477,0.29422425311317907,-0.07705602440045026,0.28496867399320575,0.25169546263516757,0.5063005812578144,0.5469590556616433,-6.0,0,0,0,0,0,0,0,0,0,0,0,0
0,1,4.0,1,-0.43242425957456854,-0.6617829563253504,0,0.5518001798814518,0.12642183769005477,0.29422425311317907,-0.07705602440045026,-0.5412528530693179,-0.40897812083122076,-1.107598491869076,-0.03714676550517504,-6.0,0,0,0,0,0,0,0,0,0,0,0,0
0,2,4.0,0,-0.43242425957456854,-0.6617829563253504,0,0.6271531844993804,0.23635044685664144,0.29422425311317907,-0.07705602440045026,-0.45231928592022685,-0.18875359300909134,-0.21098789568747026,-0.510753140181133,-6.0,0,0,0,0,0,0,1,0,0,0,0,0
0,2,4.0,1,-0.43242425957456854,-0.6617829563253504,0,0.6522708527053566,0.6760648835229881,0.29422425311317907,-0.07705602440045026,-0.26584567738181003,0.3618077265462323,0.7752837601122962,-0.3784846931995593,-6.0,0,0,1,0,0,0,0,0,0,0,0,0
1,1,8.0,0,-0.43242425957456854,-0.6617829563253504,0,0.7025061891173089,0.4195647954676192,0.29422425311317907,-0.07705602440045026,-0.5269087293355936,-0.6292026486533502,0.057995283167011503,-0.6914439443472591,-6.0,0,1,0,0,0,0,0,0,0,0,0,0
0,2,6.0,0,-0.43242425957456854,-0.6617829563253504,0,0.6271531844993804,-0.09343538064311853,0.29422425311317907,-0.07705602440045026,-0.6101046469911949,-1.069651704297609,-1.2869206111053972,0.7820642609613466,-6.0,0,0,0,0,0,0,0,0,1,0,0,0
0,1,3.0,0,-0.43242425957456854,-0.6617829563253504,0,0.8783298665591421,0.01649322852346813,0.29422425311317907,-0.07705602440045026,-0.43223751269301275,-1.1797639682086738,-0.9282763726327549,2.2126717520333976,-6.0,1,0,0,0,0,0,0,0,0,0,0,0
1,1,4.0,0,-0.43242425957456854,-0.6617829563253504,0,0.6271531844993804,0.4195647954676192,2.7128741617693652,5.090127738000579,-0.2400262546611062,0.3618077265462323,-0.03166577645114908,-0.3016836594683228,-6.0,0,0,0,0,0,0,0,0,0,0,0,0
0,1,8.0,0,-0.43242425957456854,-0.6617829563253504,0,0.7025061891173089,0.4928505349120103,0.29422425311317907,-0.07705602440045026,-0.3691233682646255,0.03147093481303811,-0.30064895530563085,-0.5176455406441927,-6.0,0,0,0,0,0,0,0,0,0,1,0,0
0,2,0.0,0,-0.43242425957456854,-0.6617829563253504,0,0.6271531844993804,-0.16672112008750964,0.29422425311317907,-0.07705602440045026,-0.5986293480042154,-0.07864132909802661,-0.8386153130145944,-0.7539564136633816,-6.0,0,0,0,0,0,0,0,0,0,0,1,0
0,1,0.0,0,-0.43242425957456854,-0.6617829563253504,0,0.6271531844993804,-2.255364694252656,-2.1244256555430074,-0.07705602440045026,-0.7133823378740104,-1.1797639682086738,-1.1972595514872366,-0.9246253775105737,-6.0,0,0,0,1,0,0,0,0,0,0,0,0
0,1,0.0,0,-0.43242425957456854,-0.6617829563253504,0,0.6271531844993804,0.5661362743564015,0.29422425311317907,-0.07705602440045026,0.9820930874522101,1.7932671573900736,0.5063005812578144,0.727684444049251,-6.0,0,0,0,0,1,0,0,0,0,0,0,0
1,1,4.0,1,-0.43242425957456854,-0.6617829563253504,0,0.6522708527053566,-0.789649905364834,0.29422425311317907,-0.07705602440045026,-0.31174687332972806,0.25169546263516757,0.8649448197304568,-0.49795296789259363,-6.0,0,0,0,0,0,0,0,0,1,0,0,0
0,2,4.0,0,-0.43242425957456854,-0.6617829563253504,0,0.6271531844993804,0.12642183769005477,0.29422425311317907,-0.07705602440045026,-0.030602048148730396,0.14158319872410283,0.9546058793486173,0.052752118939915646,-6.0,0,0,0,0,1,0,0,0,0,0,0,0
1,1,2.0,0,-0.43242425957456854,0.8061079627580064,0,0.7025061891173089,0.272993316578837,0.29422425311317907,-0.07705602440045026,-0.47526988389418584,-0.40897812083122076,-0.3903100149237914,-0.06500596401552575,-6.0,0,0,0,0,0,0,0,0,0,0,1,0
0,1,4.0,1,-0.43242425957456854,0.8061079627580064,0,0.6271531844993804,-0.09343538064311853,0.29422425311317907,-0.07705602440045026,-0.4064180899723089,-0.5190903847422855,0.057995283167011503,-0.21199167208479858,-6.0,0,0,0,0,0,1,0,0,0,0,0,0
0,2,2.0,0,-0.43242425957456854,-0.6617829563253504,0,0.7025061891173089,0.30963618630103257,0.29422425311317907,-0.07705602440045026,0.3767710658890417,0.25169546263516757,0.23731740240333266,1.1782600698923278,-6.0,0,0,0,0,1,0,0,0,0,0,0,0
1,2,9.0,0,-0.43242425957456854,-0.6617829563253504,0,0.6271531844993804,0.5661362743564015,0.29422425311317907,-0.07705602440045026,-0.5441216778160628,-0.40897812083122076,-0.12132683606930966,-0.6784682181155853,-6.0,0,0,0,0,0,0,0,0,0,1,0,0
0,3,9.0,0,-0.43242425957456854,-0.6617829563253504,0,0.7025061891173089,0.5294934046342059,0.29422425311317907,-0.07705602440045026,-0.16543681124573947,-0.29886585692015605,0.057995283167011503,0.5805800675306337,-6.0,0,0,0,0,0,1,0,0,0,0,0,0
0,3,0.0,1,-0.43242425957456854,-0.6617829563253504,0,0.7527415255292612,-0.3499354686984874,0.29422425311317907,-0.07705602440045026,-0.6846940904065616,-1.1797639682086738,-0.7489542533964337,-0.9551019781975723,-6.0,0,0,0,0,0,0,0,0,0,0,1,0
0,2,6.0,0,-0.43242425957456854,-0.6617829563253504,0,0.6271531844993804,0.7127077532451837,0.29422425311317907,-0.07705602440045026,-0.6043669974977052,-0.9595394403865444,-1.0179374322509154,0.32491525065636784,-6.0,0,0,0,0,0,0,0,0,1,0,0,0
1,2,0.0,1,-0.43242425957456854,-0.6617829563253504,0,0.8280945301471898,-2.255364694252656,-2.1244256555430074,-0.07705602440045026,-0.678956440913072,-1.069651704297609,-0.8386153130145944,-0.7112891727015836,-6.0,0,0,0,0,0,0,1,0,0,0,0,0
0,2,8.0,0,-0.43242425957456854,-0.6617829563253504,0,0.7025061891173089,0.6760648835229881,0.29422425311317907,-0.07705602440045026,0.6292276436025906,1.1325935739236852,0.3269784620214932,0.8482720486606886,-6.0,0,0,0,0,0,0,0,0,0,0,0,0
0,1,2.0,1,-0.43242425957456854,-0.6617829563253504,0,0.6522708527053566,-0.789649905364834,0.29422425311317907,-0.07705602440045026,-0.41789338895928835,0.14158319872410283,0.057995283167011503,-0.48631644763028514,-6.0,0,0,1,0,0,0,0,0,0,0,0,0
0,2,3.0,1,-0.43242425957456854,-0.6617829563253504,0,0.6522708527053566,-0.09343538064311853,0.29422425311317907,-0.07705602440045026,-0.47526988389418584,-0.5190903847422855,-0.479971074541952,-0.6579551214993362,-6.0,0,0,0,0,0,0,0,1,0,0,0,0
0,2,8.0,0,-0.43242425957456854,-0.6617829563253504,1,0.6271531844993804,-0.2766497292540963,0.29422425311317907,-0.07705602440045026,-0.6158422964846847,-0.9595394403865444,-0.9282763726327549,-0.43395210644989657,-6.0,0,0,0,0,0,0,0,0,1,0,0,0
0,2,0.0,0,-0.43242425957456854,-0.6617829563253504,0,0.6522708527053566,0.6394220138007926,0.29422425311317907,-0.07705602440045026,-0.6560058429391129,-1.069651704297609,-1.107598491869076,-0.14885736002333724,-6.0,1,0,0,0,0,0,0,0,0,0,0,0
0,3,4.0,0,-0.43242425957456854,-0.6617829563253504,0,0.6773885209113327,0.30963618630103257,0.29422425311317907,-0.07705602440045026,-0.5469905025628077,-0.6292026486533502,-0.21098789568747026,-0.4153712111923395,-6.0,0,0,0,0,0,0,0,0,0,0,0,1
0,1,9.0,0,-0.43242425957456854,-0.6617829563253504,0,0.6522708527053566,-2.255364694252656,-2.1244256555430074,-0.07705602440045026,-0.6646123171793475,-0.9595394403865444,-1.107598491869076,-0.44461891669034603,-6.0,0,0,0,0,0,0,0,0,0,0,0,0
0,1,0.0,1,-0.43242425957456854,-0.6617829563253504,0,0.9536828711770707,0.01649322852346813,0.29422425311317907,-0.07705602440045026,-0.24576390415459595,0.03147093481303811,0.23731740240333266,-0.2990313715166434,-6.0,0,0,0,0,0,0,0,1,0,0,0,0
0,1,0.0,1,-0.43242425957456854,-0.6617829563253504,0,0.8280945301471898,0.45620766518981476,0.29422425311317907,-0.07705602440045026,-0.7162511626207553,-1.069651704297609,-1.3765816707235579,-0.8819581365487758,-6.0,0,1,0,0,0,0,0,0,0,0,0,0
0,3,9.0,0,-0.43242425957456854,0.8061079627580064,0,0.6522708527053566,1.0424935807449436,0.29422425311317907,-0.07705602440045026,-0.6187111212314296,-1.069651704297609,-0.30064895530563085,-0.5284295685795922,-6.0,0,0,0,0,0,0,0,1,0,0,0,0
0,2,9.0,0,-0.43242425957456854,0.8061079627580064,0,0.6773885209113327,1.0058507110227481,0.29422425311317907,-0.07705602440045026,0.2017727563376044,1.0224813100126207,1.0442669389667778,-0.033946722433040255,-6.0,0,0,0,0,0,0,0,0,0,0,1,0
0,2,9.0,0,-0.43242425957456854,-0.6617829563253504,0,0.6773885209113327,0.5661362743564015,0.29422425311317907,-0.07705602440045026,-0.6617434924326027,-0.9595394403865444,-0.9282763726327549,-0.3912848654880987,-6.0,0,0,0,0,0,0,0,0,0,0,1,0
0,2,4.0,0,-0.43242425957456854,-0.6617829563253504,0,0.7025061891173089,0.602779144078597,0.29422425311317907,-0.07705602440045026,0.233329828551798,0.25169546263516757,-0.5696321341601126,1.0683839042576229,-6.0,1,0,0,0,0,0,0,0,0,0,0,0
0,0,2.0,0,-0.43242425957456854,-0.6617829563253504,0,0.7025061891173089,-0.5697926870316607,0.29422425311317907,-0.07705602440045026,-0.6244487707249193,-0.739314912564415,-1.1972595514872366,-0.21794919908079421,-6.0,0,0,0,0,0,0,0,0,0,0,0,0
0,2,9.0,1,-0.43242425957456854,-0.6617829563253504,0,0.7025061891173089,0.6760648835229881,0.29422425311317907,-0.07705602440045026,0.5689823239209483,0.5820322543683617,0.595961640875975,0.6898596300693254,-6.0,0,0,0,0,0,0,0,0,0,0,0,0
0,2,6.0,0,-0.43242425957456854,-0.6617829563253504,0,0.7025061891173089,0.6394220138007926,0.29422425311317907,-0.07705602440045026,-0.3920739662385845,-0.40897812083122076,-0.03166577645114908,-0.3288940886099978,-6.0,0,0,0,0,0,0,1,0,0,0,0,0
1,3,3.0,0,-0.43242425957456854,0.8061079627580064,0,0.6773885209113327,0.8592792321339658,0.29422425311317907,-0.07705602440045026,-0.027733223401985523,1.3528181017458147,0.9546058793486173,-0.5712363970254528,-6.0,0,0,0,0,0,0,0,0,0,0,1,0
0,3,2.0,0,-0.43242425957456854,-0.6617829563253504,0,0.6773885209113327,0.30963618630103257,0.29422425311317907,-0.07705602440045026,-0.08224089359013813,-0.40897812083122076,0.41663952163965384,0.2487237489388714,-6.0,0,0,1,0,0,0,0,0,0,0,0,0
0,2,2.0,0,-0.43242425957456854,-0.6617829563253504,0,0.8280945301471898,-0.020149641198727423,0.29422425311317907,-0.07705602440045026,-0.6043669974977052,-0.8494271764754796,-0.3903100149237914,-0.6875851499450292,-6.0,0,0,1,0,0,0,0,0,0,0,0,0
0,2,8.0,0,-0.43242425957456854,-0.6617829563253504,0,0.7025061891173089,-2.255364694252656,-2.1244256555430074,-0.07705602440045026,-0.5010893066148897,-0.739314912564415,-0.30064895530563085,-0.028613317312815526,-6.0,0,0,0,0,0,0,0,1,0,0,0,0
0,2,0.0,1,-0.43242425957456854,0.8061079627580064,0,0.8783298665591421,0.6760648835229881,0.29422425311317907,-0.07705602440045026,1.2058614176983102,0.9123690461015559,1.9408775351483838,0.7707699912949884,-6.0,0,0,0,0,1,0,0,0,0,0,0,0
0,2,7.0,1,-0.43242425957456854,0.8061079627580064,0,0.7025061891173089,1.0424935807449436,0.29422425311317907,-0.07705602440045026,0.0038238488122080898,1.6831548934790088,-0.03166577645114908,-0.15912487790184482,-6.0,1,0,0,0,0,0,0,0,0,0,0,0
0,2,2.0,1,-0.43242425957456854,-0.6617829563253504,0,0.7025061891173089,0.16306470741225035,0.29422425311317907,-0.07705602440045026,-0.03633969764222014,-0.8494271764754796,0.1476563427851721,1.3452718416570801,-6.0,0,0,0,0,0,0,0,0,0,0,0,0
1,2,5.0,1,-0.43242425957456854,-0.6617829563253504,0,0.7025061891173089,-0.2033639898097052,0.29422425311317907,-0.07705602440045026,-0.7162511626207553,-0.9595394403865444,-1.5559037899598789,-0.6579551214993362,-6.0,0,0,0,0,0,0,0,0,0,0,0,0
0,1,4.0,1,-0.43242425957456854,-0.6617829563253504,0,0.7025061891173089,-0.056792510920922974,0.29422425311317907,-0.07705602440045026,0.08415094172106456,0.5820322543683617,0.6856227004941355,-0.26522256264642263,-6.0,0,0,0,0,0,0,0,0,0,0,0,0
0,2,7.0,1,-0.43242425957456854,-0.6617829563253504,0,0.7025061891173089,0.12642183769005477,0.29422425311317907,-0.07705602440045026,-0.085109718336883,-0.18875359300909134,-0.479971074541952,0.6037012044816991,-6.0,0,0,0,0,0,0,0,0,0,0,0,0
0,1,4.0,0,-0.43242425957456854,-0.6617829563253504,0,0.7025061891173089,0.272993316578837,0.29422425311317907,-0.07705602440045026,-0.22281330618063694,-0.29886585692015605,0.6856227004941355,-0.25048297031416517,-6.0,0,0,0,0,1,0,0,0,0,0,0,0
1,2,5.0,0,-0.43242425957456854,-0.6617829563253504,0,0.8280945301471898,-2.255364694252656,-2.1244256555430074,-0.07705602440045026,-0.7191199873675002,-1.2898762321197386,-1.2869206111053972,-0.8179572751060787,-6.0,0,0,1,0,0,0,0,0,0,0,0,0
0,3,4.0,0,-0.43242425957456854,-0.6617829563253504,0,0.8280945301471898,1.1524221899115303,0.29422425311317907,-0.07705602440045026,0.7726688809398343,0.6921445182794265,1.5822332966757413,0.31298962430058597,-6.0,0,0,0,0,0,0,0,0,0,1,0,0
0,1,3.0,1,-0.43242425957456854,-0.6617829563253504,0,0.7025061891173089,0.602779144078597,0.29422425311317907,-0.07705602440045026,0.9247165925173126,1.6831548934790088,-0.30064895530563085,0.7776504084480572,-6.0,0,0,0,0,0,0,0,0,1,0,0,0
0,2,4.0,0,-0.43242425957456854,-0.6617829563253504,0,0.7025061891173089,0.8592792321339658,0.29422425311317907,-0.07705602440045026,-0.3490415950374114,-0.07864132909802661,0.595961640875975,-0.4688616672368223,-6.0,0,0,0,0,0,0,0,0,0,0,1,0
0,1,2.0,1,-0.43242425957456854,-0.6617829563253504,0,0.8783298665591421,-0.2033639898097052,0.29422425311317907,-0.07705602440045026,1.0423384071338524,-0.07864132909802661,1.0442669389667778,2.11227824388799,-6.0,0,0,0,0,0,0,0,0,0,1,0,0
0,3,4.0,0,-0.43242425957456854,-0.6617829563253504,0,0.7025061891173089,-0.16672112008750964,0.29422425311317907,-0.07705602440045026,-0.07937206884339325,0.14158319872410283,0.8649448197304568,-0.23521258933836384,-6.0,0,0,0,0,0,0,0,0,0,1,0,0
0,1,0.0,1,-0.43242425957456854,-0.6617829563253504,0,0.7025061891173089,-2.255364694252656,-2.1244256555430074,-0.07705602440045026,-0.7277264616077348,-1.2898762321197386,-1.5559037899598789,0.14205564653437647,-6.0,0,0,0,0,0,0,0,0,0,1,0,0
0,3,0.0,1,-0.43242425957456854,-0.6617829563253504,0,1.003918207589023,-0.020149641198727423,0.29422425311317907,-0.07705602440045026,-0.6904317399000514,-1.069651704297609,-0.9282763726327549,-0.6401771044319204,-6.0,0,0,0,1,0,0,0,0,0,0,0,0
1,3,4.0,1,-0.43242425957456854,-0.6617829563253504,0,0.8280945301471898,0.9325649715783569,0.29422425311317907,-0.07705602440045026,-0.5728099252835116,-0.8494271764754796,-0.30064895530563085,-0.25794973748247985,-6.0,0,0,0,0,0,0,0,0,0,0,1,0
1,2,9.0,0,-0.43242425957456854,-0.6617829563253504,0,0.8783298665591421,-0.2033639898097052,0.29422425311317907,-0.07705602440045026,-0.6732187914195822,-1.2898762321197386,-1.4662427303417185,2.9154263090512464,-6.0,0,0,0,0,0,0,0,0,0,1,0,0
0,1,8.0,0,-0.43242425957456854,-0.6617829563253504,0,0.8280945301471898,0.4928505349120103,0.29422425311317907,-0.07705602440045026,-0.7334641111012244,-1.2898762321197386,-1.5559037899598789,-1.1379615823195637,-6.0,0,0,0,0,0,0,0,1,0,0,0,0
0,2,9.0,0,-0.43242425957456854,-0.6617829563253504,0,0.727623857323285,1.0791364504671392,0.29422425311317907,-0.07705602440045026,-0.3461727702906665,-0.5190903847422855,0.23731740240333266,-0.10410151286061202,-6.0,0,0,0,0,0,0,1,0,0,0,0,0
0,3,8.0,1,-0.43242425957456854,0.8061079627580064,0,0.8783298665591421,0.4928505349120103,0.29422425311317907,-0.07705602440045026,0.14726508614945177,1.1325935739236852,-0.21098789568747026,-0.06386016854212691,-6.0,1,0,0,0,0,0,0,0,0,0,0,0
0,3,3.0,0,-0.43242425957456854,0.8061079627580064,0,0.727623857323285,-0.1300782503653141,0.29422425311317907,-0.07705602440045026,0.22472335431156337,1.6831548934790088,1.0442669389667778,-0.24652101222485542,-6.0,0,0,0,0,0,0,0,0,0,1,0,0
0,2,6.0,0,-0.43242425957456854,-0.6617829563253504,0,0.727623857323285,1.1524221899115303,0.29422425311317907,-0.07705602440045026,-0.20273153295342283,-0.18875359300909134,0.23731740240333266,0.053439069152180635,-6.0,0,0,0,0,0,0,0,0,0,1,0,0
0,2,6.0,0,-0.43242425957456854,-0.6617829563253504,0,0.727623857323285,0.8592792321339658,0.29422425311317907,-0.07705602440045026,1.1599602217503924,1.6831548934790088,0.41663952163965384,0.5854135693776407,-6.0,0,0,0,0,0,0,0,0,0,1,0,0
0,2,6.0,1,-0.43242425957456854,-0.6617829563253504,0,0.727623857323285,-0.31329259897629186,0.29422425311317907,-0.07705602440045026,-0.5039581313616346,-0.8494271764754796,-0.479971074541952,0.14205564653437647,-6.0,0,0,0,0,0,0,0,0,0,1,0,0
1,2,8.0,1,-0.43242425957456854,-0.6617829563253504,0,0.727623857323285,-0.2033639898097052,0.29422425311317907,-0.07705602440045026,-0.5412528530693179,-0.739314912564415,-0.8386153130145944,0.20023824784591915,-6.0,0,0,0,0,0,0,0,0,0,1,0,0
1,2,4.0,1,-0.43242425957456854,-0.6617829563253504,0,0.8280945301471898,-2.255364694252656,-2.1244256555430074,-0.07705602440045026,-0.7363329358479693,-1.3999884960308033,-1.6455648495780395,-1.7779701967465338,-6.0,0,0,0,0,0,0,0,0,0,1,0,0
0,1,3.0,0,-0.43242425957456854,-0.6617829563253504,0,0.8280945301471898,-0.09343538064311853,0.29422425311317907,-0.07705602440045026,-0.7363329358479693,-1.3999884960308033,-1.6455648495780395,-1.7779701967465338,-6.0,0,0,0,0,0,0,0,0,0,1,0,0
1,3,3.0,0,-0.43242425957456854,-0.6617829563253504,0,0.8280945301471898,-0.4232212081428785,0.29422425311317907,-0.07705602440045026,-0.5527281520562974,-0.739314912564415,-0.3903100149237914,-0.41261848596899764,-6.0,0,0,0,0,0,0,0,0,0,1,0,0
1,2,2.0,1,-0.43242425957456854,-0.6617829563253504,0,0.8280945301471898,0.12642183769005477,0.29422425311317907,-0.07705602440045026,-0.02486439865524065,0.14158319872410283,1.1339279985849384,-0.17471629393957835,-6.0,0,0,0,0,0,0,0,0,0,1,0,0
0,2,9.0,1,-0.43242425957456854,-0.6617829563253504,0,0.8280945301471898,-0.056792510920922974,0.29422425311317907,-0.07705602440045026,-0.5269087293355936,-0.6292026486533502,-0.6592931937782731,-0.2708531369668945,-6.0,0,0,0,0,0,0,0,0,0,1,0,0
0,2,0.0,0,-0.43242425957456854,-0.6617829563253504,0,0.8280945301471898,0.08977896796785924,0.29422425311317907,-0.07705602440045026,-0.09945384207060737,0.25169546263516757,0.6856227004941355,0.22318349906737256,-6.0,0,0,0,0,0,0,0,0,0,1,0,0
1,3,7.0,0,-0.43242425957456854,0.8061079627580064,0,0.8280945301471898,-2.255364694252656,-2.1244256555430074,-0.07705602440045026,-0.6588746676858578,-0.8494271764754796,-1.107598491869076,-0.3379508142858511,-6.0,0,0,0,0,1,0,0,0,0,0,0,0
0,2,4.0,0,-0.43242425957456854,-0.6617829563253504,0,0.8280945301471898,0.5661362743564015,0.29422425311317907,-0.07705602440045026,-0.2400262546611062,-0.18875359300909134,0.5063005812578144,-0.12541064009181993,-6.0,0,0,0,0,0,1,0,0,0,0,0,0
0,2,0.0,0,-0.43242425957456854,-0.6617829563253504,1,0.8280945301471898,0.38292192574542366,0.29422425311317907,-0.07705602440045026,-0.11092914105758686,0.6921445182794265,-0.03166577645114908,0.0823215091878593,-6.0,0,0,0,0,0,0,0,0,0,1,0,0
0,1,0.0,0,-0.43242425957456854,-0.6617829563253504,0,0.8280945301471898,-0.1300782503653141,0.29422425311317907,-0.07705602440045026,-0.6387928944586436,-1.1797639682086738,-0.5696321341601126,-0.10410151286061202,-6.0,0,0,0,0,0,0,0,0,0,1,0,0
1,0,4.0,0,-0.43242425957456854,-0.6617829563253504,0,0.8280945301471898,0.16306470741225035,0.29422425311317907,-0.07705602440045026,-0.45518811066697173,0.03147093481303811,-0.03166577645114908,-0.3524964646137369,-6.0,0,0,0,0,0,0,0,0,0,1,0,0
0,2,2.0,0,-0.43242425957456854,-0.6617829563253504,0,0.8783298665591421,0.30963618630103257,0.29422425311317907,-0.07705602440045026,-0.7305952863544797,-1.2898762321197386,-1.5559037899598789,-0.49795296789259363,-6.0,0,0,0,1,0,0,0,0,0,0,0,0
0,2,3.0,0,-0.43242425957456854,-0.6617829563253504,0,0.8280945301471898,0.7859934926895747,0.29422425311317907,-0.07705602440045026,-0.5469905025628077,-0.8494271764754796,-0.5696321341601126,0.05857626204390202,-6.0,0,0,0,0,0,0,0,0,0,1,0,0
0,2,0.0,0,-0.43242425957456854,-0.6617829563253504,0,0.8280945301471898,0.30963618630103257,0.29422425311317907,-0.07705602440045026,-0.538384028322573,-0.9595394403865444,-0.12132683606930966,0.062054569731005205,-6.0,0,0,0,0,0,0,0,0,0,1,0,0
0,2,2.0,1,-0.43242425957456854,-0.6617829563253504,0,0.8280945301471898,0.7859934926895747,0.29422425311317907,-0.07705602440045026,-0.11092914105758686,-0.18875359300909134,0.8649448197304568,-0.09698371548051611,-6.0,0,0,0,0,0,0,0,0,0,1,0,0
0,1,0.0,1,-0.43242425957456854,-0.6617829563253504,1,0.8280945301471898,0.7859934926895747,0.29422425311317907,-0.07705602440045026,-0.60723582224445,-0.739314912564415,-0.21098789568747026,-0.9052311770733928,-6.0,0,0,0,0,0,0,0,0,0,1,0,0
1,3,8.0,0,-0.43242425957456854,-0.6617829563253504,0,0.9536828711770707,-2.255364694252656,-2.1244256555430074,-0.07705602440045026,-0.7363329358479693,-1.3999884960308033,-1.6455648495780395,-1.7779701967465338,-6.0,0,0,0,0,0,0,0,0,0,1,0,0
0,3,8.0,1,-0.43242425957456854,-0.6617829563253504,0,1.3304478942667133,-2.255364694252656,-2.1244256555430074,-0.07705602440045026,-0.7363329358479693,-1.3999884960308033,-1.6455648495780395,-1.7779701967465338,-6.0,0,0,0,0,0,0,0,0,0,1,0,0
0,3,7.0,1,-0.43242425957456854,0.8061079627580064,0,-0.2770828709157621,0.7859934926895747,0.29422425311317907,-0.07705602440045026,-0.5240399045888487,0.03147093481303811,-0.9282763726327549,-0.023872512761504556,-6.0,0,0,0,0,0,1,0,0,0,0,0,0
0,1,3.0,1,-0.43242425957456854,-0.6617829563253504,0,0.6522708527053566,0.5294934046342059,0.29422425311317907,-0.07705602440045026,-0.45518811066697173,-0.6292026486533502,0.595961640875975,-0.3524964646137369,-6.0,0,0,0,0,0,0,0,0,0,1,0,0
0,3,5.0,1,-0.43242425957456854,-0.6617829563253504,1,-0.07614152526795268,-0.056792510920922974,0.29422425311317907,-0.07705602440045026,-0.5039581313616346,-0.6292026486533502,-0.30064895530563085,-0.2968074033584029,-6.0,0,0,0,0,0,1,0,0,0,0,0,0
0,2,9.0,1,-0.43242425957456854,-0.6617829563253504,0,-1.8343782996862852,-0.24000685953190073,0.29422425311317907,-0.07705602440045026,-0.6273175954716642,-0.40897812083122076,-0.8386153130145944,-0.720564659867192,-6.0,0,0,0,0,0,0,0,1,0,0,0,0
0,2,8.0,1,-0.43242425957456854,-0.6617829563253504,0,-0.9050245760651666,-0.2033639898097052,0.29422425311317907,-0.07705602440045026,1.0452072318805974,0.6921445182794265,-0.12132683606930966,1.4797785701317319,-6.0,0,0,0,0,0,0,0,0,0,0,0,0
1,2,6.0,2,3.0201955466369994,-0.6617829563253504,0,0.8783298665591421,-0.5331498173094652,0.29422425311317907,-0.07705602440045026,-0.7363329358479693,-1.3999884960308033,-1.6455648495780395,-1.7779701967465338,-6.0,0,0,0,0,0,0,0,0,0,0,1,0
0,2,4.0,1,-0.43242425957456854,-0.6617829563253504,0,-0.6036125575934524,-0.056792510920922974,0.29422425311317907,-0.07705602440045026,-0.2371574299143613,-0.6292026486533502,0.9546058793486173,-0.11585827271231301,-6.0,0,0,0,0,0,0,1,0,0,0,0,0
0,2,3.0,1,-0.43242425957456854,-0.6617829563253504,0,0.8783298665591421,0.38292192574542366,0.29422425311317907,-0.07705602440045026,-0.02486439865524065,0.9123690461015559,0.595961640875975,-0.3218038079585651,-6.0,1,0,0,0,0,0,0,0,0,0,0,0
1,2,5.0,1,-0.43242425957456854,0.07216250321632804,1,-0.17661219809185738,-2.255364694252656,-2.1244256555430074,-0.07705602440045026,-0.7076446883805206,-1.1797639682086738,-1.1972595514872366,-0.7112891727015836,-6.0,0,0,0,0,0,0,1,0,0,0,0,0
1,2,8.0,1,-0.43242425957456854,-0.6617829563253504,0,-0.7543185668293095,0.9325649715783569,0.29422425311317907,-0.07705602440045026,1.3206144075681052,1.6831548934790088,-0.12132683606930966,1.1825857809575795,-6.0,0,0,0,0,0,1,0,0,0,0,0,0
0,1,4.0,1,1.2938856435312154,0.8061079627580064,0,-2.336731663805809,0.47086481307869316,9.968823887737924,23.15373099725965,-0.5211710798421039,-1.069651704297609,-1.0179374322509154,3.0220944114557424,-6.0,0,0,1,0,0,0,0,0,0,0,0,0
0,1,0.0,1,-0.43242425957456854,-0.6617829563253504,0,0.7025061891173089,0.8592792321339658,0.29422425311317907,-0.07705602440045026,-0.6502681934456231,-1.069651704297609,-1.0179374322509154,-0.17794866067910858,-6.0,0,0,0,0,0,0,0,1,0,0,0,0
0,3,4.0,1,-0.43242425957456854,-0.6617829563253504,0,0.8783298665591421,0.272993316578837,0.29422425311317907,-0.07705602440045026,-0.7334641111012244,-1.2898762321197386,-1.5559037899598789,-1.1379615823195637,-6.0,0,0,0,0,0,1,0,0,0,0,0,0
0,3,0.0,1,-0.43242425957456854,-0.6617829563253504,1,-0.8045539032412619,0.6394220138007926,0.29422425311317907,-0.07705602440045026,0.07554446748082994,1.1325935739236852,0.9546058793486173,-0.2559329036134873,-6.0,0,0,0,0,0,1,0,0,0,0,0,0
0,1,7.0,1,1.2938856435312154,0.8061079627580064,0,-0.9803775806830951,-0.1300782503653141,0.29422425311317907,-0.07705602440045026,2.121016511909925,2.1236039491232677,-0.03166577645114908,1.686424259608152,-6.0,0,0,0,0,1,0,0,0,0,0,0,0
0,2,5.0,1,-0.43242425957456854,-0.6617829563253504,0,0.7527415255292612,0.38292192574542366,0.29422425311317907,-0.07705602440045026,-0.31461569807647294,-0.5190903847422855,0.057995283167011503,0.516694835467237,-6.0,0,0,0,0,0,0,0,0,1,0,0,0
0,1,3.0,1,1.2938856435312154,-0.6617829563253504,0,-2.537673009453618,0.6394220138007926,0.29422425311317907,-0.07705602440045026,-0.12527326479131123,0.03147093481303811,-0.479971074541952,0.197708569528026,-6.0,0,0,0,0,0,0,0,1,0,0,0,0
0,2,0.0,1,-0.43242425957456854,-0.6617829563253504,0,0.12479982037985676,0.6760648835229881,0.29422425311317907,-0.07705602440045026,-0.25437037839483057,-0.8494271764754796,-0.30064895530563085,0.7820642609613466,-6.0,0,0,0,0,0,0,0,0,1,0,0,0
0,1,2.0,1,-0.43242425957456854,-0.6617829563253504,0,-0.9301422442711428,-2.255364694252656,-2.1244256555430074,-0.07705602440045026,-0.6129734717379398,-0.6292026486533502,-0.3903100149237914,-0.6771553799321453,-6.0,0,0,1,0,0,0,0,0,0,0,0,0
0,1,8.0,1,-0.43242425957456854,-0.6617829563253504,0,0.6271531844993804,0.45620766518981476,0.29422425311317907,-0.07705602440045026,2.849697997583123,2.5640530047675267,1.223589058203099,2.0316048891282885,-6.0,0,0,0,0,0,0,1,0,0,0,0,0
0,1,4.0,1,-0.43242425957456854,-0.6617829563253504,0,-1.9097313043042137,0.4195647954676192,0.29422425311317907,-0.07705602440045026,-0.050683821375944516,0.14158319872410283,-0.6592931937782731,1.7792869857661606,-6.0,0,0,1,0,0,0,0,0,0,0,0,0
0,1,7.0,1,3.0201955466369994,0.8061079627580064,0,0.8280945301471898,0.01649322852346813,7.5501739790817375,11.209229402946738,-0.7277264616077348,-1.1797639682086738,-1.5559037899598789,-0.8179572751060787,-6.0,0,0,0,0,1,0,0,0,0,0,0,0
0,1,6.0,1,-0.43242425957456854,-0.6617829563253504,1,-0.7040832304173572,0.8226363624117703,0.29422425311317907,-0.07705602440045026,-0.5728099252835116,-0.6292026486533502,-0.7489542533964337,-0.04080395758761491,-6.0,0,0,0,0,0,1,0,0,0,0,0,0
0,1,4.0,1,1.2938856435312154,0.8061079627580064,0,-0.45290654835759536,0.053136098245663684,0.29422425311317907,-0.07705602440045026,-0.5613346262965321,-0.9595394403865444,-0.30064895530563085,-0.3836657153163491,-6.0,1,0,0,0,0,0,0,0,0,0,0,0
0,2,5.0,1,1.2938856435312154,0.8061079627580064,0,0.8280945301471898,0.8226363624117703,0.29422425311317907,-0.07705602440045026,0.9648801389717409,1.24270583783475,-0.03166577645114908,1.1870697122784135,-6.0,0,0,0,0,0,0,0,0,0,0,0,1
0,2,4.0,1,1.2938856435312154,0.8061079627580064,0,-0.4277888801516192,1.0424935807449436,0.29422425311317907,-0.07705602440045026,0.22472335431156337,0.471919990457297,0.41663952163965384,0.8366991426807219,-6.0,0,0,0,0,0,0,1,0,0,0,0,0
0,3,7.0,0,-0.43242425957456854,-0.6617829563253504,0,-0.9301422442711428,1.0424935807449436,0.29422425311317907,-0.07705602440045026,-0.6588746676858578,-1.069651704297609,-0.8386153130145944,-0.7614859267742873,-6.0,0,0,0,0,0,0,0,0,0,0,1,0
0,2,9.0,1,-0.43242425957456854,-0.6617829563253504,0,0.6773885209113327,0.4928505349120103,0.29422425311317907,-0.07705602440045026,-0.6445305439521334,-0.9595394403865444,-0.8386153130145944,-0.31509336377060226,-6.0,0,0,0,0,0,0,1,0,0,0,0,0
0,2,4.0,1,-0.43242425957456854,-0.6617829563253504,1,-0.6036125575934524,-0.16672112008750964,0.29422425311317907,-0.07705602440045026,0.14439626140270692,0.8022567821904911,0.23731740240333266,0.40517029913213076,-6.0,0,0,1,0,0,0,0,0,0,0,0,0
0,1,4.0,1,-0.43242425957456854,-0.6617829563253504,1,0.8280945301471898,0.8592792321339658,0.29422425311317907,-0.07705602440045026,-0.5355152035758282,-0.8494271764754796,-0.6592931937782731,-0.2846167630836035,-6.0,1,0,0,0,0,0,0,0,0,0,0,0
0,2,3.0,1,-0.43242425957456854,0.8061079627580064,1,0.727623857323285,0.8592792321339658,0.29422425311317907,-0.07705602440045026,-0.7105135131272655,-1.2898762321197386,-1.2869206111053972,-0.8179572751060787,-6.0,0,0,0,0,1,0,0,0,0,0,0,0
0,2,6.0,0,-0.43242425957456854,-0.6617829563253504,0,-2.487437673041666,1.0424935807449436,0.29422425311317907,-0.07705602440045026,3.6386248029379633,1.4629303656568795,1.8512164755302232,2.3229253368716574,-6.0,1,0,0,0,0,0,0,0,0,0,0,0
0,1,4.0,0,1.2938856435312154,0.8061079627580064,0,1.129506548618904,0.1997075771344459,0.29422425311317907,-0.07705602440045026,-0.37486101775811526,-0.29886585692015605,0.057995283167011503,-0.024903122446572147,-6.0,0,0,0,0,0,0,0,0,1,0,0,0
0,3,8.0,1,-0.43242425957456854,-0.6617829563253504,0,-0.4277888801516192,0.8226363624117703,0.29422425311317907,-0.07705602440045026,0.18169098311039028,-0.18875359300909134,-0.479971074541952,1.6354090801973065,-6.0,0,0,0,0,0,0,0,0,0,1,0,0
0,3,8.0,1,-0.43242425957456854,-0.6617829563253504,0,-0.5533772211815001,1.0058507110227481,0.29422425311317907,-0.07705602440045026,-0.27445215162204467,-0.18875359300909134,0.6856227004941355,-0.116012343153918,-6.0,0,0,0,1,0,0,0,0,0,0,0,0
0,1,2.0,1,-0.43242425957456854,0.8061079627580064,0,-1.7590252950683567,-2.255364694252656,-2.1244256555430074,-0.07705602440045026,-0.7363329358479693,-1.3999884960308033,-1.6455648495780395,-1.7779701967465338,-6.0,0,0,0,0,0,0,0,0,1,0,0,0
0,3,8.0,1,-0.43242425957456854,-0.6617829563253504,0,-0.22684753450380976,0.30963618630103257,0.29422425311317907,-0.07705602440045026,0.11570801393525817,0.6921445182794265,0.9546058793486173,0.14205564653437647,-6.0,0,0,0,0,0,0,0,0,0,0,0,0
0,3,8.0,1,-0.43242425957456854,-0.6617829563253504,0,0.8280945301471898,0.6394220138007926,0.29422425311317907,-0.07705602440045026,-0.5269087293355936,-0.739314912564415,-0.479971074541952,0.34569475112477616,-6.0,0,0,0,0,0,0,1,0,0,0,0,0
1,3,9.0,1,-0.43242425957456854,-0.6617829563253504,0,0.6271531844993804,0.8592792321339658,0.29422425311317907,-0.07705602440045026,-0.47240105914744096,-0.9595394403865444,-0.30064895530563085,0.12141020735931293,-6.0,0,0,0,0,0,0,1,0,0,0,0,0
0,2,7.0,1,-0.43242425957456854,0.8061079627580064,0,-2.361849332011785,0.3462790560232281,0.29422425311317907,-0.07705602440045026,2.0435582437478135,1.9033794213011384,0.3269784620214932,1.4860737368310135,-6.0,0,0,1,0,0,0,0,0,0,0,0,0
0,1,4.0,1,1.2938856435312154,-0.6617829563253504,0,-1.4576132765966425,-2.255364694252656,-2.1244256555430074,-0.07705602440045026,-0.6646123171793475,-0.6292026486533502,-0.9282763726327549,-0.6350976709840872,-6.0,0,0,0,0,0,1,0,0,0,0,0,0
1,2,9.0,1,1.2938856435312154,0.8061079627580064,0,-1.4324956083906664,0.602779144078597,0.29422425311317907,-0.07705602440045026,-0.4781387086409307,-0.9595394403865444,-1.1972595514872366,0.9649238650833379,-6.0,0,0,0,0,0,0,0,1,0,0,0,0
0,2,5.0,1,-0.43242425957456854,-0.6617829563253504,0,-0.17661219809185738,0.08977896796785924,0.29422425311317907,-0.07705602440045026,-0.6301864202184091,-1.1797639682086738,-1.0179374322509154,0.37478605178054747,-6.0,0,0,0,0,0,0,0,0,0,1,0,0
0,3,6.0,1,1.2938856435312154,-0.6617829563253504,0,0.6271531844993804,0.9325649715783569,0.29422425311317907,-0.07705602440045026,-0.0736344193499035,0.25169546263516757,1.0442669389667778,0.04723955550815854,-6.0,0,0,0,0,0,0,0,0,0,1,0,0
0,2,2.0,1,3.0201955466369994,0.8061079627580064,0,-0.9803775806830951,0.8592792321339658,0.29422425311317907,-0.07705602440045026,-0.43223751269301275,-0.18875359300909134,0.41663952163965384,-0.6837619204681656,-6.0,0,0,0,0,0,0,1,0,0,0,0,0
0,1,0.0,1,-0.43242425957456854,-0.6617829563253504,1,-0.6036125575934524,0.4928505349120103,0.29422425311317907,-0.07705602440045026,0.2878374987399506,0.471919990457297,-0.03166577645114908,0.22626730632739897,-6.0,0,0,0,0,0,1,0,0,0,0,0,0
0,1,5.0,1,-0.43242425957456854,-0.6617829563253504,0,0.7025061891173089,-0.16672112008750964,0.29422425311317907,-0.07705602440045026,-0.5240399045888487,-0.8494271764754796,-0.7489542533964337,1.1820696449782029,-6.0,0,0,0,0,0,1,0,0,0,0,0,0
0,1,0.0,1,-0.43242425957456854,-0.6617829563253504,0,0.12479982037985676,0.5661362743564015,0.29422425311317907,-0.07705602440045026,-0.47240105914744096,-0.6292026486533502,0.1476563427851721,-0.43977036658105095,-6.0,0,0,0,0,0,0,0,0,0,1,0,0
0,2,5.0,1,-0.43242425957456854,-0.6617829563253504,0,0.17503515679180912,0.8592792321339658,0.29422425311317907,-0.07705602440045026,0.7009482622712124,0.3618077265462323,0.595961640875975,1.1637207741517415,-6.0,0,0,0,0,0,0,0,0,0,1,0,0
0,1,4.0,0,-0.43242425957456854,0.8061079627580064,1,-1.2817895991548094,-0.2766497292540963,0.29422425311317907,-0.07705602440045026,-0.6617434924326027,-0.5190903847422855,-1.0179374322509154,-0.8535133092409104,-6.0,0,0,0,0,0,0,0,1,0,0,0,0
0,1,5.0,0,-0.43242425957456854,-0.6617829563253504,0,0.5266825116754756,0.21802901199554367,2.7128741617693652,5.736025708300707,0.08415094172106456,0.5820322543683617,-0.12132683606930966,0.37547055297244797,-6.0,0,0,0,0,0,0,0,0,0,0,0,0
0,2,9.0,1,-0.43242425957456854,-0.6617829563253504,0,0.727623857323285,0.7493506229673792,0.29422425311317907,-0.07705602440045026,0.7066859117647022,1.0224813100126207,0.3269784620214932,0.7769848275135135,-6.0,0,0,0,0,0,0,0,1,0,0,0,0
0,3,8.0,0,-0.43242425957456854,-0.6617829563253504,0,0.576917848087428,1.2623507990781169,0.29422425311317907,-0.07705602440045026,6.068519363430871,2.6741652686785913,0.9546058793486173,3.844624001108181,-6.0,0,0,0,0,0,0,0,1,0,0,0,0
0,1,4.0,0,-0.43242425957456854,0.8061079627580064,0,-1.1562012581249284,0.23635044685664144,0.29422425311317907,-0.07705602440045026,-0.3060092238362383,-0.29886585692015605,-0.7489542533964337,0.3090144155153251,-6.0,0,0,1,0,0,0,0,0,0,0,0,0
0,3,3.0,1,-0.43242425957456854,-0.6617829563253504,0,-1.4576132765966425,-0.1300782503653141,0.29422425311317907,-0.07705602440045026,0.09562624070804406,1.0224813100126207,0.3269784620214932,-0.043367409981848466,-6.0,0,0,0,0,0,1,0,0,0,0,0,0
0,3,4.0,1,-0.43242425957456854,1.540053422299685,0,0.576917848087428,0.6394220138007926,0.29422425311317907,-0.07705602440045026,-0.12240444004456637,0.14158319872410283,0.1476563427851721,0.048187716418420956,-6.0,0,0,0,0,0,0,0,0,0,1,0,0
0,1,4.0,0,-0.43242425957456854,-0.6617829563253504,1,-0.8045539032412619,-0.1300782503653141,0.29422425311317907,-0.07705602440045026,-0.37772984250486014,-0.07864132909802661,-0.479971074541952,-0.07581962646203892,-6.0,0,0,0,0,0,0,0,1,0,0,0,0
0,1,3.0,0,-0.43242425957456854,-0.6617829563253504,0,0.5518001798814518,-0.16672112008750964,0.29422425311317907,-0.07705602440045026,-0.7277264616077348,-1.2898762321197386,-1.4662427303417185,-0.8179572751060787,-6.0,0,0,0,0,0,0,0,0,1,0,0,0
0,2,5.0,1,-0.43242425957456854,-0.6617829563253504,0,0.8280945301471898,0.6760648835229881,0.29422425311317907,-0.07705602440045026,-0.45518811066697173,-0.5190903847422855,-0.479971074541952,0.12266144609719556,-6.0,0,0,0,0,0,0,0,0,0,1,0,0
0,1,3.0,1,-0.43242425957456854,-0.6617829563253504,0,-1.4576132765966425,0.5294934046342059,0.29422425311317907,-0.07705602440045026,-0.5728099252835116,-0.9595394403865444,-0.6592931937782731,0.04605435437033101,-6.0,1,0,0,0,0,0,0,0,0,0,0,0
0,2,0.0,0,3.0201955466369994,2.2739988818413632,1,1.556506908120499,0.6394220138007926,0.29422425311317907,-0.07705602440045026,-0.5326463788290833,-0.9595394403865444,-0.7489542533964337,-0.09498458103116793,-6.0,0,0,0,0,0,0,0,0,0,1,0,0
0,2,4.0,0,1.2938856435312154,-0.6617829563253504,0,-1.809260631480309,-2.255364694252656,-2.1244256555430074,-0.07705602440045026,-0.1396173885250356,-0.29886585692015605,1.5822332966757413,0.302057800141119,-6.0,0,0,0,0,1,0,0,0,0,0,0,0
0,1,0.0,0,-0.43242425957456854,-0.6617829563253504,0,0.5266825116754756,-2.255364694252656,-2.1244256555430074,-0.07705602440045026,-0.7334641111012244,-1.2898762321197386,-1.5559037899598789,-1.1379615823195637,-6.0,0,0,0,0,1,0,0,0,0,0,0,0
0,2,2.0,1,-0.43242425957456854,-0.6617829563253504,0,0.5266825116754756,-0.020149641198727423,0.29422425311317907,-0.07705602440045026,-0.6359240697118987,-0.6292026486533502,-0.6592931937782731,-0.8040440443576662,-6.0,0,0,1,0,0,0,0,0,0,0,0,0
0,1,7.0,1,3.0201955466369994,2.2739988818413632,0,0.6522708527053566,0.7982077825969731,12.38747379639411,17.135044314177097,-0.7363329358479693,-1.3999884960308033,-1.6455648495780395,-1.7779701967465338,-6.0,0,0,0,0,0,0,0,0,1,0,0,0
0,2,0.0,1,-0.43242425957456854,5.2097807200080775,1,0.12479982037985676,-0.16672112008750964,0.29422425311317907,-0.07705602440045026,-0.06789676985641376,0.3618077265462323,1.0442669389667778,0.10965014706971986,-6.0,0,0,0,0,0,1,0,0,0,0,0,0
0,2,9.0,0,-0.43242425957456854,0.8061079627580064,0,-1.1813189263309045,-2.255364694252656,-2.1244256555430074,-0.07705602440045026,-0.7277264616077348,-1.2898762321197386,-1.4662427303417185,-0.8179572751060787,-6.0,0,0,0,0,0,0,1,0,0,0,0,0
0,0,0.0,1,-0.43242425957456854,-0.6617829563253504,0,1.129506548618904,0.23635044685664144,0.29422425311317907,-0.07705602440045026,-0.6846940904065616,-1.1797639682086738,-1.2869206111053972,-0.6259546907779876,-6.0,0,0,0,0,0,0,0,0,0,1,0,0
0,2,5.0,0,-0.43242425957456854,-0.6617829563253504,0,0.8783298665591421,1.0424935807449436,0.29422425311317907,-0.07705602440045026,-0.6818252656598167,-1.1797639682086738,-0.9282763726327549,-0.8425729910455776,-6.0,0,1,0,0,0,0,0,0,0,0,0,0
0,1,6.0,0,-0.43242425957456854,-0.6617829563253504,0,-0.4780242165635715,1.0424935807449436,0.29422425311317907,-0.07705602440045026,-0.4695322344006961,-0.6292026486533502,-0.21098789568747026,-0.5115701724548696,-6.0,0,1,0,0,0,0,0,0,0,0,0,0
0,3,2.0,1,-0.43242425957456854,-0.6617829563253504,0,0.12479982037985676,0.7859934926895747,0.29422425311317907,-0.07705602440045026,-0.25723920314157545,-0.07864132909802661,-0.6592931937782731,-0.10794771847615874,-6.0,0,0,0,0,0,0,0,0,0,1,0,0
0,2,4.0,0,-0.43242425957456854,0.8061079627580064,0,-1.8343782996862852,0.6760648835229881,0.29422425311317907,-0.07705602440045026,-0.5785475747770014,-0.40897812083122076,0.057995283167011503,-0.7426621439970233,-6.0,0,0,0,0,0,0,0,0,0,0,1,0
0,2,9.0,1,-0.43242425957456854,-0.6617829563253504,0,-0.6036125575934524,0.9325649715783569,0.29422425311317907,-0.07705602440045026,-0.08224089359013813,-0.739314912564415,-0.21098789568747026,1.538438078011402,-6.0,0,0,0,0,1,0,0,0,0,0,0,0
0,2,4.0,0,1.2938856435312154,0.8061079627580064,0,0.727623857323285,0.30963618630103257,0.29422425311317907,-0.07705602440045026,-0.02486439865524065,0.3618077265462323,0.1476563427851721,0.046422175413105116,-6.0,0,0,1,0,0,0,0,0,0,0,0,0
0,2,3.0,1,-0.43242425957456854,-0.6617829563253504,0,0.7527415255292612,0.38292192574542366,0.29422425311317907,-0.07705602440045026,-0.6875629151533065,-1.069651704297609,-1.1972595514872366,-0.7888659744503074,-6.0,0,0,0,0,0,0,0,0,1,0,0,0
0,2,3.0,1,-0.43242425957456854,-0.6617829563253504,1,0.6271531844993804,0.4195647954676192,0.29422425311317907,-0.07705602440045026,-0.24289507940785107,0.5820322543683617,-0.6592931937782731,0.2235112883705364,-6.0,0,0,0,0,1,0,0,0,0,0,0,0
0,1,0.0,0,3.0201955466369994,0.8061079627580064,1,0.5266825116754756,0.8348506523191687,5.131524070425551,12.391730634376596,-0.6961693893935411,-1.069651704297609,-1.3765816707235579,-0.782401240971247,-6.0,0,1,0,0,0,0,0,0,0,0,0,0
0,1,2.0,1,-0.43242425957456854,0.8061079627580064,0,0.6522708527053566,0.7493506229673792,0.29422425311317907,-0.07705602440045026,0.021036797292677333,0.25169546263516757,2.2995217736210263,-0.12147731234731703,-6.0,1,0,0,0,0,0,0,0,0,0,0,0
1,2,4.0,0,-0.43242425957456854,-0.6617829563253504,0,0.9788005393830469,0.6760648835229881,0.29422425311317907,-0.07705602440045026,-0.3662545435178806,-0.8494271764754796,-0.5696321341601126,0.7238816596498039,-6.0,0,0,0,0,0,0,0,1,0,0,0,0
0,2,6.0,0,-0.43242425957456854,0.07216250321632804,0,-2.537673009453618,0.12642183769005477,0.29422425311317907,-0.07705602440045026,-0.6187111212314296,-0.8494271764754796,-1.0179374322509154,-0.23442000901090015,-6.0,0,0,0,0,0,0,0,0,1,0,0,0
0,3,9.0,1,-0.43242425957456854,-0.6617829563253504,0,-0.9301422442711428,-0.056792510920922974,0.29422425311317907,-0.07705602440045026,-0.6933005646467962,-1.069651704297609,-1.1972595514872366,-0.5779540446959649,-6.0,0,0,0,0,0,0,0,0,0,1,0,0
0,2,6.0,1,-0.43242425957456854,0.8061079627580064,1,-0.07614152526795268,-0.789649905364834,0.29422425311317907,-0.07705602440045026,-0.7248576368609899,-1.2898762321197386,-1.4662427303417185,-0.49795296789259363,-6.0,0,0,0,0,0,0,0,0,0,0,0,0
0,2,7.0,0,-0.43242425957456854,0.8061079627580064,1,0.12479982037985676,0.5294934046342059,0.29422425311317907,-0.07705602440045026,-0.2056003577001677,1.5730426295679443,0.5063005812578144,-0.7572668030483488,-6.0,0,0,0,0,0,0,0,0,0,0,0,0
0,1,0.0,1,1.2938856435312154,0.8061079627580064,1,-0.45290654835759536,0.053136098245663684,0.29422425311317907,-0.07705602440045026,-0.5555969768030423,-0.9595394403865444,-0.9282763726327549,0.7420637225596609,-6.0,0,0,0,0,0,0,0,0,0,0,1,0
0,1,9.0,0,-0.43242425957456854,-0.6617829563253504,0,0.727623857323285,1.2257079293559214,0.29422425311317907,-0.07705602440045026,-0.5527281520562974,-0.739314912564415,-0.7489542533964337,0.08387304522283379,-6.0,0,0,0,0,0,0,0,1,0,0,0,0
0,1,8.0,0,1.2938856435312154,0.8061079627580064,0,-0.2770828709157621,0.7859934926895747,0.29422425311317907,-0.07705602440045026,0.210379230577839,1.7932671573900736,0.23731740240333266,-0.10175715896161214,-6.0,0,1,0,0,0,0,0,0,0,0,0,0
0,2,0.0,0,-0.43242425957456854,-0.6617829563253504,0,-0.35243587553369066,0.4195647954676192,0.29422425311317907,-0.07705602440045026,0.6493094168298047,-0.5190903847422855,1.3132501178212597,1.1943775029479522,-6.0,0,0,0,0,0,0,0,0,0,0,0,1
0,1,4.0,1,-0.43242425957456854,-0.6617829563253504,0,1.003918207589023,-2.255364694252656,-2.1244256555430074,-0.07705602440045026,-0.7363329358479693,-1.3999884960308033,-1.6455648495780395,-1.7779701967465338,-6.0,0,0,0,0,0,0,0,0,0,0,0,1
0,1,6.0,1,-0.43242425957456854,-0.6617829563253504,0,-1.6334369540384759,0.4195647954676192,0.29422425311317907,-0.07705602440045026,1.191517293964586,1.3528181017458147,1.492572237057581,0.7973938086122918,-6.0,0,0,0,0,0,0,1,0,0,0,0,0
0,1,2.0,1,-0.43242425957456854,1.540053422299685,0,-0.0007885206500241326,0.8592792321339658,0.29422425311317907,-0.07705602440045026,-0.4236310384527781,0.5820322543683617,-0.9282763726327549,-0.6879555253006004,-6.0,0,0,0,0,1,0,0,0,0,0,0,0
0,3,9.0,1,-0.43242425957456854,-0.6617829563253504,0,0.4010941706455947,0.8592792321339658,0.29422425311317907,-0.07705602440045026,0.15013391089619665,0.8022567821904911,0.9546058793486173,-0.10201543523862053,-6.0,0,0,0,0,0,0,0,0,0,0,1,0
0,2,3.0,0,-0.43242425957456854,-0.6617829563253504,0,0.5518001798814518,0.1997075771344459,0.29422425311317907,-0.07705602440045026,-0.3662545435178806,-0.07864132909802661,-1.107598491869076,0.39469062591344367,-6.0,0,0,1,0,0,0,0,0,0,0,0,0
0,1,5.0,0,-0.43242425957456854,0.8061079627580064,0,1.1546242168248801,-2.255364694252656,-2.1244256555430074,-0.07705602440045026,-0.7105135131272655,-1.2898762321197386,-1.0179374322509154,-0.9551019781975723,-6.0,0,0,0,0,0,0,0,0,0,0,0,0
0,3,5.0,1,-0.43242425957456854,-0.6617829563253504,0,-0.0007885206500241326,-0.056792510920922974,0.29422425311317907,-0.07705602440045026,-0.7363329358479693,-1.3999884960308033,-1.6455648495780395,-1.7779701967465338,-6.0,0,0,1,0,0,0,0,0,0,0,0,0
0,1,2.0,0,-0.43242425957456854,-0.6617829563253504,0,0.727623857323285,0.01649322852346813,0.29422425311317907,-0.07705602440045026,-0.07650324409664838,0.03147093481303811,1.0442669389667778,-0.08599339998557834,-6.0,0,0,0,0,0,0,0,0,1,0,0,0
0,2,4.0,1,-0.43242425957456854,-0.6617829563253504,0,1.0541535440009755,0.3462790560232281,0.29422425311317907,-0.07705602440045026,-0.12814208953805611,0.14158319872410283,-0.3903100149237914,0.30944251492296865,-6.0,0,0,0,0,0,0,0,0,1,0,0,0
1,1,7.0,1,-0.43242425957456854,-0.6617829563253504,0,-0.6036125575934524,1.1157793201893347,0.29422425311317907,-0.07705602440045026,0.7411118087256406,1.3528181017458147,0.057995283167011503,0.4193927127860634,-6.0,0,0,0,0,0,0,0,0,1,0,0,0
0,1,0.0,1,4.746505449742783,-0.6617829563253504,1,0.2001528249977853,0.4195647954676192,0.29422425311317907,-0.07705602440045026,1.923067604384529,2.013491685212203,0.3269784620214932,0.5951817455486714,-6.0,0,0,0,0,0,0,0,0,0,1,0,0
1,1,4.0,0,-0.43242425957456854,0.8061079627580064,0,-0.05102385706197649,-0.2033639898097052,0.29422425311317907,-0.07705602440045026,-0.6359240697118987,-0.739314912564415,-0.6592931937782731,-0.37795135268753677,-6.0,0,0,1,0,0,0,0,0,0,0,0,0
0,1,6.0,0,-0.43242425957456854,-0.6617829563253504,0,0.12479982037985676,1.0424935807449436,0.29422425311317907,-0.07705602440045026,0.3222633957008891,1.0224813100126207,0.9546058793486173,-0.2035490052561874,-6.0,1,0,0,0,0,0,0,0,0,0,0,0
0,1,4.0,0,-0.43242425957456854,-0.6617829563253504,0,-1.0808482535069999,-2.255364694252656,-2.1244256555430074,-0.07705602440045026,-0.7363329358479693,-1.3999884960308033,-1.6455648495780395,-1.7779701967465338,-6.0,1,0,0,0,0,0,0,0,0,0,0,0
0,2,6.0,0,-0.43242425957456854,2.2739988818413632,0,-3.040026373573142,0.272993316578837,0.29422425311317907,-0.07705602440045026,-0.6330552449651539,-0.9595394403865444,-0.30064895530563085,-0.7306833731387645,-6.0,1,0,0,0,0,0,0,0,0,0,0,0
0,2,0.0,0,-0.43242425957456854,-0.6617829563253504,0,-2.1106726499520234,0.9325649715783569,0.29422425311317907,-0.07705602440045026,-0.4236310384527781,-0.29886585692015605,-0.7489542533964337,-0.22772710846787303,-6.0,0,0,0,0,0,0,0,0,0,0,1,0
0,1,3.0,1,-0.43242425957456854,-0.6617829563253504,0,-2.2864963273938566,0.6760648835229881,0.29422425311317907,-0.07705602440045026,-0.6588746676858578,-1.069651704297609,-1.3765816707235579,-0.20703996133487992,-6.0,0,0,0,0,0,0,0,0,0,0,0,0
0,1,4.0,1,-0.43242425957456854,-0.6617829563253504,0,0.2001528249977853,0.6394220138007926,0.29422425311317907,-0.07705602440045026,-0.4150245642125435,-0.40897812083122076,-0.03166577645114908,0.1593531766540244,-6.0,0,0,0,0,0,0,0,0,1,0,0,0
0,1,0.0,0,6.472815352848567,0.8061079627580064,1,-2.186025654569952,0.7585113403979281,7.5501739790817375,12.321829945392919,-0.6961693893935411,-0.6292026486533502,-1.1972595514872366,-1.0312934799150686,-6.0,0,0,0,1,0,0,0,0,0,0,0,0
0,2,4.0,1,-0.43242425957456854,0.8061079627580064,0,0.5518001798814518,0.9692078413005525,0.29422425311317907,-0.07705602440045026,0.8157012521410074,2.1236039491232677,0.7752837601122962,0.1672245246298191,-6.0,0,0,0,0,0,0,1,0,0,0,0,0
0,3,9.0,1,-0.43242425957456854,0.07216250321632804,0,0.4010941706455947,0.6577434486618903,2.7128741617693652,13.48680135190225,0.1673468593766659,2.6741652686785913,0.6856227004941355,-0.2846167630836035,-6.0,0,0,1,0,0,0,0,0,0,0,0,0
0,3,7.0,1,-0.43242425957456854,0.8061079627580064,0,-0.7040832304173572,0.4928505349120103,0.29422425311317907,-0.07705602440045026,-0.4637945849072064,0.25169546263516757,-0.30064895530563085,-0.7646232239038312,-6.0,0,0,0,0,1,0,0,0,0,0,0,0
1,1,4.0,0,-0.43242425957456854,-0.6617829563253504,1,-0.5784948893874763,0.602779144078597,0.29422425311317907,-0.07705602440045026,-0.5871540490172359,-0.5190903847422855,-0.9282763726327549,-0.49795296789259363,-6.0,0,0,0,0,0,0,0,0,0,1,0,0
0,2,4.0,1,-0.43242425957456854,-0.6617829563253504,0,0.8783298665591421,0.01649322852346813,0.29422425311317907,-0.07705602440045026,0.01816797254593246,0.471919990457297,1.1339279985849384,-0.1437734434038819,-6.0,0,0,1,0,0,0,0,0,0,0,0,0
0,2,3.0,1,-0.43242425957456854,-0.6617829563253504,0,-0.17661219809185738,0.4195647954676192,0.29422425311317907,-0.07705602440045026,-0.08797854308362787,0.9123690461015559,-0.30064895530563085,0.052940523006570595,-6.0,0,0,0,0,0,0,0,0,0,1,0,0
1,1,2.0,0,-0.43242425957456854,-0.6617829563253504,1,-0.8045539032412619,-2.255364694252656,-2.1244256555430074,-0.07705602440045026,-0.678956440913072,-0.8494271764754796,-1.1972595514872366,-0.9246253775105737,-6.0,0,0,0,0,0,0,0,0,0,0,1,0
0,2,0.0,0,-0.43242425957456854,-0.6617829563253504,0,0.7025061891173089,0.12642183769005477,0.29422425311317907,-0.07705602440045026,-0.5154334303486141,-0.739314912564415,-0.8386153130145944,0.04723955550815854,-6.0,0,0,0,0,0,0,0,0,0,0,1,0
0,1,2.0,0,1.2938856435312154,2.2739988818413632,0,-2.2864963273938566,-2.255364694252656,-2.1244256555430074,-0.07705602440045026,-0.7363329358479693,-1.3999884960308033,-1.6455648495780395,-1.7779701967465338,-6.0,0,0,0,0,0,0,0,0,0,0,0,0
0,2,4.0,1,1.2938856435312154,-0.6617829563253504,0,-3.592615074104618,0.045807524301224464,9.968823887737924,28.116963765038467,-0.5928916985107257,-0.8494271764754796,-1.3765816707235579,0.10440808097984895,-6.0,0,0,0,0,0,0,0,0,0,1,0,0
1,2,5.0,0,-0.43242425957456854,2.2739988818413632,0,0.6522708527053566,0.6760648835229881,0.29422425311317907,-0.07705602440045026,-0.3691233682646255,-0.6292026486533502,-0.03166577645114908,-0.23228901473422875,-6.0,0,0,0,0,0,0,0,0,0,0,1,0
0,2,4.0,0,-0.43242425957456854,-0.6617829563253504,0,0.12479982037985676,0.01649322852346813,0.29422425311317907,-0.07705602440045026,-0.7076446883805206,-0.9595394403865444,-1.4662427303417185,-0.49795296789259363,-6.0,0,0,0,0,0,0,0,0,0,0,1,0
1,2,0.0,1,-0.43242425957456854,-0.6617829563253504,0,0.727623857323285,0.4928505349120103,0.29422425311317907,-0.07705602440045026,-0.5928916985107257,-0.6292026486533502,-0.12132683606930966,-0.6745070684241716,-6.0,0,0,0,1,0,0,0,0,0,0,0,0
0,1,7.0,0,1.2938856435312154,-0.6617829563253504,1,-1.0808482535069999,-0.3499354686984874,0.29422425311317907,-0.07705602440045026,-0.5412528530693179,-0.40897812083122076,-0.30064895530563085,-0.32728400404540164,-6.0,0,0,0,0,0,0,0,0,1,0,0,0
0,3,4.0,1,-0.43242425957456854,-0.6617829563253504,0,-0.5784948893874763,0.8226363624117703,0.29422425311317907,-0.07705602440045026,-0.20273153295342283,0.471919990457297,-0.3903100149237914,-0.3437340246571792,-6.0,0,0,1,0,0,0,0,0,0,0,0,0
0,1,4.0,1,-0.43242425957456854,-0.6617829563253504,0,0.8280945301471898,0.30963618630103257,0.29422425311317907,-0.07705602440045026,0.44849168455766353,0.6921445182794265,-0.03166577645114908,0.891964730105372,-6.0,0,0,1,0,0,0,0,0,0,0,0,0
0,2,8.0,1,3.0201955466369994,-0.6617829563253504,0,0.2001528249977853,0.6394220138007926,0.29422425311317907,-0.07705602440045026,-0.6732187914195822,-1.1797639682086738,-0.8386153130145944,-0.3699512450071995,-6.0,0,0,0,0,0,0,0,0,0,1,0,0
0,1,5.0,0,-0.43242425957456854,0.8061079627580064,0,0.8280945301471898,0.3462790560232281,0.29422425311317907,-0.07705602440045026,5.859095156918496,2.894389796500721,-0.12132683606930966,4.404297889671971,-6.0,1,0,0,0,0,0,0,0,0,0,0,0
0,1,5.0,0,-0.43242425957456854,-0.29481022655451117,0,-1.0808482535069999,0.5661362743564015,0.29422425311317907,-0.07705602440045026,-0.17691211023271897,-0.07864132909802661,-0.03166577645114908,0.1720560503356407,-6.0,0,0,0,0,0,0,0,0,0,1,0,0
0,1,4.0,0,-0.43242425957456854,3.9865382874386133,0,0.6773885209113327,0.5294934046342059,0.29422425311317907,-0.07705602440045026,-0.5269087293355936,-0.40897812083122076,-0.479971074541952,-0.5152504980122414,-6.0,0,0,0,0,0,0,1,0,0,0,0,0
0,1,0.0,0,1.2938856435312154,0.8061079627580064,0,0.17503515679180912,-0.4232212081428785,0.29422425311317907,-0.07705602440045026,-0.6359240697118987,-0.9595394403865444,-0.6592931937782731,-0.6579551214993362,-6.0,0,0,1,0,0,0,0,0,0,0,0,0
0,2,6.0,0,1.2938856435312154,0.8061079627580064,0,0.9788005393830469,0.8592792321339658,0.29422425311317907,-0.07705602440045026,-0.6502681934456231,-0.40897812083122076,-0.9282763726327549,-0.7112891727015836,-6.0,0,0,0,0,0,0,0,1,0,0,0,0
0,1,4.0,0,4.746505449742783,4.475835260466399,0,-1.3320249355667617,-2.255364694252656,-2.1244256555430074,-0.07705602440045026,-0.6387928944586436,-1.069651704297609,-0.7489542533964337,-0.49795296789259363,-6.0,0,0,0,0,0,0,0,0,0,0,0,1
